Task_Duration_Days,Labor_Required,Equipment_Units,Material_Cost_USD,Start_Constraint,Risk_Level,Resource_Constraint_Score,Site_Constraint_Score,Dependency_Count,weathercode,temperature_2m_max,temperature_2m_min,temperature_2m_mean,apparent_temperature_max,apparent_temperature_min,apparent_temperature_mean,shortwave_radiation_sum,precipitation_sum,rain_sum,snowfall_sum,precipitation_hours,windspeed_10m_max,windgusts_10m_max,winddirection_10m_dominant,et0_fao_evapotranspiration,Delay_Days
52,14,6,16789.73,0,2,0.41,0.59,4,9.933333333333334,28.84,22.483333333333334,25.506666666666668,32.15,24.89333333333333,28.2,19.875,0.05,0.05,0.0,0.26666666666666666,15.586666666666666,33.75,44.266666666666666,4.4093333333333335,14.925071229516849
15,2,2,16885.8,5,1,0.75,0.17,3,10.066666666666666,27.833333333333332,21.18,24.46333333333333,30.046666666666667,23.053333333333335,26.186666666666667,20.332,0.07,0.07,0.0,0.43333333333333335,16.89666666666667,32.77,63.833333333333336,4.553333333333333,5.472603548243223
72,11,1,7978.7,22,1,0.96,0.41,1,3.1,28.92,21.466666666666665,24.973333333333336,31.66,23.02,27.233333333333334,22.385333333333335,0.006666666666666667,0.006666666666666667,0.0,0.06666666666666667,14.120000000000001,31.016666666666666,38.13333333333333,4.736999999999999,9.404866140484373
61,1,5,19379.02,18,1,0.41,0.67,4,47.2,29.173333333333332,22.970000000000002,25.62,33.92666666666666,25.826666666666664,29.123333333333335,19.062333333333335,2.3333333333333335,2.3333333333333335,0.0,2.8333333333333335,13.379999999999999,31.2,43.46666666666667,4.036,18.49121145127871
21,19,5,66757.72,22,1,0.85,0.63,3,3.1,28.92,21.466666666666665,24.973333333333336,31.66,23.02,27.233333333333334,22.385333333333335,0.006666666666666667,0.006666666666666667,0.0,0.06666666666666667,14.120000000000001,31.016666666666666,38.13333333333333,4.736999999999999,10.72210327124833
83,4,2,88287.37,10,0,0.24,0.6,2,39.7,28.83,22.253333333333334,25.67,34.913333333333334,26.383333333333333,30.616666666666667,20.032666666666668,0.5633333333333332,0.5633333333333332,0.0,3.1,7.319999999999999,18.490000000000002,163.93333333333334,3.975333333333333,7.975461231242895
87,19,6,81598.44,10,1,0.63,0.33,0,39.7,28.83,22.253333333333334,25.67,34.913333333333334,26.383333333333333,30.616666666666667,20.032666666666668,0.5633333333333332,0.5633333333333332,0.0,3.1,7.319999999999999,18.490000000000002,163.93333333333334,3.975333333333333,10.955485889927754
75,11,9,68828.3,22,1,0.26,0.4,1,3.1,28.92,21.466666666666665,24.973333333333336,31.66,23.02,27.233333333333334,22.385333333333335,0.006666666666666667,0.006666666666666667,0.0,0.06666666666666667,14.120000000000001,31.016666666666666,38.13333333333333,4.736999999999999,9.464485427062698
75,8,2,11932.75,29,1,0.95,0.18,0,58.166666666666664,27.976666666666667,22.543333333333333,24.973333333333336,30.52,25.103333333333335,27.55666666666667,11.023666666666665,26.796666666666667,26.796666666666667,0.0,9.733333333333333,16.936666666666664,38.629999999999995,42.4,2.8523333333333336,58.5491217544309
88,11,2,29629.56,12,2,0.81,0.68,2,56.333333333333336,28.956666666666667,23.14,25.56,35.406666666666666,27.62,30.503333333333334,18.640666666666668,2.9433333333333334,2.9433333333333334,0.0,7.466666666666667,8.383333333333333,23.90666666666667,115.3,3.710666666666667,21.860506732045614
24,4,3,31670.88,10,1,0.73,0.5,4,39.7,28.83,22.253333333333334,25.67,34.913333333333334,26.383333333333333,30.616666666666667,20.032666666666668,0.5633333333333332,0.5633333333333332,0.0,3.1,7.319999999999999,18.490000000000002,163.93333333333334,3.975333333333333,9.931540127447974
3,17,7,25745.74,17,2,0.86,0.67,4,53.9,27.946666666666665,23.273333333333333,25.183333333333334,32.056666666666665,26.423333333333336,28.69,15.520999999999999,3.066666666666667,3.066666666666667,0.0,5.566666666666666,12.430000000000001,30.836666666666666,36.06666666666667,3.293,20.474738702977948
22,7,6,51985.56,22,1,0.72,0.3,2,3.1,28.92,21.466666666666665,24.973333333333336,31.66,23.02,27.233333333333334,22.385333333333335,0.006666666666666667,0.006666666666666667,0.0,0.06666666666666667,14.120000000000001,31.016666666666666,38.13333333333333,4.736999999999999,7.476276740682384
53,8,8,54019.83,14,1,0.98,0.36,2,6.0,29.163333333333334,22.779999999999998,25.636666666666667,32.87,25.456666666666667,28.433333333333334,21.76066666666667,0.05,0.05,0.0,0.23333333333333334,14.883333333333333,31.34333333333333,45.7,4.713666666666667,5.050079633013303
2,3,8,36331.71,0,1,0.77,0.37,1,9.933333333333334,28.84,22.483333333333334,25.506666666666668,32.15,24.89333333333333,28.2,19.875,0.05,0.05,0.0,0.26666666666666666,15.586666666666666,33.75,44.266666666666666,4.4093333333333335,5.45262325123045
88,2,6,36025.13,20,0,0.94,0.12,3,5.566666666666666,29.123333333333335,21.916666666666668,25.313333333333333,32.1,24.029999999999998,27.490000000000002,21.885666666666665,0.15,0.15,0.0,0.7,16.486666666666668,34.14666666666667,42.666666666666664,4.899,0.896568706138541
30,15,3,83027.0,24,0,0.61,0.37,0,9.066666666666666,29.613333333333333,22.453333333333333,25.956666666666667,33.31666666666667,25.69333333333333,29.25,20.462333333333333,0.05,0.05,0.0,0.36666666666666664,11.733333333333333,27.533333333333335,38.833333333333336,4.350666666666667,3.0207533194983633
38,5,3,79139.99,6,1,0.29,0.74,0,23.533333333333335,28.206666666666667,21.740000000000002,25.15666666666667,31.94333333333333,24.066666666666666,27.883333333333333,18.336000000000002,1.1700000000000002,1.1700000000000002,0.0,1.3333333333333333,14.1,27.986666666666668,92.8,4.055000000000001,15.191370998892909
2,1,1,31471.79,22,2,0.62,0.82,4,3.1,28.92,21.466666666666665,24.973333333333336,31.66,23.02,27.233333333333334,22.385333333333335,0.006666666666666667,0.006666666666666667,0.0,0.06666666666666667,14.120000000000001,31.016666666666666,38.13333333333333,4.736999999999999,15.491297220051516
64,4,7,91465.06,26,0,0.3,0.51,4,39.1,30.076666666666664,23.236666666666668,26.336666666666666,34.57333333333334,26.676666666666666,30.05666666666667,19.670666666666666,0.9966666666666666,0.9966666666666666,0.0,3.7666666666666666,13.75,31.466666666666665,43.3,4.147,5.994877781330397
60,15,5,95328.69,12,1,0.67,0.46,1,56.333333333333336,28.956666666666667,23.14,25.56,35.406666666666666,27.62,30.503333333333334,18.640666666666668,2.9433333333333334,2.9433333333333334,0.0,7.466666666666667,8.383333333333333,23.90666666666667,115.3,3.710666666666667,17.105139820048997
21,19,4,33347.51,11,0,0.59,0.12,2,59.93333333333333,28.80666666666667,22.923333333333336,25.496666666666666,35.016666666666666,27.523333333333333,30.466666666666665,19.56833333333333,5.35,5.35,0.0,7.166666666666667,9.033333333333333,22.42666666666667,32.53333333333333,3.852333333333333,11.801335549270195
33,3,4,36088.07,17,1,0.7,0.8,0,53.9,27.946666666666665,23.273333333333333,25.183333333333334,32.056666666666665,26.423333333333336,28.69,15.520999999999999,3.066666666666667,3.066666666666667,0.0,5.566666666666666,12.430000000000001,30.836666666666666,36.06666666666667,3.293,19.33462564036522
76,11,4,51057.78,23,0,0.21,0.11,1,14.066666666666666,28.873333333333335,21.959999999999997,25.516666666666666,32.5,24.633333333333333,28.56,19.76833333333333,0.14666666666666667,0.14666666666666667,0.0,0.8333333333333334,9.656666666666666,23.10666666666667,104.53333333333333,4.1690000000000005,0.0
58,17,6,94170.96,18,2,0.36,0.86,4,47.2,29.173333333333332,22.970000000000002,25.62,33.92666666666666,25.826666666666664,29.123333333333335,19.062333333333335,2.3333333333333335,2.3333333333333335,0.0,2.8333333333333335,13.379999999999999,31.2,43.46666666666667,4.036,21.170092579878894
22,13,8,87755.62,14,0,0.59,0.49,4,6.0,29.163333333333334,22.779999999999998,25.636666666666667,32.87,25.456666666666667,28.433333333333334,21.76066666666667,0.05,0.05,0.0,0.23333333333333334,14.883333333333333,31.34333333333333,45.7,4.713666666666667,6.1463838845647984
89,11,8,11154.23,7,2,0.96,0.37,0,51.733333333333334,27.433333333333334,22.92,24.993333333333332,31.34,25.946666666666665,28.846666666666668,12.513,5.489999999999999,5.489999999999999,0.0,6.7,13.476666666666667,25.9,78.1,2.6566666666666667,20.69350963386654
49,2,5,39880.34,18,1,0.51,0.84,4,47.2,29.173333333333332,22.970000000000002,25.62,33.92666666666666,25.826666666666664,29.123333333333335,19.062333333333335,2.3333333333333335,2.3333333333333335,0.0,2.8333333333333335,13.379999999999999,31.2,43.46666666666667,4.036,18.810213694185176
59,9,6,55783.75,9,0,0.54,0.12,4,44.233333333333334,29.076666666666664,22.41,25.60666666666667,34.63666666666666,26.59,30.316666666666666,19.968999999999998,1.12,1.12,0.0,2.466666666666667,8.346666666666668,21.183333333333334,82.76666666666667,3.96,2.7790419651217926
42,2,4,50810.11,6,1,0.77,0.57,3,23.533333333333335,28.206666666666667,21.740000000000002,25.15666666666667,31.94333333333333,24.066666666666666,27.883333333333333,18.336000000000002,1.1700000000000002,1.1700000000000002,0.0,1.3333333333333333,14.1,27.986666666666668,92.8,4.055000000000001,12.242459375310084
60,9,9,20192.44,17,1,0.68,0.54,2,53.9,27.946666666666665,23.273333333333333,25.183333333333334,32.056666666666665,26.423333333333336,28.69,15.520999999999999,3.066666666666667,3.066666666666667,0.0,5.566666666666666,12.430000000000001,30.836666666666666,36.06666666666667,3.293,15.210773414989237
80,9,8,86022.86,15,2,0.44,0.28,4,52.266666666666666,29.14,23.133333333333333,25.6,33.346666666666664,25.706666666666667,29.06,18.88133333333333,2.17,2.17,0.0,5.066666666666666,15.993333333333334,36.37,36.6,3.9153333333333338,17.478417276763405
15,8,1,68017.14,19,2,0.53,0.44,3,5.866666666666666,29.353333333333335,22.573333333333334,25.69,33.15,24.793333333333333,28.433333333333334,21.775333333333332,0.010000000000000002,0.010000000000000002,0.0,0.1,13.416666666666666,29.13,59.266666666666666,4.743333333333334,12.2797541628931
62,17,2,83952.93,26,0,0.37,0.62,1,39.1,30.076666666666664,23.236666666666668,26.336666666666666,34.57333333333334,26.676666666666666,30.05666666666667,19.670666666666666,0.9966666666666666,0.9966666666666666,0.0,3.7666666666666666,13.75,31.466666666666665,43.3,4.147,7.846766939899483
62,1,9,86017.66,5,1,0.97,0.68,4,10.066666666666666,27.833333333333332,21.18,24.46333333333333,30.046666666666667,23.053333333333335,26.186666666666667,20.332,0.07,0.07,0.0,0.43333333333333335,16.89666666666667,32.77,63.833333333333336,4.553333333333333,13.033817368154784
47,11,8,75087.23,26,2,0.3,0.1,1,39.1,30.076666666666664,23.236666666666668,26.336666666666666,34.57333333333334,26.676666666666666,30.05666666666667,19.670666666666666,0.9966666666666666,0.9966666666666666,0.0,3.7666666666666666,13.75,31.466666666666665,43.3,4.147,8.362067858376799
62,8,3,44481.85,8,2,0.5,0.85,4,56.06666666666667,28.55666666666667,22.85666666666667,25.453333333333333,34.406666666666666,26.990000000000002,30.283333333333335,17.662333333333333,3.2766666666666664,3.2766666666666664,0.0,6.733333333333333,11.053333333333335,28.49,146.4,3.4739999999999998,24.066628725840463
51,10,8,61444.13,20,1,0.22,0.23,0,5.566666666666666,29.123333333333335,21.916666666666668,25.313333333333333,32.1,24.029999999999998,27.490000000000002,21.885666666666665,0.15,0.15,0.0,0.7,16.486666666666668,34.14666666666667,42.666666666666664,4.899,3.6204948141803373
55,7,1,16876.18,12,1,0.38,0.29,3,56.333333333333336,28.956666666666667,23.14,25.56,35.406666666666666,27.62,30.503333333333334,18.640666666666668,2.9433333333333334,2.9433333333333334,0.0,7.466666666666667,8.383333333333333,23.90666666666667,115.3,3.710666666666667,10.874387593319021
64,3,4,67690.9,24,1,0.82,0.31,3,9.066666666666666,29.613333333333333,22.453333333333333,25.956666666666667,33.31666666666667,25.69333333333333,29.25,20.462333333333333,0.05,0.05,0.0,0.36666666666666664,11.733333333333333,27.533333333333335,38.833333333333336,4.350666666666667,7.615291853803686
3,3,3,18746.07,20,1,0.36,0.13,0,5.566666666666666,29.123333333333335,21.916666666666668,25.313333333333333,32.1,24.029999999999998,27.490000000000002,21.885666666666665,0.15,0.15,0.0,0.7,16.486666666666668,34.14666666666667,42.666666666666664,4.899,6.467699869993115
51,18,6,69701.01,25,0,0.26,0.2,2,4.433333333333334,30.363333333333333,22.87,26.34,34.72666666666667,26.243333333333332,29.9,22.631666666666668,0.060000000000000005,0.060000000000000005,0.0,0.4,10.770000000000001,25.31,61.43333333333333,4.747333333333333,2.777052421784956
7,5,7,23730.22,7,2,0.58,0.89,3,51.733333333333334,27.433333333333334,22.92,24.993333333333332,31.34,25.946666666666665,28.846666666666668,12.513,5.489999999999999,5.489999999999999,0.0,6.7,13.476666666666667,25.9,78.1,2.6566666666666667,28.486527576417636
21,12,4,12637.58,15,2,0.21,0.35,1,52.266666666666666,29.14,23.133333333333333,25.6,33.346666666666664,25.706666666666667,29.06,18.88133333333333,2.17,2.17,0.0,5.066666666666666,15.993333333333334,36.37,36.6,3.9153333333333338,15.088344456616065
73,12,7,17363.16,12,0,0.27,0.19,3,56.333333333333336,28.956666666666667,23.14,25.56,35.406666666666666,27.62,30.503333333333334,18.640666666666668,2.9433333333333334,2.9433333333333334,0.0,7.466666666666667,8.383333333333333,23.90666666666667,115.3,3.710666666666667,5.948883681115527
39,19,9,1197.22,12,1,0.85,0.19,2,56.333333333333336,28.956666666666667,23.14,25.56,35.406666666666666,27.62,30.503333333333334,18.640666666666668,2.9433333333333334,2.9433333333333334,0.0,7.466666666666667,8.383333333333333,23.90666666666667,115.3,3.710666666666667,10.586900354074604
18,6,2,72155.22,16,0,0.82,0.68,1,52.03333333333333,28.456666666666667,23.496666666666666,25.516666666666666,31.80666666666667,26.57,28.706666666666667,16.343333333333334,2.46,2.46,0.0,4.533333333333333,17.233333333333334,38.15,29.433333333333334,3.5396666666666667,12.38904184356032
4,2,3,73507.7,22,1,0.93,0.78,1,3.1,28.92,21.466666666666665,24.973333333333336,31.66,23.02,27.233333333333334,22.385333333333335,0.006666666666666667,0.006666666666666667,0.0,0.06666666666666667,14.120000000000001,31.016666666666666,38.13333333333333,4.736999999999999,14.459016672661706
89,12,5,51978.4,19,0,0.88,0.31,0,5.866666666666666,29.353333333333335,22.573333333333334,25.69,33.15,24.793333333333333,28.433333333333334,21.775333333333332,0.010000000000000002,0.010000000000000002,0.0,0.1,13.416666666666666,29.13,59.266666666666666,4.743333333333334,4.255427434352692
60,19,3,16974.92,4,1,0.75,0.12,4,6.366666666666666,27.506666666666668,21.0,24.19,30.02,22.923333333333336,26.07,22.589666666666666,0.07666666666666666,0.07666666666666666,0.0,0.4666666666666667,15.903333333333332,32.46666666666667,145.63333333333333,4.755333333333334,2.448773100289233
14,5,8,9271.88,21,0,0.24,0.28,0,5.6,29.27,21.509999999999998,25.14333333333333,31.953333333333333,23.316666666666666,27.303333333333335,23.029999999999998,0.010000000000000002,0.010000000000000002,0.0,0.1,15.493333333333334,33.36,38.833333333333336,5.002666666666667,3.866125954092193
9,12,8,2893.77,20,1,0.83,0.15,4,5.566666666666666,29.123333333333335,21.916666666666668,25.313333333333333,32.1,24.029999999999998,27.490000000000002,21.885666666666665,0.15,0.15,0.0,0.7,16.486666666666668,34.14666666666667,42.666666666666664,4.899,5.022376579375525
53,17,8,17409.07,27,1,0.88,0.18,0,31.433333333333334,30.266666666666666,23.636666666666667,26.673333333333336,33.86,26.21333333333333,29.623333333333335,20.294,0.25666666666666665,0.25666666666666665,0.0,1.5666666666666667,17.416666666666668,36.85,46.166666666666664,4.651333333333333,5.157950332874396
2,17,9,89194.7,16,2,0.84,0.45,4,52.03333333333333,28.456666666666667,23.496666666666666,25.516666666666666,31.80666666666667,26.57,28.706666666666667,16.343333333333334,2.46,2.46,0.0,4.533333333333333,17.233333333333334,38.15,29.433333333333334,3.5396666666666667,18.237514433261303
84,10,4,24912.15,27,1,0.61,0.28,3,31.433333333333334,30.266666666666666,23.636666666666667,26.673333333333336,33.86,26.21333333333333,29.623333333333335,20.294,0.25666666666666665,0.25666666666666665,0.0,1.5666666666666667,17.416666666666668,36.85,46.166666666666664,4.651333333333333,8.91983261707726
60,17,5,36072.86,8,2,0.39,0.51,1,56.06666666666667,28.55666666666667,22.85666666666667,25.453333333333333,34.406666666666666,26.990000000000002,30.283333333333335,17.662333333333333,3.2766666666666664,3.2766666666666664,0.0,6.733333333333333,11.053333333333335,28.49,146.4,3.4739999999999998,21.07025351200763
71,15,5,11429.2,1,1,0.88,0.3,4,28.0,28.723333333333336,23.116666666666667,25.486666666666668,32.17,25.87,28.69,17.647333333333332,0.36333333333333334,0.36333333333333334,0.0,1.9333333333333333,15.229999999999999,31.986666666666668,63.63333333333333,3.8056666666666668,6.567840381832708
44,12,8,23013.77,24,2,0.78,0.85,3,9.066666666666666,29.613333333333333,22.453333333333333,25.956666666666667,33.31666666666667,25.69333333333333,29.25,20.462333333333333,0.05,0.05,0.0,0.36666666666666664,11.733333333333333,27.533333333333335,38.833333333333336,4.350666666666667,16.836181436223175
8,16,7,52403.23,25,1,0.98,0.82,2,4.433333333333334,30.363333333333333,22.87,26.34,34.72666666666667,26.243333333333332,29.9,22.631666666666668,0.060000000000000005,0.060000000000000005,0.0,0.4,10.770000000000001,25.31,61.43333333333333,4.747333333333333,13.956895147105346
47,19,9,61167.52,17,1,0.32,0.55,0,53.9,27.946666666666665,23.273333333333333,25.183333333333334,32.056666666666665,26.423333333333336,28.69,15.520999999999999,3.066666666666667,3.066666666666667,0.0,5.566666666666666,12.430000000000001,30.836666666666666,36.06666666666667,3.293,17.696651024016873
35,8,8,25289.88,8,1,0.38,0.38,2,56.06666666666667,28.55666666666667,22.85666666666667,25.453333333333333,34.406666666666666,26.990000000000002,30.283333333333335,17.662333333333333,3.2766666666666664,3.2766666666666664,0.0,6.733333333333333,11.053333333333335,28.49,146.4,3.4739999999999998,13.894571976565398
78,17,2,6715.48,5,1,0.37,0.4,3,10.066666666666666,27.833333333333332,21.18,24.46333333333333,30.046666666666667,23.053333333333335,26.186666666666667,20.332,0.07,0.07,0.0,0.43333333333333335,16.89666666666667,32.77,63.833333333333336,4.553333333333333,8.161511535004276
81,5,4,39712.25,10,1,0.83,0.43,2,39.7,28.83,22.253333333333334,25.67,34.913333333333334,26.383333333333333,30.616666666666667,20.032666666666668,0.5633333333333332,0.5633333333333332,0.0,3.1,7.319999999999999,18.490000000000002,163.93333333333334,3.975333333333333,8.127164205657625
36,16,6,24186.13,24,1,0.35,0.68,2,9.066666666666666,29.613333333333333,22.453333333333333,25.956666666666667,33.31666666666667,25.69333333333333,29.25,20.462333333333333,0.05,0.05,0.0,0.36666666666666664,11.733333333333333,27.533333333333335,38.833333333333336,4.350666666666667,9.965690063878993
50,6,2,22735.84,28,1,0.25,0.46,3,17.566666666666666,30.466666666666665,23.623333333333335,26.623333333333335,33.553333333333335,25.996666666666666,29.15,19.854333333333333,0.5366666666666667,0.5366666666666667,0.0,1.8666666666666667,17.546666666666667,38.43666666666666,34.166666666666664,4.806333333333333,11.31212206692463
4,8,7,96026.42,5,1,1.0,0.79,1,10.066666666666666,27.833333333333332,21.18,24.46333333333333,30.046666666666667,23.053333333333335,26.186666666666667,20.332,0.07,0.07,0.0,0.43333333333333335,16.89666666666667,32.77,63.833333333333336,4.553333333333333,15.154360042856236
2,18,3,62013.75,5,2,0.22,0.86,4,10.066666666666666,27.833333333333332,21.18,24.46333333333333,30.046666666666667,23.053333333333335,26.186666666666667,20.332,0.07,0.07,0.0,0.43333333333333335,16.89666666666667,32.77,63.833333333333336,4.553333333333333,17.3519848176295
6,12,3,56130.97,12,0,0.87,0.37,0,56.333333333333336,28.956666666666667,23.14,25.56,35.406666666666666,27.62,30.503333333333334,18.640666666666668,2.9433333333333334,2.9433333333333334,0.0,7.466666666666667,8.383333333333333,23.90666666666667,115.3,3.710666666666667,11.831966013504703
54,15,2,42161.74,10,1,0.49,0.55,4,39.7,28.83,22.253333333333334,25.67,34.913333333333334,26.383333333333333,30.616666666666667,20.032666666666668,0.5633333333333332,0.5633333333333332,0.0,3.1,7.319999999999999,18.490000000000002,163.93333333333334,3.975333333333333,11.769120704238118
4,9,8,43465.49,13,2,0.87,0.18,0,53.06666666666667,29.246666666666666,22.82,25.64,34.93333333333333,26.636666666666667,30.086666666666666,19.803,2.06,2.06,0.0,2.966666666666667,12.696666666666665,30.290000000000003,71.5,3.99,12.312320368092315
54,13,6,54549.6,1,2,0.64,0.26,4,28.0,28.723333333333336,23.116666666666667,25.486666666666668,32.17,25.87,28.69,17.647333333333332,0.36333333333333334,0.36333333333333334,0.0,1.9333333333333333,15.229999999999999,31.986666666666668,63.63333333333333,3.8056666666666668,11.388760074929289
63,15,1,69946.55,7,1,0.92,0.43,2,51.733333333333334,27.433333333333334,22.92,24.993333333333332,31.34,25.946666666666665,28.846666666666668,12.513,5.489999999999999,5.489999999999999,0.0,6.7,13.476666666666667,25.9,78.1,2.6566666666666667,21.947054849698954
18,10,1,70512.46,2,2,0.94,0.26,1,51.13333333333333,28.14,22.793333333333333,25.113333333333333,32.153333333333336,25.793333333333333,28.5,16.794333333333334,0.9433333333333334,0.9433333333333334,0.0,4.433333333333334,14.323333333333332,30.470000000000002,44.43333333333333,3.5106666666666664,11.95292760800174
44,16,7,17997.7,22,1,0.21,0.8,2,3.1,28.92,21.466666666666665,24.973333333333336,31.66,23.02,27.233333333333334,22.385333333333335,0.006666666666666667,0.006666666666666667,0.0,0.06666666666666667,14.120000000000001,31.016666666666666,38.13333333333333,4.736999999999999,15.460298817054344
34,7,8,50511.16,20,2,0.26,0.23,1,5.566666666666666,29.123333333333335,21.916666666666668,25.313333333333333,32.1,24.029999999999998,27.490000000000002,21.885666666666665,0.15,0.15,0.0,0.7,16.486666666666668,34.14666666666667,42.666666666666664,4.899,6.130382343865384
74,17,5,41783.85,2,1,0.4,0.46,3,51.13333333333333,28.14,22.793333333333333,25.113333333333333,32.153333333333336,25.793333333333333,28.5,16.794333333333334,0.9433333333333334,0.9433333333333334,0.0,4.433333333333334,14.323333333333332,30.470000000000002,44.43333333333333,3.5106666666666664,12.139520423229502
62,7,5,87182.17,0,2,0.74,0.58,0,9.933333333333334,28.84,22.483333333333334,25.506666666666668,32.15,24.89333333333333,28.2,19.875,0.05,0.05,0.0,0.26666666666666666,15.586666666666666,33.75,44.266666666666666,4.4093333333333335,14.190570602357255
14,14,4,63510.47,23,2,0.91,0.65,0,14.066666666666666,28.873333333333335,21.959999999999997,25.516666666666666,32.5,24.633333333333333,28.56,19.76833333333333,0.14666666666666667,0.14666666666666667,0.0,0.8333333333333334,9.656666666666666,23.10666666666667,104.53333333333333,4.1690000000000005,14.644822307634533
48,15,6,53717.9,18,1,0.57,0.41,3,47.2,29.173333333333332,22.970000000000002,25.62,33.92666666666666,25.826666666666664,29.123333333333335,19.062333333333335,2.3333333333333335,2.3333333333333335,0.0,2.8333333333333335,13.379999999999999,31.2,43.46666666666667,4.036,13.224307831469922
15,7,6,12424.07,17,1,0.69,0.8,4,53.9,27.946666666666665,23.273333333333333,25.183333333333334,32.056666666666665,26.423333333333336,28.69,15.520999999999999,3.066666666666667,3.066666666666667,0.0,5.566666666666666,12.430000000000001,30.836666666666666,36.06666666666667,3.293,16.251979961431996
72,9,3,60958.15,16,0,0.35,0.55,3,52.03333333333333,28.456666666666667,23.496666666666666,25.516666666666666,31.80666666666667,26.57,28.706666666666667,16.343333333333334,2.46,2.46,0.0,4.533333333333333,17.233333333333334,38.15,29.433333333333334,3.5396666666666667,11.19049216824373
78,19,9,12603.19,19,1,0.84,0.45,3,5.866666666666666,29.353333333333335,22.573333333333334,25.69,33.15,24.793333333333333,28.433333333333334,21.775333333333332,0.010000000000000002,0.010000000000000002,0.0,0.1,13.416666666666666,29.13,59.266666666666666,4.743333333333334,9.45566885726762
87,16,7,34383.45,28,2,0.97,0.15,1,17.566666666666666,30.466666666666665,23.623333333333335,26.623333333333335,33.553333333333335,25.996666666666666,29.15,19.854333333333333,0.5366666666666667,0.5366666666666667,0.0,1.8666666666666667,17.546666666666667,38.43666666666666,34.166666666666664,4.806333333333333,12.090174400445608
62,8,1,15141.35,23,0,0.41,0.47,3,14.066666666666666,28.873333333333335,21.959999999999997,25.516666666666666,32.5,24.633333333333333,28.56,19.76833333333333,0.14666666666666667,0.14666666666666667,0.0,0.8333333333333334,9.656666666666666,23.10666666666667,104.53333333333333,4.1690000000000005,5.155928005922862
40,18,7,69515.29,12,2,0.6,0.76,0,56.333333333333336,28.956666666666667,23.14,25.56,35.406666666666666,27.62,30.503333333333334,18.640666666666668,2.9433333333333334,2.9433333333333334,0.0,7.466666666666667,8.383333333333333,23.90666666666667,115.3,3.710666666666667,20.793926262326885
85,18,5,21418.96,2,2,0.27,0.59,2,51.13333333333333,28.14,22.793333333333333,25.113333333333333,32.153333333333336,25.793333333333333,28.5,16.794333333333334,0.9433333333333334,0.9433333333333334,0.0,4.433333333333334,14.323333333333332,30.470000000000002,44.43333333333333,3.5106666666666664,15.214031101289862
80,7,5,39794.08,29,2,0.65,0.77,1,58.166666666666664,27.976666666666667,22.543333333333333,24.973333333333336,30.52,25.103333333333335,27.55666666666667,11.023666666666665,26.796666666666667,26.796666666666667,0.0,9.733333333333333,16.936666666666664,38.629999999999995,42.4,2.8523333333333336,71.20643650988644
82,3,2,89671.8,0,0,0.6,0.5,1,9.933333333333334,28.84,22.483333333333334,25.506666666666668,32.15,24.89333333333333,28.2,19.875,0.05,0.05,0.0,0.26666666666666666,15.586666666666666,33.75,44.266666666666666,4.4093333333333335,6.593126664489526
53,18,4,21227.32,3,1,0.32,0.19,4,16.133333333333333,27.81,21.666666666666668,24.716666666666665,30.85,23.65666666666667,27.313333333333333,16.785666666666668,0.45666666666666667,0.45666666666666667,0.0,1.2666666666666666,14.893333333333334,32.52333333333333,167.1,3.701333333333333,5.898693027682775
24,10,6,51272.7,24,1,0.55,0.11,2,9.066666666666666,29.613333333333333,22.453333333333333,25.956666666666667,33.31666666666667,25.69333333333333,29.25,20.462333333333333,0.05,0.05,0.0,0.36666666666666664,11.733333333333333,27.533333333333335,38.833333333333336,4.350666666666667,5.689901149670034
26,7,7,42507.89,12,1,0.47,0.34,1,56.333333333333336,28.956666666666667,23.14,25.56,35.406666666666666,27.62,30.503333333333334,18.640666666666668,2.9433333333333334,2.9433333333333334,0.0,7.466666666666667,8.383333333333333,23.90666666666667,115.3,3.710666666666667,13.612282990688728
89,17,5,2794.28,16,0,0.62,0.66,3,52.03333333333333,28.456666666666667,23.496666666666666,25.516666666666666,31.80666666666667,26.57,28.706666666666667,16.343333333333334,2.46,2.46,0.0,4.533333333333333,17.233333333333334,38.15,29.433333333333334,3.5396666666666667,14.292967485799334
60,14,9,79483.05,27,2,0.67,0.73,1,31.433333333333334,30.266666666666666,23.636666666666667,26.673333333333336,33.86,26.21333333333333,29.623333333333335,20.294,0.25666666666666665,0.25666666666666665,0.0,1.5666666666666667,17.416666666666668,36.85,46.166666666666664,4.651333333333333,15.220253692517305
41,3,3,7835.54,29,1,0.21,0.34,1,58.166666666666664,27.976666666666667,22.543333333333333,24.973333333333336,30.52,25.103333333333335,27.55666666666667,11.023666666666665,26.796666666666667,26.796666666666667,0.0,9.733333333333333,16.936666666666664,38.629999999999995,42.4,2.8523333333333336,60.68184011343668
29,12,1,47951.25,10,0,0.81,0.5,1,39.7,28.83,22.253333333333334,25.67,34.913333333333334,26.383333333333333,30.616666666666667,20.032666666666668,0.5633333333333332,0.5633333333333332,0.0,3.1,7.319999999999999,18.490000000000002,163.93333333333334,3.975333333333333,6.538504436968431
15,13,4,56507.15,1,1,0.77,0.44,4,28.0,28.723333333333336,23.116666666666667,25.486666666666668,32.17,25.87,28.69,17.647333333333332,0.36333333333333334,0.36333333333333334,0.0,1.9333333333333333,15.229999999999999,31.986666666666668,63.63333333333333,3.8056666666666668,7.31139424446849
45,2,9,63214.22,24,1,0.49,0.43,1,9.066666666666666,29.613333333333333,22.453333333333333,25.956666666666667,33.31666666666667,25.69333333333333,29.25,20.462333333333333,0.05,0.05,0.0,0.36666666666666664,11.733333333333333,27.533333333333335,38.833333333333336,4.350666666666667,9.204180415596865
65,3,4,69174.53,15,2,0.24,0.29,1,52.266666666666666,29.14,23.133333333333333,25.6,33.346666666666664,25.706666666666667,29.06,18.88133333333333,2.17,2.17,0.0,5.066666666666666,15.993333333333334,36.37,36.6,3.9153333333333338,15.211582908269834
89,5,2,26073.97,1,1,0.8,0.21,4,28.0,28.723333333333336,23.116666666666667,25.486666666666668,32.17,25.87,28.69,17.647333333333332,0.36333333333333334,0.36333333333333334,0.0,1.9333333333333333,15.229999999999999,31.986666666666668,63.63333333333333,3.8056666666666668,6.754336851630358
71,11,5,1987.9,28,0,0.96,0.26,2,17.566666666666666,30.466666666666665,23.623333333333335,26.623333333333335,33.553333333333335,25.996666666666666,29.15,19.854333333333333,0.5366666666666667,0.5366666666666667,0.0,1.8666666666666667,17.546666666666667,38.43666666666666,34.166666666666664,4.806333333333333,3.841452633270613
9,8,3,72620.92,18,1,0.39,0.14,0,47.2,29.173333333333332,22.970000000000002,25.62,33.92666666666666,25.826666666666664,29.123333333333335,19.062333333333335,2.3333333333333335,2.3333333333333335,0.0,2.8333333333333335,13.379999999999999,31.2,43.46666666666667,4.036,7.723610553591046
88,12,9,54030.0,22,0,0.46,0.26,4,3.1,28.92,21.466666666666665,24.973333333333336,31.66,23.02,27.233333333333334,22.385333333333335,0.006666666666666667,0.006666666666666667,0.0,0.06666666666666667,14.120000000000001,31.016666666666666,38.13333333333333,4.736999999999999,2.5023653491852946
1,7,4,83775.65,18,2,0.35,0.11,4,47.2,29.173333333333332,22.970000000000002,25.62,33.92666666666666,25.826666666666664,29.123333333333335,19.062333333333335,2.3333333333333335,2.3333333333333335,0.0,2.8333333333333335,13.379999999999999,31.2,43.46666666666667,4.036,12.472594891876515
8,15,6,82317.45,24,1,0.66,0.6,1,9.066666666666666,29.613333333333333,22.453333333333333,25.956666666666667,33.31666666666667,25.69333333333333,29.25,20.462333333333333,0.05,0.05,0.0,0.36666666666666664,11.733333333333333,27.533333333333335,38.833333333333336,4.350666666666667,9.59658409616757
88,17,2,84489.29,15,0,0.32,0.35,1,52.266666666666666,29.14,23.133333333333333,25.6,33.346666666666664,25.706666666666667,29.06,18.88133333333333,2.17,2.17,0.0,5.066666666666666,15.993333333333334,36.37,36.6,3.9153333333333338,8.298071432500986
63,4,6,49024.37,21,2,0.48,0.88,0,5.6,29.27,21.509999999999998,25.14333333333333,31.953333333333333,23.316666666666666,27.303333333333335,23.029999999999998,0.010000000000000002,0.010000000000000002,0.0,0.1,15.493333333333334,33.36,38.833333333333336,5.002666666666667,18.186076285221805
11,13,3,34029.21,18,1,0.76,0.25,1,47.2,29.173333333333332,22.970000000000002,25.62,33.92666666666666,25.826666666666664,29.123333333333335,19.062333333333335,2.3333333333333335,2.3333333333333335,0.0,2.8333333333333335,13.379999999999999,31.2,43.46666666666667,4.036,13.995945518482463
81,18,9,79364.26,8,1,0.65,0.38,3,56.06666666666667,28.55666666666667,22.85666666666667,25.453333333333333,34.406666666666666,26.990000000000002,30.283333333333335,17.662333333333333,3.2766666666666664,3.2766666666666664,0.0,6.733333333333333,11.053333333333335,28.49,146.4,3.4739999999999998,14.875200052581091
8,1,2,45678.12,0,0,0.51,0.39,1,9.933333333333334,28.84,22.483333333333334,25.506666666666668,32.15,24.89333333333333,28.2,19.875,0.05,0.05,0.0,0.26666666666666666,15.586666666666666,33.75,44.266666666666666,4.4093333333333335,5.166325586084146
35,16,9,19160.78,9,1,0.54,0.11,1,44.233333333333334,29.076666666666664,22.41,25.60666666666667,34.63666666666666,26.59,30.316666666666666,19.968999999999998,1.12,1.12,0.0,2.466666666666667,8.346666666666668,21.183333333333334,82.76666666666667,3.96,6.94833112635075
35,13,5,85642.43,18,1,0.65,0.77,3,47.2,29.173333333333332,22.970000000000002,25.62,33.92666666666666,25.826666666666664,29.123333333333335,19.062333333333335,2.3333333333333335,2.3333333333333335,0.0,2.8333333333333335,13.379999999999999,31.2,43.46666666666667,4.036,14.528509843718105
33,10,8,88373.43,0,1,0.2,0.13,0,9.933333333333334,28.84,22.483333333333334,25.506666666666668,32.15,24.89333333333333,28.2,19.875,0.05,0.05,0.0,0.26666666666666666,15.586666666666666,33.75,44.266666666666666,4.4093333333333335,5.120229186826175
5,12,2,47164.67,1,1,0.26,0.85,3,28.0,28.723333333333336,23.116666666666667,25.486666666666668,32.17,25.87,28.69,17.647333333333332,0.36333333333333334,0.36333333333333334,0.0,1.9333333333333333,15.229999999999999,31.986666666666668,63.63333333333333,3.8056666666666668,14.517011981578205
41,2,6,8494.27,15,2,0.91,0.81,4,52.266666666666666,29.14,23.133333333333333,25.6,33.346666666666664,25.706666666666667,29.06,18.88133333333333,2.17,2.17,0.0,5.066666666666666,15.993333333333334,36.37,36.6,3.9153333333333338,24.75486316872793
28,3,3,39394.78,11,1,0.26,0.53,3,59.93333333333333,28.80666666666667,22.923333333333336,25.496666666666666,35.016666666666666,27.523333333333333,30.466666666666665,19.56833333333333,5.35,5.35,0.0,7.166666666666667,9.033333333333333,22.42666666666667,32.53333333333333,3.852333333333333,20.271458552828314
7,10,5,80550.23,7,1,0.77,0.53,2,51.733333333333334,27.433333333333334,22.92,24.993333333333332,31.34,25.946666666666665,28.846666666666668,12.513,5.489999999999999,5.489999999999999,0.0,6.7,13.476666666666667,25.9,78.1,2.6566666666666667,21.29232101350042
73,2,8,90275.63,22,1,0.94,0.62,4,3.1,28.92,21.466666666666665,24.973333333333336,31.66,23.02,27.233333333333334,22.385333333333335,0.006666666666666667,0.006666666666666667,0.0,0.06666666666666667,14.120000000000001,31.016666666666666,38.13333333333333,4.736999999999999,10.901265678775468
72,13,1,21143.8,17,1,0.42,0.41,1,53.9,27.946666666666665,23.273333333333333,25.183333333333334,32.056666666666665,26.423333333333336,28.69,15.520999999999999,3.066666666666667,3.066666666666667,0.0,5.566666666666666,12.430000000000001,30.836666666666666,36.06666666666667,3.293,12.800316276904034
12,13,5,7630.39,1,0,0.5,0.62,4,28.0,28.723333333333336,23.116666666666667,25.486666666666668,32.17,25.87,28.69,17.647333333333332,0.36333333333333334,0.36333333333333334,0.0,1.9333333333333333,15.229999999999999,31.986666666666668,63.63333333333333,3.8056666666666668,9.880900888439196
34,18,3,87857.69,24,1,0.66,0.14,0,9.066666666666666,29.613333333333333,22.453333333333333,25.956666666666667,33.31666666666667,25.69333333333333,29.25,20.462333333333333,0.05,0.05,0.0,0.36666666666666664,11.733333333333333,27.533333333333335,38.833333333333336,4.350666666666667,6.407899549030161
33,3,4,39551.09,28,0,0.91,0.14,0,17.566666666666666,30.466666666666665,23.623333333333335,26.623333333333335,33.553333333333335,25.996666666666666,29.15,19.854333333333333,0.5366666666666667,0.5366666666666667,0.0,1.8666666666666667,17.546666666666667,38.43666666666666,34.166666666666664,4.806333333333333,3.9398812538979042
48,7,2,54634.34,12,1,0.95,0.47,3,56.333333333333336,28.956666666666667,23.14,25.56,35.406666666666666,27.62,30.503333333333334,18.640666666666668,2.9433333333333334,2.9433333333333334,0.0,7.466666666666667,8.383333333333333,23.90666666666667,115.3,3.710666666666667,13.662585484474558
23,14,9,96838.52,5,1,0.79,0.54,4,10.066666666666666,27.833333333333332,21.18,24.46333333333333,30.046666666666667,23.053333333333335,26.186666666666667,20.332,0.07,0.07,0.0,0.43333333333333335,16.89666666666667,32.77,63.833333333333336,4.553333333333333,12.22419146640415
62,17,3,7589.91,20,0,0.27,0.81,1,5.566666666666666,29.123333333333335,21.916666666666668,25.313333333333333,32.1,24.029999999999998,27.490000000000002,21.885666666666665,0.15,0.15,0.0,0.7,16.486666666666668,34.14666666666667,42.666666666666664,4.899,7.91722340581158
88,12,2,65183.48,25,1,0.74,0.18,0,4.433333333333334,30.363333333333333,22.87,26.34,34.72666666666667,26.243333333333332,29.9,22.631666666666668,0.060000000000000005,0.060000000000000005,0.0,0.4,10.770000000000001,25.31,61.43333333333333,4.747333333333333,6.660285640700406
37,16,9,8336.44,5,2,0.53,0.76,1,10.066666666666666,27.833333333333332,21.18,24.46333333333333,30.046666666666667,23.053333333333335,26.186666666666667,20.332,0.07,0.07,0.0,0.43333333333333335,16.89666666666667,32.77,63.833333333333336,4.553333333333333,19.54568343871497
44,12,7,38171.42,8,0,0.58,0.27,2,56.06666666666667,28.55666666666667,22.85666666666667,25.453333333333333,34.406666666666666,26.990000000000002,30.283333333333335,17.662333333333333,3.2766666666666664,3.2766666666666664,0.0,6.733333333333333,11.053333333333335,28.49,146.4,3.4739999999999998,8.3075288456373
86,15,6,80577.64,15,1,0.24,0.42,0,52.266666666666666,29.14,23.133333333333333,25.6,33.346666666666664,25.706666666666667,29.06,18.88133333333333,2.17,2.17,0.0,5.066666666666666,15.993333333333334,36.37,36.6,3.9153333333333338,12.03055340559584
35,10,1,43913.75,10,1,0.35,0.35,3,39.7,28.83,22.253333333333334,25.67,34.913333333333334,26.383333333333333,30.616666666666667,20.032666666666668,0.5633333333333332,0.5633333333333332,0.0,3.1,7.319999999999999,18.490000000000002,163.93333333333334,3.975333333333333,8.976143714298129
65,7,5,99721.05,6,2,0.83,0.42,2,23.533333333333335,28.206666666666667,21.740000000000002,25.15666666666667,31.94333333333333,24.066666666666666,27.883333333333333,18.336000000000002,1.1700000000000002,1.1700000000000002,0.0,1.3333333333333333,14.1,27.986666666666668,92.8,4.055000000000001,13.624786518825701
47,5,3,56346.87,9,1,0.56,0.22,4,44.233333333333334,29.076666666666664,22.41,25.60666666666667,34.63666666666666,26.59,30.316666666666666,19.968999999999998,1.12,1.12,0.0,2.466666666666667,8.346666666666668,21.183333333333334,82.76666666666667,3.96,6.0540048534008015
78,1,1,32795.05,9,1,0.44,0.5,1,44.233333333333334,29.076666666666664,22.41,25.60666666666667,34.63666666666666,26.59,30.316666666666666,19.968999999999998,1.12,1.12,0.0,2.466666666666667,8.346666666666668,21.183333333333334,82.76666666666667,3.96,11.842844462209042
3,17,4,22791.02,29,1,0.51,0.74,0,58.166666666666664,27.976666666666667,22.543333333333333,24.973333333333336,30.52,25.103333333333335,27.55666666666667,11.023666666666665,26.796666666666667,26.796666666666667,0.0,9.733333333333333,16.936666666666664,38.629999999999995,42.4,2.8523333333333336,64.37987776274417
1,3,2,35701.53,24,1,0.88,0.45,2,9.066666666666666,29.613333333333333,22.453333333333333,25.956666666666667,33.31666666666667,25.69333333333333,29.25,20.462333333333333,0.05,0.05,0.0,0.36666666666666664,11.733333333333333,27.533333333333335,38.833333333333336,4.350666666666667,9.710388645952772
5,13,2,37880.79,19,2,0.8,0.49,2,5.866666666666666,29.353333333333335,22.573333333333334,25.69,33.15,24.793333333333333,28.433333333333334,21.775333333333332,0.010000000000000002,0.010000000000000002,0.0,0.1,13.416666666666666,29.13,59.266666666666666,4.743333333333334,11.520863648649295
14,14,3,7802.65,17,1,0.42,0.78,0,53.9,27.946666666666665,23.273333333333333,25.183333333333334,32.056666666666665,26.423333333333336,28.69,15.520999999999999,3.066666666666667,3.066666666666667,0.0,5.566666666666666,12.430000000000001,30.836666666666666,36.06666666666667,3.293,21.31823494085964
27,18,8,37587.85,27,1,0.29,0.66,4,31.433333333333334,30.266666666666666,23.636666666666667,26.673333333333336,33.86,26.21333333333333,29.623333333333335,20.294,0.25666666666666665,0.25666666666666665,0.0,1.5666666666666667,17.416666666666668,36.85,46.166666666666664,4.651333333333333,10.758453394828978
9,4,8,46959.61,23,2,0.4,0.49,4,14.066666666666666,28.873333333333335,21.959999999999997,25.516666666666666,32.5,24.633333333333333,28.56,19.76833333333333,0.14666666666666667,0.14666666666666667,0.0,0.8333333333333334,9.656666666666666,23.10666666666667,104.53333333333333,4.1690000000000005,12.69024105902482
79,18,7,72551.04,19,1,0.94,0.31,3,5.866666666666666,29.353333333333335,22.573333333333334,25.69,33.15,24.793333333333333,28.433333333333334,21.775333333333332,0.010000000000000002,0.010000000000000002,0.0,0.1,13.416666666666666,29.13,59.266666666666666,4.743333333333334,8.460275826054504
15,5,6,66016.22,28,1,0.67,0.81,4,17.566666666666666,30.466666666666665,23.623333333333335,26.623333333333335,33.553333333333335,25.996666666666666,29.15,19.854333333333333,0.5366666666666667,0.5366666666666667,0.0,1.8666666666666667,17.546666666666667,38.43666666666666,34.166666666666664,4.806333333333333,12.4470368586824
42,16,9,71167.8,8,2,0.63,0.56,3,56.06666666666667,28.55666666666667,22.85666666666667,25.453333333333333,34.406666666666666,26.990000000000002,30.283333333333335,17.662333333333333,3.2766666666666664,3.2766666666666664,0.0,6.733333333333333,11.053333333333335,28.49,146.4,3.4739999999999998,20.614523235239528
77,1,4,1828.0,14,1,0.68,0.28,2,6.0,29.163333333333334,22.779999999999998,25.636666666666667,32.87,25.456666666666667,28.433333333333334,21.76066666666667,0.05,0.05,0.0,0.23333333333333334,14.883333333333333,31.34333333333333,45.7,4.713666666666667,8.920714131423644
51,14,1,22549.07,3,2,0.49,0.32,0,16.133333333333333,27.81,21.666666666666668,24.716666666666665,30.85,23.65666666666667,27.313333333333333,16.785666666666668,0.45666666666666667,0.45666666666666667,0.0,1.2666666666666666,14.893333333333334,32.52333333333333,167.1,3.701333333333333,9.342108481491493
63,15,8,66506.74,7,0,0.85,0.74,4,51.733333333333334,27.433333333333334,22.92,24.993333333333332,31.34,25.946666666666665,28.846666666666668,12.513,5.489999999999999,5.489999999999999,0.0,6.7,13.476666666666667,25.9,78.1,2.6566666666666667,20.136950787798455
52,9,7,48914.95,8,1,0.62,0.14,3,56.06666666666667,28.55666666666667,22.85666666666667,25.453333333333333,34.406666666666666,26.990000000000002,30.283333333333335,17.662333333333333,3.2766666666666664,3.2766666666666664,0.0,6.733333333333333,11.053333333333335,28.49,146.4,3.4739999999999998,12.123157524705968
4,15,7,1526.03,12,2,0.29,0.89,2,56.333333333333336,28.956666666666667,23.14,25.56,35.406666666666666,27.62,30.503333333333334,18.640666666666668,2.9433333333333334,2.9433333333333334,0.0,7.466666666666667,8.383333333333333,23.90666666666667,115.3,3.710666666666667,24.739400974332632
23,17,3,80644.97,8,1,0.3,0.2,4,56.06666666666667,28.55666666666667,22.85666666666667,25.453333333333333,34.406666666666666,26.990000000000002,30.283333333333335,17.662333333333333,3.2766666666666664,3.2766666666666664,0.0,6.733333333333333,11.053333333333335,28.49,146.4,3.4739999999999998,10.597907267016211
15,4,4,77508.15,25,1,0.63,0.74,1,4.433333333333334,30.363333333333333,22.87,26.34,34.72666666666667,26.243333333333332,29.9,22.631666666666668,0.060000000000000005,0.060000000000000005,0.0,0.4,10.770000000000001,25.31,61.43333333333333,4.747333333333333,10.519315080373586
43,12,9,55293.5,3,0,0.95,0.42,2,16.133333333333333,27.81,21.666666666666668,24.716666666666665,30.85,23.65666666666667,27.313333333333333,16.785666666666668,0.45666666666666667,0.45666666666666667,0.0,1.2666666666666666,14.893333333333334,32.52333333333333,167.1,3.701333333333333,6.73624568175868
29,5,6,7579.87,16,0,0.45,0.49,4,52.03333333333333,28.456666666666667,23.496666666666666,25.516666666666666,31.80666666666667,26.57,28.706666666666667,16.343333333333334,2.46,2.46,0.0,4.533333333333333,17.233333333333334,38.15,29.433333333333334,3.5396666666666667,11.245477009849779
36,5,5,76884.99,15,1,0.9,0.8,2,52.266666666666666,29.14,23.133333333333333,25.6,33.346666666666664,25.706666666666667,29.06,18.88133333333333,2.17,2.17,0.0,5.066666666666666,15.993333333333334,36.37,36.6,3.9153333333333338,17.815739275518816
13,11,3,58787.65,14,2,0.81,0.43,0,6.0,29.163333333333334,22.779999999999998,25.636666666666667,32.87,25.456666666666667,28.433333333333334,21.76066666666667,0.05,0.05,0.0,0.23333333333333334,14.883333333333333,31.34333333333333,45.7,4.713666666666667,12.779672314245463
32,6,9,78414.04,2,0,0.4,0.53,0,51.13333333333333,28.14,22.793333333333333,25.113333333333333,32.153333333333336,25.793333333333333,28.5,16.794333333333334,0.9433333333333334,0.9433333333333334,0.0,4.433333333333334,14.323333333333332,30.470000000000002,44.43333333333333,3.5106666666666664,7.22662958429893
71,7,5,75422.95,24,0,0.23,0.14,0,9.066666666666666,29.613333333333333,22.453333333333333,25.956666666666667,33.31666666666667,25.69333333333333,29.25,20.462333333333333,0.05,0.05,0.0,0.36666666666666664,11.733333333333333,27.533333333333335,38.833333333333336,4.350666666666667,2.1283805457415057
59,14,5,80497.21,19,2,0.28,0.1,1,5.866666666666666,29.353333333333335,22.573333333333334,25.69,33.15,24.793333333333333,28.433333333333334,21.775333333333332,0.010000000000000002,0.010000000000000002,0.0,0.1,13.416666666666666,29.13,59.266666666666666,4.743333333333334,8.65960870994802
86,11,4,52282.8,4,1,0.78,0.3,0,6.366666666666666,27.506666666666668,21.0,24.19,30.02,22.923333333333336,26.07,22.589666666666666,0.07666666666666666,0.07666666666666666,0.0,0.4666666666666667,15.903333333333332,32.46666666666667,145.63333333333333,4.755333333333334,6.181806206293781
28,13,4,14892.13,22,1,0.36,0.64,1,3.1,28.92,21.466666666666665,24.973333333333336,31.66,23.02,27.233333333333334,22.385333333333335,0.006666666666666667,0.006666666666666667,0.0,0.06666666666666667,14.120000000000001,31.016666666666666,38.13333333333333,4.736999999999999,13.991995100050469
66,2,1,67444.59,4,0,0.5,0.2,0,6.366666666666666,27.506666666666668,21.0,24.19,30.02,22.923333333333336,26.07,22.589666666666666,0.07666666666666666,0.07666666666666666,0.0,0.4666666666666667,15.903333333333332,32.46666666666667,145.63333333333333,4.755333333333334,3.264082714701015
42,7,7,62426.9,19,1,0.6,0.19,2,5.866666666666666,29.353333333333335,22.573333333333334,25.69,33.15,24.793333333333333,28.433333333333334,21.775333333333332,0.010000000000000002,0.010000000000000002,0.0,0.1,13.416666666666666,29.13,59.266666666666666,4.743333333333334,4.013044754196027
45,4,9,74483.07,14,2,0.78,0.43,4,6.0,29.163333333333334,22.779999999999998,25.636666666666667,32.87,25.456666666666667,28.433333333333334,21.76066666666667,0.05,0.05,0.0,0.23333333333333334,14.883333333333333,31.34333333333333,45.7,4.713666666666667,13.244830412950744
62,8,3,17818.22,17,1,0.29,0.62,4,53.9,27.946666666666665,23.273333333333333,25.183333333333334,32.056666666666665,26.423333333333336,28.69,15.520999999999999,3.066666666666667,3.066666666666667,0.0,5.566666666666666,12.430000000000001,30.836666666666666,36.06666666666667,3.293,15.611310827992348
57,19,2,20302.54,14,1,0.53,0.67,0,6.0,29.163333333333334,22.779999999999998,25.636666666666667,32.87,25.456666666666667,28.433333333333334,21.76066666666667,0.05,0.05,0.0,0.23333333333333334,14.883333333333333,31.34333333333333,45.7,4.713666666666667,12.820626905613679
6,13,3,89150.54,1,1,0.59,0.24,4,28.0,28.723333333333336,23.116666666666667,25.486666666666668,32.17,25.87,28.69,17.647333333333332,0.36333333333333334,0.36333333333333334,0.0,1.9333333333333333,15.229999999999999,31.986666666666668,63.63333333333333,3.8056666666666668,8.844560035177773
28,14,1,75247.8,28,0,0.63,0.16,0,17.566666666666666,30.466666666666665,23.623333333333335,26.623333333333335,33.553333333333335,25.996666666666666,29.15,19.854333333333333,0.5366666666666667,0.5366666666666667,0.0,1.8666666666666667,17.546666666666667,38.43666666666666,34.166666666666664,4.806333333333333,1.7623098558057675
28,10,6,90914.62,12,1,0.85,0.85,0,56.333333333333336,28.956666666666667,23.14,25.56,35.406666666666666,27.62,30.503333333333334,18.640666666666668,2.9433333333333334,2.9433333333333334,0.0,7.466666666666667,8.383333333333333,23.90666666666667,115.3,3.710666666666667,21.03173086053315
44,11,7,76112.82,3,2,0.34,0.31,3,16.133333333333333,27.81,21.666666666666668,24.716666666666665,30.85,23.65666666666667,27.313333333333333,16.785666666666668,0.45666666666666667,0.45666666666666667,0.0,1.2666666666666666,14.893333333333334,32.52333333333333,167.1,3.701333333333333,12.252504723738081
84,2,2,60118.38,9,1,0.85,0.78,3,44.233333333333334,29.076666666666664,22.41,25.60666666666667,34.63666666666666,26.59,30.316666666666666,19.968999999999998,1.12,1.12,0.0,2.466666666666667,8.346666666666668,21.183333333333334,82.76666666666667,3.96,16.333090239991733
30,9,8,65759.14,12,1,0.75,0.79,3,56.333333333333336,28.956666666666667,23.14,25.56,35.406666666666666,27.62,30.503333333333334,18.640666666666668,2.9433333333333334,2.9433333333333334,0.0,7.466666666666667,8.383333333333333,23.90666666666667,115.3,3.710666666666667,21.711856140647587
62,17,6,89023.66,9,1,0.64,0.72,1,44.233333333333334,29.076666666666664,22.41,25.60666666666667,34.63666666666666,26.59,30.316666666666666,19.968999999999998,1.12,1.12,0.0,2.466666666666667,8.346666666666668,21.183333333333334,82.76666666666667,3.96,14.011917825995695
75,3,4,58301.87,28,2,0.76,0.24,3,17.566666666666666,30.466666666666665,23.623333333333335,26.623333333333335,33.553333333333335,25.996666666666666,29.15,19.854333333333333,0.5366666666666667,0.5366666666666667,0.0,1.8666666666666667,17.546666666666667,38.43666666666666,34.166666666666664,4.806333333333333,9.822729086797098
89,6,5,63606.74,8,1,0.53,0.76,0,56.06666666666667,28.55666666666667,22.85666666666667,25.453333333333333,34.406666666666666,26.990000000000002,30.283333333333335,17.662333333333333,3.2766666666666664,3.2766666666666664,0.0,6.733333333333333,11.053333333333335,28.49,146.4,3.4739999999999998,17.839061688895047
62,5,8,16491.19,7,1,0.31,0.72,2,51.733333333333334,27.433333333333334,22.92,24.993333333333332,31.34,25.946666666666665,28.846666666666668,12.513,5.489999999999999,5.489999999999999,0.0,6.7,13.476666666666667,25.9,78.1,2.6566666666666667,21.89628457255184
1,5,3,47918.2,2,1,0.73,0.58,3,51.13333333333333,28.14,22.793333333333333,25.113333333333333,32.153333333333336,25.793333333333333,28.5,16.794333333333334,0.9433333333333334,0.9433333333333334,0.0,4.433333333333334,14.323333333333332,30.470000000000002,44.43333333333333,3.5106666666666664,12.23101410254551
27,15,3,71923.31,15,1,0.62,0.37,3,52.266666666666666,29.14,23.133333333333333,25.6,33.346666666666664,25.706666666666667,29.06,18.88133333333333,2.17,2.17,0.0,5.066666666666666,15.993333333333334,36.37,36.6,3.9153333333333338,12.791727962224964
62,17,4,27823.33,13,0,0.71,0.31,2,53.06666666666667,29.246666666666666,22.82,25.64,34.93333333333333,26.636666666666667,30.086666666666666,19.803,2.06,2.06,0.0,2.966666666666667,12.696666666666665,30.290000000000003,71.5,3.99,8.255036198995029
77,9,1,21023.16,8,0,0.47,0.2,0,56.06666666666667,28.55666666666667,22.85666666666667,25.453333333333333,34.406666666666666,26.990000000000002,30.283333333333335,17.662333333333333,3.2766666666666664,3.2766666666666664,0.0,6.733333333333333,11.053333333333335,28.49,146.4,3.4739999999999998,10.19410820688737
3,3,9,32068.85,29,1,0.93,0.51,1,58.166666666666664,27.976666666666667,22.543333333333333,24.973333333333336,30.52,25.103333333333335,27.55666666666667,11.023666666666665,26.796666666666667,26.796666666666667,0.0,9.733333333333333,16.936666666666664,38.629999999999995,42.4,2.8523333333333336,63.23283617115019
70,17,8,24908.56,20,2,0.67,0.57,3,5.566666666666666,29.123333333333335,21.916666666666668,25.313333333333333,32.1,24.029999999999998,27.490000000000002,21.885666666666665,0.15,0.15,0.0,0.7,16.486666666666668,34.14666666666667,42.666666666666664,4.899,16.320301115735976
72,10,8,22276.35,10,0,0.27,0.39,2,39.7,28.83,22.253333333333334,25.67,34.913333333333334,26.383333333333333,30.616666666666667,20.032666666666668,0.5633333333333332,0.5633333333333332,0.0,3.1,7.319999999999999,18.490000000000002,163.93333333333334,3.975333333333333,5.4096814168097325
27,3,6,43060.23,2,1,0.56,0.48,0,51.13333333333333,28.14,22.793333333333333,25.113333333333333,32.153333333333336,25.793333333333333,28.5,16.794333333333334,0.9433333333333334,0.9433333333333334,0.0,4.433333333333334,14.323333333333332,30.470000000000002,44.43333333333333,3.5106666666666664,15.226920416551096
9,18,7,90876.01,4,0,0.81,0.39,4,6.366666666666666,27.506666666666668,21.0,24.19,30.02,22.923333333333336,26.07,22.589666666666666,0.07666666666666666,0.07666666666666666,0.0,0.4666666666666667,15.903333333333332,32.46666666666667,145.63333333333333,4.755333333333334,5.771834354980842
62,18,6,51198.91,28,0,0.84,0.61,1,17.566666666666666,30.466666666666665,23.623333333333335,26.623333333333335,33.553333333333335,25.996666666666666,29.15,19.854333333333333,0.5366666666666667,0.5366666666666667,0.0,1.8666666666666667,17.546666666666667,38.43666666666666,34.166666666666664,4.806333333333333,7.10759699870891
37,17,9,19604.12,9,1,0.6,0.82,2,44.233333333333334,29.076666666666664,22.41,25.60666666666667,34.63666666666666,26.59,30.316666666666666,19.968999999999998,1.12,1.12,0.0,2.466666666666667,8.346666666666668,21.183333333333334,82.76666666666667,3.96,13.973661252908332
51,3,3,8620.2,12,1,0.92,0.23,2,56.333333333333336,28.956666666666667,23.14,25.56,35.406666666666666,27.62,30.503333333333334,18.640666666666668,2.9433333333333334,2.9433333333333334,0.0,7.466666666666667,8.383333333333333,23.90666666666667,115.3,3.710666666666667,12.870375289531445
44,3,3,69919.46,3,0,0.41,0.41,2,16.133333333333333,27.81,21.666666666666668,24.716666666666665,30.85,23.65666666666667,27.313333333333333,16.785666666666668,0.45666666666666667,0.45666666666666667,0.0,1.2666666666666666,14.893333333333334,32.52333333333333,167.1,3.701333333333333,5.498139155344557
24,6,3,38897.08,23,2,0.53,0.21,3,14.066666666666666,28.873333333333335,21.959999999999997,25.516666666666666,32.5,24.633333333333333,28.56,19.76833333333333,0.14666666666666667,0.14666666666666667,0.0,0.8333333333333334,9.656666666666666,23.10666666666667,104.53333333333333,4.1690000000000005,10.88433407447147
79,13,3,82361.26,12,1,0.92,0.6,4,56.333333333333336,28.956666666666667,23.14,25.56,35.406666666666666,27.62,30.503333333333334,18.640666666666668,2.9433333333333334,2.9433333333333334,0.0,7.466666666666667,8.383333333333333,23.90666666666667,115.3,3.710666666666667,17.296523103526983
59,15,9,66291.57,11,1,0.92,0.68,1,59.93333333333333,28.80666666666667,22.923333333333336,25.496666666666666,35.016666666666666,27.523333333333333,30.466666666666665,19.56833333333333,5.35,5.35,0.0,7.166666666666667,9.033333333333333,22.42666666666667,32.53333333333333,3.852333333333333,22.250756631014692
32,9,4,79827.9,4,1,0.75,0.85,0,6.366666666666666,27.506666666666668,21.0,24.19,30.02,22.923333333333336,26.07,22.589666666666666,0.07666666666666666,0.07666666666666666,0.0,0.4666666666666667,15.903333333333332,32.46666666666667,145.63333333333333,4.755333333333334,12.583142756230725
88,4,7,27922.66,9,2,0.89,0.32,0,44.233333333333334,29.076666666666664,22.41,25.60666666666667,34.63666666666666,26.59,30.316666666666666,19.968999999999998,1.12,1.12,0.0,2.466666666666667,8.346666666666668,21.183333333333334,82.76666666666667,3.96,10.807729162971203
52,14,9,69543.53,27,2,0.27,0.86,4,31.433333333333334,30.266666666666666,23.636666666666667,26.673333333333336,33.86,26.21333333333333,29.623333333333335,20.294,0.25666666666666665,0.25666666666666665,0.0,1.5666666666666667,17.416666666666668,36.85,46.166666666666664,4.651333333333333,17.163560905232803
62,5,7,27142.14,23,0,0.89,0.15,2,14.066666666666666,28.873333333333335,21.959999999999997,25.516666666666666,32.5,24.633333333333333,28.56,19.76833333333333,0.14666666666666667,0.14666666666666667,0.0,0.8333333333333334,9.656666666666666,23.10666666666667,104.53333333333333,4.1690000000000005,3.3779315248185418
58,2,9,93967.78,8,1,0.46,0.58,2,56.06666666666667,28.55666666666667,22.85666666666667,25.453333333333333,34.406666666666666,26.990000000000002,30.283333333333335,17.662333333333333,3.2766666666666664,3.2766666666666664,0.0,6.733333333333333,11.053333333333335,28.49,146.4,3.4739999999999998,17.334473949528636
52,11,3,64001.05,19,2,0.34,0.15,2,5.866666666666666,29.353333333333335,22.573333333333334,25.69,33.15,24.793333333333333,28.433333333333334,21.775333333333332,0.010000000000000002,0.010000000000000002,0.0,0.1,13.416666666666666,29.13,59.266666666666666,4.743333333333334,6.9513918319320185
12,9,4,33126.67,6,2,0.39,0.82,2,23.533333333333335,28.206666666666667,21.740000000000002,25.15666666666667,31.94333333333333,24.066666666666666,27.883333333333333,18.336000000000002,1.1700000000000002,1.1700000000000002,0.0,1.3333333333333333,14.1,27.986666666666668,92.8,4.055000000000001,19.439771388776773
39,3,8,27681.67,1,1,0.53,0.52,2,28.0,28.723333333333336,23.116666666666667,25.486666666666668,32.17,25.87,28.69,17.647333333333332,0.36333333333333334,0.36333333333333334,0.0,1.9333333333333333,15.229999999999999,31.986666666666668,63.63333333333333,3.8056666666666668,11.044642736259922
2,9,6,19901.73,21,1,0.4,0.64,4,5.6,29.27,21.509999999999998,25.14333333333333,31.953333333333333,23.316666666666666,27.303333333333335,23.029999999999998,0.010000000000000002,0.010000000000000002,0.0,0.1,15.493333333333334,33.36,38.833333333333336,5.002666666666667,9.8742138456983
3,3,5,69769.45,23,0,0.46,0.77,3,14.066666666666666,28.873333333333335,21.959999999999997,25.516666666666666,32.5,24.633333333333333,28.56,19.76833333333333,0.14666666666666667,0.14666666666666667,0.0,0.8333333333333334,9.656666666666666,23.10666666666667,104.53333333333333,4.1690000000000005,9.763920992251625
56,2,4,22652.85,27,0,0.31,0.22,1,31.433333333333334,30.266666666666666,23.636666666666667,26.673333333333336,33.86,26.21333333333333,29.623333333333335,20.294,0.25666666666666665,0.25666666666666665,0.0,1.5666666666666667,17.416666666666668,36.85,46.166666666666664,4.651333333333333,3.240646411002333
81,12,8,59935.02,22,1,0.44,0.13,2,3.1,28.92,21.466666666666665,24.973333333333336,31.66,23.02,27.233333333333334,22.385333333333335,0.006666666666666667,0.006666666666666667,0.0,0.06666666666666667,14.120000000000001,31.016666666666666,38.13333333333333,4.736999999999999,3.3588778865873987
59,10,1,27198.87,6,2,0.66,0.8,3,23.533333333333335,28.206666666666667,21.740000000000002,25.15666666666667,31.94333333333333,24.066666666666666,27.883333333333333,18.336000000000002,1.1700000000000002,1.1700000000000002,0.0,1.3333333333333333,14.1,27.986666666666668,92.8,4.055000000000001,19.476681040522426
2,9,9,66534.93,7,1,0.55,0.35,0,51.733333333333334,27.433333333333334,22.92,24.993333333333332,31.34,25.946666666666665,28.846666666666668,12.513,5.489999999999999,5.489999999999999,0.0,6.7,13.476666666666667,25.9,78.1,2.6566666666666667,19.521176789552353
2,15,1,81679.03,6,2,0.48,0.2,4,23.533333333333335,28.206666666666667,21.740000000000002,25.15666666666667,31.94333333333333,24.066666666666666,27.883333333333333,18.336000000000002,1.1700000000000002,1.1700000000000002,0.0,1.3333333333333333,14.1,27.986666666666668,92.8,4.055000000000001,13.364576864762915
54,8,8,78024.5,20,2,0.8,0.47,3,5.566666666666666,29.123333333333335,21.916666666666668,25.313333333333333,32.1,24.029999999999998,27.490000000000002,21.885666666666665,0.15,0.15,0.0,0.7,16.486666666666668,34.14666666666667,42.666666666666664,4.899,14.520703078052353
87,5,4,76324.28,22,2,0.91,0.58,2,3.1,28.92,21.466666666666665,24.973333333333336,31.66,23.02,27.233333333333334,22.385333333333335,0.006666666666666667,0.006666666666666667,0.0,0.06666666666666667,14.120000000000001,31.016666666666666,38.13333333333333,4.736999999999999,11.906829281397696
1,11,9,19584.52,28,0,0.81,0.12,2,17.566666666666666,30.466666666666665,23.623333333333335,26.623333333333335,33.553333333333335,25.996666666666666,29.15,19.854333333333333,0.5366666666666667,0.5366666666666667,0.0,1.8666666666666667,17.546666666666667,38.43666666666666,34.166666666666664,4.806333333333333,1.1065957734606495
19,2,5,9750.11,13,2,0.47,0.32,2,53.06666666666667,29.246666666666666,22.82,25.64,34.93333333333333,26.636666666666667,30.086666666666666,19.803,2.06,2.06,0.0,2.966666666666667,12.696666666666665,30.290000000000003,71.5,3.99,15.73255290081299
2,15,3,70195.93,25,1,0.8,0.13,3,4.433333333333334,30.363333333333333,22.87,26.34,34.72666666666667,26.243333333333332,29.9,22.631666666666668,0.060000000000000005,0.060000000000000005,0.0,0.4,10.770000000000001,25.31,61.43333333333333,4.747333333333333,5.950678926368313
53,6,9,37466.37,18,2,0.32,0.44,2,47.2,29.173333333333332,22.970000000000002,25.62,33.92666666666666,25.826666666666664,29.123333333333335,19.062333333333335,2.3333333333333335,2.3333333333333335,0.0,2.8333333333333335,13.379999999999999,31.2,43.46666666666667,4.036,17.71923819612574
44,8,9,43802.28,4,1,0.3,0.82,3,6.366666666666666,27.506666666666668,21.0,24.19,30.02,22.923333333333336,26.07,22.589666666666666,0.07666666666666666,0.07666666666666666,0.0,0.4666666666666667,15.903333333333332,32.46666666666667,145.63333333333333,4.755333333333334,19.272430569315414
32,5,4,4083.76,22,1,0.48,0.89,2,3.1,28.92,21.466666666666665,24.973333333333336,31.66,23.02,27.233333333333334,22.385333333333335,0.006666666666666667,0.006666666666666667,0.0,0.06666666666666667,14.120000000000001,31.016666666666666,38.13333333333333,4.736999999999999,15.049669099373084
70,16,4,26698.07,24,1,0.85,0.61,0,9.066666666666666,29.613333333333333,22.453333333333333,25.956666666666667,33.31666666666667,25.69333333333333,29.25,20.462333333333333,0.05,0.05,0.0,0.36666666666666664,11.733333333333333,27.533333333333335,38.833333333333336,4.350666666666667,12.623348460270899
32,18,8,4333.96,17,1,0.4,0.23,0,53.9,27.946666666666665,23.273333333333333,25.183333333333334,32.056666666666665,26.423333333333336,28.69,15.520999999999999,3.066666666666667,3.066666666666667,0.0,5.566666666666666,12.430000000000001,30.836666666666666,36.06666666666667,3.293,13.824335978573137
68,6,2,88039.39,19,2,0.25,0.82,1,5.866666666666666,29.353333333333335,22.573333333333334,25.69,33.15,24.793333333333333,28.433333333333334,21.775333333333332,0.010000000000000002,0.010000000000000002,0.0,0.1,13.416666666666666,29.13,59.266666666666666,4.743333333333334,17.837086876958697
55,5,9,25096.27,11,1,0.31,0.51,2,59.93333333333333,28.80666666666667,22.923333333333336,25.496666666666666,35.016666666666666,27.523333333333333,30.466666666666665,19.56833333333333,5.35,5.35,0.0,7.166666666666667,9.033333333333333,22.42666666666667,32.53333333333333,3.852333333333333,19.847096133039482
75,16,6,56176.38,22,2,0.89,0.22,2,3.1,28.92,21.466666666666665,24.973333333333336,31.66,23.02,27.233333333333334,22.385333333333335,0.006666666666666667,0.006666666666666667,0.0,0.06666666666666667,14.120000000000001,31.016666666666666,38.13333333333333,4.736999999999999,10.791787164073234
56,13,9,4858.95,16,2,0.71,0.84,3,52.03333333333333,28.456666666666667,23.496666666666666,25.516666666666666,31.80666666666667,26.57,28.706666666666667,16.343333333333334,2.46,2.46,0.0,4.533333333333333,17.233333333333334,38.15,29.433333333333334,3.5396666666666667,20.840762178193643
17,5,8,67017.89,12,1,0.4,0.71,3,56.333333333333336,28.956666666666667,23.14,25.56,35.406666666666666,27.62,30.503333333333334,18.640666666666668,2.9433333333333334,2.9433333333333334,0.0,7.466666666666667,8.383333333333333,23.90666666666667,115.3,3.710666666666667,17.551438756556653
38,13,7,32979.71,1,0,0.64,0.69,2,28.0,28.723333333333336,23.116666666666667,25.486666666666668,32.17,25.87,28.69,17.647333333333332,0.36333333333333334,0.36333333333333334,0.0,1.9333333333333333,15.229999999999999,31.986666666666668,63.63333333333333,3.8056666666666668,8.27862134492301
24,17,1,89894.0,24,1,0.62,0.67,1,9.066666666666666,29.613333333333333,22.453333333333333,25.956666666666667,33.31666666666667,25.69333333333333,29.25,20.462333333333333,0.05,0.05,0.0,0.36666666666666664,11.733333333333333,27.533333333333335,38.833333333333336,4.350666666666667,11.762811209079484
69,18,3,88923.7,12,1,0.72,0.26,2,56.333333333333336,28.956666666666667,23.14,25.56,35.406666666666666,27.62,30.503333333333334,18.640666666666668,2.9433333333333334,2.9433333333333334,0.0,7.466666666666667,8.383333333333333,23.90666666666667,115.3,3.710666666666667,15.978654516676931
70,8,2,33203.77,25,2,0.39,0.27,3,4.433333333333334,30.363333333333333,22.87,26.34,34.72666666666667,26.243333333333332,29.9,22.631666666666668,0.060000000000000005,0.060000000000000005,0.0,0.4,10.770000000000001,25.31,61.43333333333333,4.747333333333333,7.559102211112378
86,13,5,90195.13,6,1,0.89,0.65,2,23.533333333333335,28.206666666666667,21.740000000000002,25.15666666666667,31.94333333333333,24.066666666666666,27.883333333333333,18.336000000000002,1.1700000000000002,1.1700000000000002,0.0,1.3333333333333333,14.1,27.986666666666668,92.8,4.055000000000001,14.669390285561771
11,19,5,99619.61,27,1,0.45,0.28,3,31.433333333333334,30.266666666666666,23.636666666666667,26.673333333333336,33.86,26.21333333333333,29.623333333333335,20.294,0.25666666666666665,0.25666666666666665,0.0,1.5666666666666667,17.416666666666668,36.85,46.166666666666664,4.651333333333333,4.9542595265488565
16,3,5,82716.15,9,2,0.76,0.45,2,44.233333333333334,29.076666666666664,22.41,25.60666666666667,34.63666666666666,26.59,30.316666666666666,19.968999999999998,1.12,1.12,0.0,2.466666666666667,8.346666666666668,21.183333333333334,82.76666666666667,3.96,13.93210220131585
73,8,4,84642.26,22,2,0.21,0.73,4,3.1,28.92,21.466666666666665,24.973333333333336,31.66,23.02,27.233333333333334,22.385333333333335,0.006666666666666667,0.006666666666666667,0.0,0.06666666666666667,14.120000000000001,31.016666666666666,38.13333333333333,4.736999999999999,17.40675922878438
59,2,5,25651.86,5,1,0.5,0.73,3,10.066666666666666,27.833333333333332,21.18,24.46333333333333,30.046666666666667,23.053333333333335,26.186666666666667,20.332,0.07,0.07,0.0,0.43333333333333335,16.89666666666667,32.77,63.833333333333336,4.553333333333333,12.496420028643195
70,8,3,58093.54,2,0,0.48,0.46,1,51.13333333333333,28.14,22.793333333333333,25.113333333333333,32.153333333333336,25.793333333333333,28.5,16.794333333333334,0.9433333333333334,0.9433333333333334,0.0,4.433333333333334,14.323333333333332,30.470000000000002,44.43333333333333,3.5106666666666664,5.790049499772708
80,13,1,7658.34,25,2,0.63,0.73,4,4.433333333333334,30.363333333333333,22.87,26.34,34.72666666666667,26.243333333333332,29.9,22.631666666666668,0.060000000000000005,0.060000000000000005,0.0,0.4,10.770000000000001,25.31,61.43333333333333,4.747333333333333,14.807044436110047
3,13,5,10396.88,2,0,0.26,0.77,2,51.13333333333333,28.14,22.793333333333333,25.113333333333333,32.153333333333336,25.793333333333333,28.5,16.794333333333334,0.9433333333333334,0.9433333333333334,0.0,4.433333333333334,14.323333333333332,30.470000000000002,44.43333333333333,3.5106666666666664,12.14606329006868
20,1,9,99890.37,17,1,0.83,0.62,3,53.9,27.946666666666665,23.273333333333333,25.183333333333334,32.056666666666665,26.423333333333336,28.69,15.520999999999999,3.066666666666667,3.066666666666667,0.0,5.566666666666666,12.430000000000001,30.836666666666666,36.06666666666667,3.293,15.977783385757625
59,6,9,33337.29,10,2,0.37,0.28,4,39.7,28.83,22.253333333333334,25.67,34.913333333333334,26.383333333333333,30.616666666666667,20.032666666666668,0.5633333333333332,0.5633333333333332,0.0,3.1,7.319999999999999,18.490000000000002,163.93333333333334,3.975333333333333,11.81135455103963
36,19,4,75070.21,21,0,0.74,0.32,1,5.6,29.27,21.509999999999998,25.14333333333333,31.953333333333333,23.316666666666666,27.303333333333335,23.029999999999998,0.010000000000000002,0.010000000000000002,0.0,0.1,15.493333333333334,33.36,38.833333333333336,5.002666666666667,3.9283577598557207
19,16,3,80859.84,19,2,0.84,0.35,3,5.866666666666666,29.353333333333335,22.573333333333334,25.69,33.15,24.793333333333333,28.433333333333334,21.775333333333332,0.010000000000000002,0.010000000000000002,0.0,0.1,13.416666666666666,29.13,59.266666666666666,4.743333333333334,10.242599478591274
67,8,1,85944.3,4,2,0.65,0.19,4,6.366666666666666,27.506666666666668,21.0,24.19,30.02,22.923333333333336,26.07,22.589666666666666,0.07666666666666666,0.07666666666666666,0.0,0.4666666666666667,15.903333333333332,32.46666666666667,145.63333333333333,4.755333333333334,12.649249467321322
19,1,2,99765.2,18,1,0.79,0.32,4,47.2,29.173333333333332,22.970000000000002,25.62,33.92666666666666,25.826666666666664,29.123333333333335,19.062333333333335,2.3333333333333335,2.3333333333333335,0.0,2.8333333333333335,13.379999999999999,31.2,43.46666666666667,4.036,12.957545200143684
20,16,8,24908.15,21,1,0.73,0.27,4,5.6,29.27,21.509999999999998,25.14333333333333,31.953333333333333,23.316666666666666,27.303333333333335,23.029999999999998,0.010000000000000002,0.010000000000000002,0.0,0.1,15.493333333333334,33.36,38.833333333333336,5.002666666666667,3.722286120013589
71,9,1,4994.73,26,1,0.48,0.46,0,39.1,30.076666666666664,23.236666666666668,26.336666666666666,34.57333333333334,26.676666666666666,30.05666666666667,19.670666666666666,0.9966666666666666,0.9966666666666666,0.0,3.7666666666666666,13.75,31.466666666666665,43.3,4.147,11.293014805487475
52,13,8,41707.96,27,1,0.85,0.83,2,31.433333333333334,30.266666666666666,23.636666666666667,26.673333333333336,33.86,26.21333333333333,29.623333333333335,20.294,0.25666666666666665,0.25666666666666665,0.0,1.5666666666666667,17.416666666666668,36.85,46.166666666666664,4.651333333333333,12.980653636180751
33,11,7,13877.99,18,0,0.44,0.18,3,47.2,29.173333333333332,22.970000000000002,25.62,33.92666666666666,25.826666666666664,29.123333333333335,19.062333333333335,2.3333333333333335,2.3333333333333335,0.0,2.8333333333333335,13.379999999999999,31.2,43.46666666666667,4.036,8.105316668861002
40,13,8,3220.16,29,1,0.66,0.68,3,58.166666666666664,27.976666666666667,22.543333333333333,24.973333333333336,30.52,25.103333333333335,27.55666666666667,11.023666666666665,26.796666666666667,26.796666666666667,0.0,9.733333333333333,16.936666666666664,38.629999999999995,42.4,2.8523333333333336,64.06455222568428
39,10,6,36682.26,14,0,0.8,0.65,3,6.0,29.163333333333334,22.779999999999998,25.636666666666667,32.87,25.456666666666667,28.433333333333334,21.76066666666667,0.05,0.05,0.0,0.23333333333333334,14.883333333333333,31.34333333333333,45.7,4.713666666666667,7.7278953377996515
82,4,9,78590.09,29,0,0.5,0.18,4,58.166666666666664,27.976666666666667,22.543333333333333,24.973333333333336,30.52,25.103333333333335,27.55666666666667,11.023666666666665,26.796666666666667,26.796666666666667,0.0,9.733333333333333,16.936666666666664,38.629999999999995,42.4,2.8523333333333336,56.510814251804014
1,6,3,57051.89,15,1,0.44,0.84,2,52.266666666666666,29.14,23.133333333333333,25.6,33.346666666666664,25.706666666666667,29.06,18.88133333333333,2.17,2.17,0.0,5.066666666666666,15.993333333333334,36.37,36.6,3.9153333333333338,19.218632791255185
11,7,4,31965.02,23,1,0.57,0.55,1,14.066666666666666,28.873333333333335,21.959999999999997,25.516666666666666,32.5,24.633333333333333,28.56,19.76833333333333,0.14666666666666667,0.14666666666666667,0.0,0.8333333333333334,9.656666666666666,23.10666666666667,104.53333333333333,4.1690000000000005,8.59288872274967
57,5,6,65779.86,8,0,0.85,0.39,3,56.06666666666667,28.55666666666667,22.85666666666667,25.453333333333333,34.406666666666666,26.990000000000002,30.283333333333335,17.662333333333333,3.2766666666666664,3.2766666666666664,0.0,6.733333333333333,11.053333333333335,28.49,146.4,3.4739999999999998,10.73158147957191
89,11,8,23969.8,3,0,0.94,0.71,2,16.133333333333333,27.81,21.666666666666668,24.716666666666665,30.85,23.65666666666667,27.313333333333333,16.785666666666668,0.45666666666666667,0.45666666666666667,0.0,1.2666666666666666,14.893333333333334,32.52333333333333,167.1,3.701333333333333,8.7209153665919
50,13,5,2423.76,14,1,0.64,0.31,2,6.0,29.163333333333334,22.779999999999998,25.636666666666667,32.87,25.456666666666667,28.433333333333334,21.76066666666667,0.05,0.05,0.0,0.23333333333333334,14.883333333333333,31.34333333333333,45.7,4.713666666666667,6.340006151139432
23,19,3,76670.99,24,1,0.73,0.65,0,9.066666666666666,29.613333333333333,22.453333333333333,25.956666666666667,33.31666666666667,25.69333333333333,29.25,20.462333333333333,0.05,0.05,0.0,0.36666666666666664,11.733333333333333,27.533333333333335,38.833333333333336,4.350666666666667,14.048181360421646
31,10,6,62750.57,11,2,0.92,0.13,3,59.93333333333333,28.80666666666667,22.923333333333336,25.496666666666666,35.016666666666666,27.523333333333333,30.466666666666665,19.56833333333333,5.35,5.35,0.0,7.166666666666667,9.033333333333333,22.42666666666667,32.53333333333333,3.852333333333333,19.867472566441432
42,10,4,76467.96,22,2,0.28,0.77,4,3.1,28.92,21.466666666666665,24.973333333333336,31.66,23.02,27.233333333333334,22.385333333333335,0.006666666666666667,0.006666666666666667,0.0,0.06666666666666667,14.120000000000001,31.016666666666666,38.13333333333333,4.736999999999999,14.362007401830766
7,11,9,4854.86,2,1,0.39,0.46,2,51.13333333333333,28.14,22.793333333333333,25.113333333333333,32.153333333333336,25.793333333333333,28.5,16.794333333333334,0.9433333333333334,0.9433333333333334,0.0,4.433333333333334,14.323333333333332,30.470000000000002,44.43333333333333,3.5106666666666664,12.28345958724883
16,7,3,83874.84,22,2,0.77,0.61,2,3.1,28.92,21.466666666666665,24.973333333333336,31.66,23.02,27.233333333333334,22.385333333333335,0.006666666666666667,0.006666666666666667,0.0,0.06666666666666667,14.120000000000001,31.016666666666666,38.13333333333333,4.736999999999999,17.516567628852282
60,18,4,62333.09,13,1,0.86,0.28,1,53.06666666666667,29.246666666666666,22.82,25.64,34.93333333333333,26.636666666666667,30.086666666666666,19.803,2.06,2.06,0.0,2.966666666666667,12.696666666666665,30.290000000000003,71.5,3.99,12.52869789082672
2,4,7,56776.14,16,1,0.89,0.64,0,52.03333333333333,28.456666666666667,23.496666666666666,25.516666666666666,31.80666666666667,26.57,28.706666666666667,16.343333333333334,2.46,2.46,0.0,4.533333333333333,17.233333333333334,38.15,29.433333333333334,3.5396666666666667,13.820945051068982
1,2,7,62836.79,18,1,0.53,0.72,2,47.2,29.173333333333332,22.970000000000002,25.62,33.92666666666666,25.826666666666664,29.123333333333335,19.062333333333335,2.3333333333333335,2.3333333333333335,0.0,2.8333333333333335,13.379999999999999,31.2,43.46666666666667,4.036,16.080315557367292
48,14,4,86578.89,5,1,0.27,0.48,2,10.066666666666666,27.833333333333332,21.18,24.46333333333333,30.046666666666667,23.053333333333335,26.186666666666667,20.332,0.07,0.07,0.0,0.43333333333333335,16.89666666666667,32.77,63.833333333333336,4.553333333333333,11.300366723779934
12,13,6,59106.71,3,1,0.55,0.59,4,16.133333333333333,27.81,21.666666666666668,24.716666666666665,30.85,23.65666666666667,27.313333333333333,16.785666666666668,0.45666666666666667,0.45666666666666667,0.0,1.2666666666666666,14.893333333333334,32.52333333333333,167.1,3.701333333333333,10.431829134905161
69,12,3,58514.09,6,1,0.38,0.47,4,23.533333333333335,28.206666666666667,21.740000000000002,25.15666666666667,31.94333333333333,24.066666666666666,27.883333333333333,18.336000000000002,1.1700000000000002,1.1700000000000002,0.0,1.3333333333333333,14.1,27.986666666666668,92.8,4.055000000000001,12.145729142219343
37,7,6,99077.24,29,1,0.43,0.82,1,58.166666666666664,27.976666666666667,22.543333333333333,24.973333333333336,30.52,25.103333333333335,27.55666666666667,11.023666666666665,26.796666666666667,26.796666666666667,0.0,9.733333333333333,16.936666666666664,38.629999999999995,42.4,2.8523333333333336,68.09528441347734
32,2,2,75916.29,18,1,0.82,0.5,1,47.2,29.173333333333332,22.970000000000002,25.62,33.92666666666666,25.826666666666664,29.123333333333335,19.062333333333335,2.3333333333333335,2.3333333333333335,0.0,2.8333333333333335,13.379999999999999,31.2,43.46666666666667,4.036,12.776270959299543
9,13,8,44787.09,16,1,0.26,0.77,1,52.03333333333333,28.456666666666667,23.496666666666666,25.516666666666666,31.80666666666667,26.57,28.706666666666667,16.343333333333334,2.46,2.46,0.0,4.533333333333333,17.233333333333334,38.15,29.433333333333334,3.5396666666666667,17.5707119659073
19,14,2,71032.3,24,0,0.86,0.74,4,9.066666666666666,29.613333333333333,22.453333333333333,25.956666666666667,33.31666666666667,25.69333333333333,29.25,20.462333333333333,0.05,0.05,0.0,0.36666666666666664,11.733333333333333,27.533333333333335,38.833333333333336,4.350666666666667,4.11809898989639
48,17,7,39533.82,15,1,0.54,0.43,4,52.266666666666666,29.14,23.133333333333333,25.6,33.346666666666664,25.706666666666667,29.06,18.88133333333333,2.17,2.17,0.0,5.066666666666666,15.993333333333334,36.37,36.6,3.9153333333333338,11.463418537998566
80,9,9,23658.67,14,1,0.68,0.28,0,6.0,29.163333333333334,22.779999999999998,25.636666666666667,32.87,25.456666666666667,28.433333333333334,21.76066666666667,0.05,0.05,0.0,0.23333333333333334,14.883333333333333,31.34333333333333,45.7,4.713666666666667,6.581147772910261
3,17,1,60088.34,21,2,0.27,0.42,3,5.6,29.27,21.509999999999998,25.14333333333333,31.953333333333333,23.316666666666666,27.303333333333335,23.029999999999998,0.010000000000000002,0.010000000000000002,0.0,0.1,15.493333333333334,33.36,38.833333333333336,5.002666666666667,10.188325227052724
20,8,8,92890.03,7,0,0.47,0.76,3,51.733333333333334,27.433333333333334,22.92,24.993333333333332,31.34,25.946666666666665,28.846666666666668,12.513,5.489999999999999,5.489999999999999,0.0,6.7,13.476666666666667,25.9,78.1,2.6566666666666667,22.548616955897455
24,2,7,92984.81,18,1,0.27,0.28,0,47.2,29.173333333333332,22.970000000000002,25.62,33.92666666666666,25.826666666666664,29.123333333333335,19.062333333333335,2.3333333333333335,2.3333333333333335,0.0,2.8333333333333335,13.379999999999999,31.2,43.46666666666667,4.036,9.381454599725718
54,13,6,34848.62,7,2,0.97,0.52,3,51.733333333333334,27.433333333333334,22.92,24.993333333333332,31.34,25.946666666666665,28.846666666666668,12.513,5.489999999999999,5.489999999999999,0.0,6.7,13.476666666666667,25.9,78.1,2.6566666666666667,23.559933269954524
33,3,6,53240.07,17,2,0.85,0.74,4,53.9,27.946666666666665,23.273333333333333,25.183333333333334,32.056666666666665,26.423333333333336,28.69,15.520999999999999,3.066666666666667,3.066666666666667,0.0,5.566666666666666,12.430000000000001,30.836666666666666,36.06666666666667,3.293,22.209444199262467
24,16,6,21951.95,27,2,0.57,0.38,3,31.433333333333334,30.266666666666666,23.636666666666667,26.673333333333336,33.86,26.21333333333333,29.623333333333335,20.294,0.25666666666666665,0.25666666666666665,0.0,1.5666666666666667,17.416666666666668,36.85,46.166666666666664,4.651333333333333,14.235243266932507
75,6,9,99567.48,15,1,0.38,0.61,4,52.266666666666666,29.14,23.133333333333333,25.6,33.346666666666664,25.706666666666667,29.06,18.88133333333333,2.17,2.17,0.0,5.066666666666666,15.993333333333334,36.37,36.6,3.9153333333333338,13.00620677323084
72,19,2,98130.67,19,2,0.95,0.3,0,5.866666666666666,29.353333333333335,22.573333333333334,25.69,33.15,24.793333333333333,28.433333333333334,21.775333333333332,0.010000000000000002,0.010000000000000002,0.0,0.1,13.416666666666666,29.13,59.266666666666666,4.743333333333334,12.364745628232438
36,7,1,65301.38,18,1,0.48,0.19,1,47.2,29.173333333333332,22.970000000000002,25.62,33.92666666666666,25.826666666666664,29.123333333333335,19.062333333333335,2.3333333333333335,2.3333333333333335,0.0,2.8333333333333335,13.379999999999999,31.2,43.46666666666667,4.036,10.46201625819605
38,10,6,80636.99,9,2,0.33,0.74,0,44.233333333333334,29.076666666666664,22.41,25.60666666666667,34.63666666666666,26.59,30.316666666666666,19.968999999999998,1.12,1.12,0.0,2.466666666666667,8.346666666666668,21.183333333333334,82.76666666666667,3.96,16.64773702342807
84,9,8,71794.92,16,2,0.65,0.18,3,52.03333333333333,28.456666666666667,23.496666666666666,25.516666666666666,31.80666666666667,26.57,28.706666666666667,16.343333333333334,2.46,2.46,0.0,4.533333333333333,17.233333333333334,38.15,29.433333333333334,3.5396666666666667,14.773155211394906
89,2,3,59722.66,12,1,0.96,0.32,4,56.333333333333336,28.956666666666667,23.14,25.56,35.406666666666666,27.62,30.503333333333334,18.640666666666668,2.9433333333333334,2.9433333333333334,0.0,7.466666666666667,8.383333333333333,23.90666666666667,115.3,3.710666666666667,13.525256210026871
25,15,1,6281.45,12,0,0.2,0.78,3,56.333333333333336,28.956666666666667,23.14,25.56,35.406666666666666,27.62,30.503333333333334,18.640666666666668,2.9433333333333334,2.9433333333333334,0.0,7.466666666666667,8.383333333333333,23.90666666666667,115.3,3.710666666666667,14.346341350928475
18,5,9,46021.67,6,1,0.39,0.38,3,23.533333333333335,28.206666666666667,21.740000000000002,25.15666666666667,31.94333333333333,24.066666666666666,27.883333333333333,18.336000000000002,1.1700000000000002,1.1700000000000002,0.0,1.3333333333333333,14.1,27.986666666666668,92.8,4.055000000000001,10.504703127485028
82,4,1,67803.84,26,0,0.95,0.88,1,39.1,30.076666666666664,23.236666666666668,26.336666666666666,34.57333333333334,26.676666666666666,30.05666666666667,19.670666666666666,0.9966666666666666,0.9966666666666666,0.0,3.7666666666666666,13.75,31.466666666666665,43.3,4.147,11.975362938040695
66,4,3,68075.63,9,1,0.34,0.88,3,44.233333333333334,29.076666666666664,22.41,25.60666666666667,34.63666666666666,26.59,30.316666666666666,19.968999999999998,1.12,1.12,0.0,2.466666666666667,8.346666666666668,21.183333333333334,82.76666666666667,3.96,16.470276017876873
54,18,8,37939.14,1,1,0.29,0.31,1,28.0,28.723333333333336,23.116666666666667,25.486666666666668,32.17,25.87,28.69,17.647333333333332,0.36333333333333334,0.36333333333333334,0.0,1.9333333333333333,15.229999999999999,31.986666666666668,63.63333333333333,3.8056666666666668,8.939862678448236
35,4,3,94227.51,3,1,0.66,0.13,4,16.133333333333333,27.81,21.666666666666668,24.716666666666665,30.85,23.65666666666667,27.313333333333333,16.785666666666668,0.45666666666666667,0.45666666666666667,0.0,1.2666666666666666,14.893333333333334,32.52333333333333,167.1,3.701333333333333,8.35235855755136
80,17,4,17568.35,24,0,0.89,0.66,4,9.066666666666666,29.613333333333333,22.453333333333333,25.956666666666667,33.31666666666667,25.69333333333333,29.25,20.462333333333333,0.05,0.05,0.0,0.36666666666666664,11.733333333333333,27.533333333333335,38.833333333333336,4.350666666666667,6.163276751759726
61,12,8,50535.59,5,1,0.58,0.46,1,10.066666666666666,27.833333333333332,21.18,24.46333333333333,30.046666666666667,23.053333333333335,26.186666666666667,20.332,0.07,0.07,0.0,0.43333333333333335,16.89666666666667,32.77,63.833333333333336,4.553333333333333,12.3595500619844
41,17,1,69397.51,23,1,1.0,0.18,0,14.066666666666666,28.873333333333335,21.959999999999997,25.516666666666666,32.5,24.633333333333333,28.56,19.76833333333333,0.14666666666666667,0.14666666666666667,0.0,0.8333333333333334,9.656666666666666,23.10666666666667,104.53333333333333,4.1690000000000005,3.0252016340495804
33,10,6,70016.44,17,1,0.74,0.67,4,53.9,27.946666666666665,23.273333333333333,25.183333333333334,32.056666666666665,26.423333333333336,28.69,15.520999999999999,3.066666666666667,3.066666666666667,0.0,5.566666666666666,12.430000000000001,30.836666666666666,36.06666666666667,3.293,17.445655690779958
68,1,1,65215.26,22,2,0.26,0.12,0,3.1,28.92,21.466666666666665,24.973333333333336,31.66,23.02,27.233333333333334,22.385333333333335,0.006666666666666667,0.006666666666666667,0.0,0.06666666666666667,14.120000000000001,31.016666666666666,38.13333333333333,4.736999999999999,9.335809143060198
33,18,1,28253.53,5,2,0.99,0.8,4,10.066666666666666,27.833333333333332,21.18,24.46333333333333,30.046666666666667,23.053333333333335,26.186666666666667,20.332,0.07,0.07,0.0,0.43333333333333335,16.89666666666667,32.77,63.833333333333336,4.553333333333333,17.16148780160255
14,18,8,16464.45,28,1,0.53,0.21,4,17.566666666666666,30.466666666666665,23.623333333333335,26.623333333333335,33.553333333333335,25.996666666666666,29.15,19.854333333333333,0.5366666666666667,0.5366666666666667,0.0,1.8666666666666667,17.546666666666667,38.43666666666666,34.166666666666664,4.806333333333333,6.159284053602443
21,14,4,63958.09,29,1,0.43,0.2,2,58.166666666666664,27.976666666666667,22.543333333333333,24.973333333333336,30.52,25.103333333333335,27.55666666666667,11.023666666666665,26.796666666666667,26.796666666666667,0.0,9.733333333333333,16.936666666666664,38.629999999999995,42.4,2.8523333333333336,59.181149957797416
48,15,1,60330.91,24,1,0.65,0.24,3,9.066666666666666,29.613333333333333,22.453333333333333,25.956666666666667,33.31666666666667,25.69333333333333,29.25,20.462333333333333,0.05,0.05,0.0,0.36666666666666664,11.733333333333333,27.533333333333335,38.833333333333336,4.350666666666667,5.740498598011751
20,12,7,18756.25,22,1,0.44,0.87,3,3.1,28.92,21.466666666666665,24.973333333333336,31.66,23.02,27.233333333333334,22.385333333333335,0.006666666666666667,0.006666666666666667,0.0,0.06666666666666667,14.120000000000001,31.016666666666666,38.13333333333333,4.736999999999999,13.069286197917016
8,4,5,70808.78,16,1,0.27,0.65,0,52.03333333333333,28.456666666666667,23.496666666666666,25.516666666666666,31.80666666666667,26.57,28.706666666666667,16.343333333333334,2.46,2.46,0.0,4.533333333333333,17.233333333333334,38.15,29.433333333333334,3.5396666666666667,17.494403145531535
7,3,5,46062.03,13,2,0.2,0.74,3,53.06666666666667,29.246666666666666,22.82,25.64,34.93333333333333,26.636666666666667,30.086666666666666,19.803,2.06,2.06,0.0,2.966666666666667,12.696666666666665,30.290000000000003,71.5,3.99,20.53552322894757
67,12,1,67108.3,23,1,0.56,0.42,0,14.066666666666666,28.873333333333335,21.959999999999997,25.516666666666666,32.5,24.633333333333333,28.56,19.76833333333333,0.14666666666666667,0.14666666666666667,0.0,0.8333333333333334,9.656666666666666,23.10666666666667,104.53333333333333,4.1690000000000005,7.793968940442353
17,7,6,83899.34,10,1,0.87,0.37,4,39.7,28.83,22.253333333333334,25.67,34.913333333333334,26.383333333333333,30.616666666666667,20.032666666666668,0.5633333333333332,0.5633333333333332,0.0,3.1,7.319999999999999,18.490000000000002,163.93333333333334,3.975333333333333,10.416066479816543
33,11,9,17803.11,25,1,0.66,0.29,2,4.433333333333334,30.363333333333333,22.87,26.34,34.72666666666667,26.243333333333332,29.9,22.631666666666668,0.060000000000000005,0.060000000000000005,0.0,0.4,10.770000000000001,25.31,61.43333333333333,4.747333333333333,7.5609492813149135
48,1,9,2895.34,18,0,1.0,0.48,2,47.2,29.173333333333332,22.970000000000002,25.62,33.92666666666666,25.826666666666664,29.123333333333335,19.062333333333335,2.3333333333333335,2.3333333333333335,0.0,2.8333333333333335,13.379999999999999,31.2,43.46666666666667,4.036,11.645959844925105
76,6,8,78131.16,29,0,0.43,0.54,4,58.166666666666664,27.976666666666667,22.543333333333333,24.973333333333336,30.52,25.103333333333335,27.55666666666667,11.023666666666665,26.796666666666667,26.796666666666667,0.0,9.733333333333333,16.936666666666664,38.629999999999995,42.4,2.8523333333333336,61.01777659621876
59,15,5,61360.05,1,0,0.42,0.61,1,28.0,28.723333333333336,23.116666666666667,25.486666666666668,32.17,25.87,28.69,17.647333333333332,0.36333333333333334,0.36333333333333334,0.0,1.9333333333333333,15.229999999999999,31.986666666666668,63.63333333333333,3.8056666666666668,6.803174150283558
86,15,1,70264.32,27,1,0.33,0.31,1,31.433333333333334,30.266666666666666,23.636666666666667,26.673333333333336,33.86,26.21333333333333,29.623333333333335,20.294,0.25666666666666665,0.25666666666666665,0.0,1.5666666666666667,17.416666666666668,36.85,46.166666666666664,4.651333333333333,6.893061773037879
22,19,9,83977.34,2,1,0.33,0.86,3,51.13333333333333,28.14,22.793333333333333,25.113333333333333,32.153333333333336,25.793333333333333,28.5,16.794333333333334,0.9433333333333334,0.9433333333333334,0.0,4.433333333333334,14.323333333333332,30.470000000000002,44.43333333333333,3.5106666666666664,16.82760707435156
30,11,1,80478.28,10,1,0.43,0.24,0,39.7,28.83,22.253333333333334,25.67,34.913333333333334,26.383333333333333,30.616666666666667,20.032666666666668,0.5633333333333332,0.5633333333333332,0.0,3.1,7.319999999999999,18.490000000000002,163.93333333333334,3.975333333333333,8.422222064816864
38,2,8,96131.09,5,1,0.83,0.87,2,10.066666666666666,27.833333333333332,21.18,24.46333333333333,30.046666666666667,23.053333333333335,26.186666666666667,20.332,0.07,0.07,0.0,0.43333333333333335,16.89666666666667,32.77,63.833333333333336,4.553333333333333,14.048647609053777
51,14,5,54057.57,28,2,0.92,0.11,3,17.566666666666666,30.466666666666665,23.623333333333335,26.623333333333335,33.553333333333335,25.996666666666666,29.15,19.854333333333333,0.5366666666666667,0.5366666666666667,0.0,1.8666666666666667,17.546666666666667,38.43666666666666,34.166666666666664,4.806333333333333,9.569324408296508
54,2,3,49361.07,13,2,0.98,0.48,4,53.06666666666667,29.246666666666666,22.82,25.64,34.93333333333333,26.636666666666667,30.086666666666666,19.803,2.06,2.06,0.0,2.966666666666667,12.696666666666665,30.290000000000003,71.5,3.99,18.79649734368264
8,4,7,40786.83,18,0,0.39,0.37,2,47.2,29.173333333333332,22.970000000000002,25.62,33.92666666666666,25.826666666666664,29.123333333333335,19.062333333333335,2.3333333333333335,2.3333333333333335,0.0,2.8333333333333335,13.379999999999999,31.2,43.46666666666667,4.036,8.21930958341292
27,17,7,16215.41,25,0,0.91,0.46,0,4.433333333333334,30.363333333333333,22.87,26.34,34.72666666666667,26.243333333333332,29.9,22.631666666666668,0.060000000000000005,0.060000000000000005,0.0,0.4,10.770000000000001,25.31,61.43333333333333,4.747333333333333,6.460646071755058
27,3,9,57688.12,15,1,0.46,0.56,0,52.266666666666666,29.14,23.133333333333333,25.6,33.346666666666664,25.706666666666667,29.06,18.88133333333333,2.17,2.17,0.0,5.066666666666666,15.993333333333334,36.37,36.6,3.9153333333333338,14.25671102134916
21,13,7,28424.24,20,2,0.29,0.45,1,5.566666666666666,29.123333333333335,21.916666666666668,25.313333333333333,32.1,24.029999999999998,27.490000000000002,21.885666666666665,0.15,0.15,0.0,0.7,16.486666666666668,34.14666666666667,42.666666666666664,4.899,12.37347819515917
30,9,3,92209.44,21,1,0.9,0.43,3,5.6,29.27,21.509999999999998,25.14333333333333,31.953333333333333,23.316666666666666,27.303333333333335,23.029999999999998,0.010000000000000002,0.010000000000000002,0.0,0.1,15.493333333333334,33.36,38.833333333333336,5.002666666666667,10.328165277980785
28,7,1,58735.89,23,1,0.71,0.69,4,14.066666666666666,28.873333333333335,21.959999999999997,25.516666666666666,32.5,24.633333333333333,28.56,19.76833333333333,0.14666666666666667,0.14666666666666667,0.0,0.8333333333333334,9.656666666666666,23.10666666666667,104.53333333333333,4.1690000000000005,13.311457856815377
64,15,8,59691.18,6,2,0.33,0.65,2,23.533333333333335,28.206666666666667,21.740000000000002,25.15666666666667,31.94333333333333,24.066666666666666,27.883333333333333,18.336000000000002,1.1700000000000002,1.1700000000000002,0.0,1.3333333333333333,14.1,27.986666666666668,92.8,4.055000000000001,18.36026445400096
69,11,3,36137.54,29,1,0.54,0.77,0,58.166666666666664,27.976666666666667,22.543333333333333,24.973333333333336,30.52,25.103333333333335,27.55666666666667,11.023666666666665,26.796666666666667,26.796666666666667,0.0,9.733333333333333,16.936666666666664,38.629999999999995,42.4,2.8523333333333336,68.29155154406482
61,2,8,6146.95,26,1,0.43,0.3,2,39.1,30.076666666666664,23.236666666666668,26.336666666666666,34.57333333333334,26.676666666666666,30.05666666666667,19.670666666666666,0.9966666666666666,0.9966666666666666,0.0,3.7666666666666666,13.75,31.466666666666665,43.3,4.147,9.124839095782471
48,15,8,4142.63,7,1,0.79,0.59,4,51.733333333333334,27.433333333333334,22.92,24.993333333333332,31.34,25.946666666666665,28.846666666666668,12.513,5.489999999999999,5.489999999999999,0.0,6.7,13.476666666666667,25.9,78.1,2.6566666666666667,22.582929456942445
19,14,5,42910.18,18,2,0.56,0.57,2,47.2,29.173333333333332,22.970000000000002,25.62,33.92666666666666,25.826666666666664,29.123333333333335,19.062333333333335,2.3333333333333335,2.3333333333333335,0.0,2.8333333333333335,13.379999999999999,31.2,43.46666666666667,4.036,18.041266531776483
4,11,1,9371.97,19,2,0.99,0.4,3,5.866666666666666,29.353333333333335,22.573333333333334,25.69,33.15,24.793333333333333,28.433333333333334,21.775333333333332,0.010000000000000002,0.010000000000000002,0.0,0.1,13.416666666666666,29.13,59.266666666666666,4.743333333333334,12.306249528732664
35,3,7,61077.85,15,1,0.24,0.49,1,52.266666666666666,29.14,23.133333333333333,25.6,33.346666666666664,25.706666666666667,29.06,18.88133333333333,2.17,2.17,0.0,5.066666666666666,15.993333333333334,36.37,36.6,3.9153333333333338,13.524785418448472
64,17,5,88216.33,21,0,0.48,0.35,2,5.6,29.27,21.509999999999998,25.14333333333333,31.953333333333333,23.316666666666666,27.303333333333335,23.029999999999998,0.010000000000000002,0.010000000000000002,0.0,0.1,15.493333333333334,33.36,38.833333333333336,5.002666666666667,4.365493947489076
49,12,8,88408.57,26,1,0.59,0.21,1,39.1,30.076666666666664,23.236666666666668,26.336666666666666,34.57333333333334,26.676666666666666,30.05666666666667,19.670666666666666,0.9966666666666666,0.9966666666666666,0.0,3.7666666666666666,13.75,31.466666666666665,43.3,4.147,8.906068871488705
17,15,9,66245.5,6,1,0.6,0.27,4,23.533333333333335,28.206666666666667,21.740000000000002,25.15666666666667,31.94333333333333,24.066666666666666,27.883333333333333,18.336000000000002,1.1700000000000002,1.1700000000000002,0.0,1.3333333333333333,14.1,27.986666666666668,92.8,4.055000000000001,7.852668975149792
44,16,7,21911.95,8,2,0.45,0.18,1,56.06666666666667,28.55666666666667,22.85666666666667,25.453333333333333,34.406666666666666,26.990000000000002,30.283333333333335,17.662333333333333,3.2766666666666664,3.2766666666666664,0.0,6.733333333333333,11.053333333333335,28.49,146.4,3.4739999999999998,18.851914246861522
30,5,7,86436.69,12,2,0.78,0.65,2,56.333333333333336,28.956666666666667,23.14,25.56,35.406666666666666,27.62,30.503333333333334,18.640666666666668,2.9433333333333334,2.9433333333333334,0.0,7.466666666666667,8.383333333333333,23.90666666666667,115.3,3.710666666666667,19.177640594417113
46,6,1,88723.25,0,0,0.9,0.63,2,9.933333333333334,28.84,22.483333333333334,25.506666666666668,32.15,24.89333333333333,28.2,19.875,0.05,0.05,0.0,0.26666666666666666,15.586666666666666,33.75,44.266666666666666,4.4093333333333335,5.838717080818402
6,19,4,20468.7,28,1,0.95,0.86,0,17.566666666666666,30.466666666666665,23.623333333333335,26.623333333333335,33.553333333333335,25.996666666666666,29.15,19.854333333333333,0.5366666666666667,0.5366666666666667,0.0,1.8666666666666667,17.546666666666667,38.43666666666666,34.166666666666664,4.806333333333333,16.630499643583438
37,5,2,74005.18,7,2,0.84,0.68,2,51.733333333333334,27.433333333333334,22.92,24.993333333333332,31.34,25.946666666666665,28.846666666666668,12.513,5.489999999999999,5.489999999999999,0.0,6.7,13.476666666666667,25.9,78.1,2.6566666666666667,27.3274940409444
24,3,2,29365.44,23,2,0.88,0.14,1,14.066666666666666,28.873333333333335,21.959999999999997,25.516666666666666,32.5,24.633333333333333,28.56,19.76833333333333,0.14666666666666667,0.14666666666666667,0.0,0.8333333333333334,9.656666666666666,23.10666666666667,104.53333333333333,4.1690000000000005,9.909513058911566
46,1,2,80461.39,21,0,0.64,0.81,0,5.6,29.27,21.509999999999998,25.14333333333333,31.953333333333333,23.316666666666666,27.303333333333335,23.029999999999998,0.010000000000000002,0.010000000000000002,0.0,0.1,15.493333333333334,33.36,38.833333333333336,5.002666666666667,10.68251826389642
53,6,4,99726.55,3,1,0.86,0.79,2,16.133333333333333,27.81,21.666666666666668,24.716666666666665,30.85,23.65666666666667,27.313333333333333,16.785666666666668,0.45666666666666667,0.45666666666666667,0.0,1.2666666666666666,14.893333333333334,32.52333333333333,167.1,3.701333333333333,13.874963174062962
60,15,1,3972.57,2,2,0.44,0.45,2,51.13333333333333,28.14,22.793333333333333,25.113333333333333,32.153333333333336,25.793333333333333,28.5,16.794333333333334,0.9433333333333334,0.9433333333333334,0.0,4.433333333333334,14.323333333333332,30.470000000000002,44.43333333333333,3.5106666666666664,12.94078510943792
63,2,4,89839.22,26,2,0.52,0.57,4,39.1,30.076666666666664,23.236666666666668,26.336666666666666,34.57333333333334,26.676666666666666,30.05666666666667,19.670666666666666,0.9966666666666666,0.9966666666666666,0.0,3.7666666666666666,13.75,31.466666666666665,43.3,4.147,15.947040170623922
85,3,2,62640.42,2,1,0.45,0.88,0,51.13333333333333,28.14,22.793333333333333,25.113333333333333,32.153333333333336,25.793333333333333,28.5,16.794333333333334,0.9433333333333334,0.9433333333333334,0.0,4.433333333333334,14.323333333333332,30.470000000000002,44.43333333333333,3.5106666666666664,14.9309240993985
32,17,5,97364.88,21,1,0.57,0.53,4,5.6,29.27,21.509999999999998,25.14333333333333,31.953333333333333,23.316666666666666,27.303333333333335,23.029999999999998,0.010000000000000002,0.010000000000000002,0.0,0.1,15.493333333333334,33.36,38.833333333333336,5.002666666666667,11.342679600126628
87,12,3,47035.94,12,1,0.43,0.82,4,56.333333333333336,28.956666666666667,23.14,25.56,35.406666666666666,27.62,30.503333333333334,18.640666666666668,2.9433333333333334,2.9433333333333334,0.0,7.466666666666667,8.383333333333333,23.90666666666667,115.3,3.710666666666667,19.006080594413458
33,18,8,84891.41,7,2,0.97,0.17,4,51.733333333333334,27.433333333333334,22.92,24.993333333333332,31.34,25.946666666666665,28.846666666666668,12.513,5.489999999999999,5.489999999999999,0.0,6.7,13.476666666666667,25.9,78.1,2.6566666666666667,18.78175420481123
67,15,4,7177.01,6,0,0.45,0.25,3,23.533333333333335,28.206666666666667,21.740000000000002,25.15666666666667,31.94333333333333,24.066666666666666,27.883333333333333,18.336000000000002,1.1700000000000002,1.1700000000000002,0.0,1.3333333333333333,14.1,27.986666666666668,92.8,4.055000000000001,4.85792123752051
18,12,1,34192.63,26,2,0.28,0.45,4,39.1,30.076666666666664,23.236666666666668,26.336666666666666,34.57333333333334,26.676666666666666,30.05666666666667,19.670666666666666,0.9966666666666666,0.9966666666666666,0.0,3.7666666666666666,13.75,31.466666666666665,43.3,4.147,15.01273051474677
25,16,1,7634.64,0,2,0.62,0.57,1,9.933333333333334,28.84,22.483333333333334,25.506666666666668,32.15,24.89333333333333,28.2,19.875,0.05,0.05,0.0,0.26666666666666666,15.586666666666666,33.75,44.266666666666666,4.4093333333333335,13.094413170794038
54,8,3,97558.97,26,2,0.25,0.75,2,39.1,30.076666666666664,23.236666666666668,26.336666666666666,34.57333333333334,26.676666666666666,30.05666666666667,19.670666666666666,0.9966666666666666,0.9966666666666666,0.0,3.7666666666666666,13.75,31.466666666666665,43.3,4.147,16.760002739983683
58,14,9,81880.42,15,1,0.29,0.89,3,52.266666666666666,29.14,23.133333333333333,25.6,33.346666666666664,25.706666666666667,29.06,18.88133333333333,2.17,2.17,0.0,5.066666666666666,15.993333333333334,36.37,36.6,3.9153333333333338,18.885530817237868
67,17,7,85402.19,5,1,0.38,0.41,4,10.066666666666666,27.833333333333332,21.18,24.46333333333333,30.046666666666667,23.053333333333335,26.186666666666667,20.332,0.07,0.07,0.0,0.43333333333333335,16.89666666666667,32.77,63.833333333333336,4.553333333333333,8.927449856663085
46,8,2,93858.56,6,1,0.57,0.14,2,23.533333333333335,28.206666666666667,21.740000000000002,25.15666666666667,31.94333333333333,24.066666666666666,27.883333333333333,18.336000000000002,1.1700000000000002,1.1700000000000002,0.0,1.3333333333333333,14.1,27.986666666666668,92.8,4.055000000000001,6.759585236943305
24,15,9,9425.25,11,1,0.55,0.74,0,59.93333333333333,28.80666666666667,22.923333333333336,25.496666666666666,35.016666666666666,27.523333333333333,30.466666666666665,19.56833333333333,5.35,5.35,0.0,7.166666666666667,9.033333333333333,22.42666666666667,32.53333333333333,3.852333333333333,22.373442541572516
32,14,2,39174.16,22,1,0.84,0.58,0,3.1,28.92,21.466666666666665,24.973333333333336,31.66,23.02,27.233333333333334,22.385333333333335,0.006666666666666667,0.006666666666666667,0.0,0.06666666666666667,14.120000000000001,31.016666666666666,38.13333333333333,4.736999999999999,10.821408239369788
47,18,3,8032.45,8,2,0.79,0.26,2,56.06666666666667,28.55666666666667,22.85666666666667,25.453333333333333,34.406666666666666,26.990000000000002,30.283333333333335,17.662333333333333,3.2766666666666664,3.2766666666666664,0.0,6.733333333333333,11.053333333333335,28.49,146.4,3.4739999999999998,14.501206821087345
86,7,2,21868.52,26,1,0.54,0.5,1,39.1,30.076666666666664,23.236666666666668,26.336666666666666,34.57333333333334,26.676666666666666,30.05666666666667,19.670666666666666,0.9966666666666666,0.9966666666666666,0.0,3.7666666666666666,13.75,31.466666666666665,43.3,4.147,9.3821376717685
23,3,3,23707.21,10,1,0.47,0.69,2,39.7,28.83,22.253333333333334,25.67,34.913333333333334,26.383333333333333,30.616666666666667,20.032666666666668,0.5633333333333332,0.5633333333333332,0.0,3.1,7.319999999999999,18.490000000000002,163.93333333333334,3.975333333333333,11.829000334788013
66,12,6,47441.61,9,1,0.45,0.72,2,44.233333333333334,29.076666666666664,22.41,25.60666666666667,34.63666666666666,26.59,30.316666666666666,19.968999999999998,1.12,1.12,0.0,2.466666666666667,8.346666666666668,21.183333333333334,82.76666666666667,3.96,14.05982927243223
27,3,9,27587.65,20,1,0.82,0.5,3,5.566666666666666,29.123333333333335,21.916666666666668,25.313333333333333,32.1,24.029999999999998,27.490000000000002,21.885666666666665,0.15,0.15,0.0,0.7,16.486666666666668,34.14666666666667,42.666666666666664,4.899,10.266361348397007
2,14,9,10996.83,0,0,0.24,0.34,0,9.933333333333334,28.84,22.483333333333334,25.506666666666668,32.15,24.89333333333333,28.2,19.875,0.05,0.05,0.0,0.26666666666666666,15.586666666666666,33.75,44.266666666666666,4.4093333333333335,6.393034325424328
17,15,7,17581.62,17,0,0.21,0.88,0,53.9,27.946666666666665,23.273333333333333,25.183333333333334,32.056666666666665,26.423333333333336,28.69,15.520999999999999,3.066666666666667,3.066666666666667,0.0,5.566666666666666,12.430000000000001,30.836666666666666,36.06666666666667,3.293,17.979822768136366
33,14,3,15580.28,3,2,0.84,0.63,4,16.133333333333333,27.81,21.666666666666668,24.716666666666665,30.85,23.65666666666667,27.313333333333333,16.785666666666668,0.45666666666666667,0.45666666666666667,0.0,1.2666666666666666,14.893333333333334,32.52333333333333,167.1,3.701333333333333,15.233425538388191
9,7,4,97334.6,4,1,0.58,0.43,2,6.366666666666666,27.506666666666668,21.0,24.19,30.02,22.923333333333336,26.07,22.589666666666666,0.07666666666666666,0.07666666666666666,0.0,0.4666666666666667,15.903333333333332,32.46666666666667,145.63333333333333,4.755333333333334,8.7848090214793
43,17,6,76169.96,8,2,0.3,0.32,2,56.06666666666667,28.55666666666667,22.85666666666667,25.453333333333333,34.406666666666666,26.990000000000002,30.283333333333335,17.662333333333333,3.2766666666666664,3.2766666666666664,0.0,6.733333333333333,11.053333333333335,28.49,146.4,3.4739999999999998,15.889539286376618
48,12,5,96808.39,26,0,0.39,0.68,1,39.1,30.076666666666664,23.236666666666668,26.336666666666666,34.57333333333334,26.676666666666666,30.05666666666667,19.670666666666666,0.9966666666666666,0.9966666666666666,0.0,3.7666666666666666,13.75,31.466666666666665,43.3,4.147,10.125563629344748
39,4,2,44534.31,16,2,0.95,0.29,0,52.03333333333333,28.456666666666667,23.496666666666666,25.516666666666666,31.80666666666667,26.57,28.706666666666667,16.343333333333334,2.46,2.46,0.0,4.533333333333333,17.233333333333334,38.15,29.433333333333334,3.5396666666666667,14.96701204161979
42,9,6,28558.48,2,1,0.89,0.24,1,51.13333333333333,28.14,22.793333333333333,25.113333333333333,32.153333333333336,25.793333333333333,28.5,16.794333333333334,0.9433333333333334,0.9433333333333334,0.0,4.433333333333334,14.323333333333332,30.470000000000002,44.43333333333333,3.5106666666666664,8.750744507173799
26,6,3,80031.03,15,2,0.77,0.52,3,52.266666666666666,29.14,23.133333333333333,25.6,33.346666666666664,25.706666666666667,29.06,18.88133333333333,2.17,2.17,0.0,5.066666666666666,15.993333333333334,36.37,36.6,3.9153333333333338,16.339153584671514
50,16,8,33299.14,4,0,0.59,0.33,4,6.366666666666666,27.506666666666668,21.0,24.19,30.02,22.923333333333336,26.07,22.589666666666666,0.07666666666666666,0.07666666666666666,0.0,0.4666666666666667,15.903333333333332,32.46666666666667,145.63333333333333,4.755333333333334,4.892353104695092
25,2,2,30638.95,15,2,0.62,0.6,1,52.266666666666666,29.14,23.133333333333333,25.6,33.346666666666664,25.706666666666667,29.06,18.88133333333333,2.17,2.17,0.0,5.066666666666666,15.993333333333334,36.37,36.6,3.9153333333333338,20.839108369503865
24,8,1,24018.09,2,2,0.98,0.19,0,51.13333333333333,28.14,22.793333333333333,25.113333333333333,32.153333333333336,25.793333333333333,28.5,16.794333333333334,0.9433333333333334,0.9433333333333334,0.0,4.433333333333334,14.323333333333332,30.470000000000002,44.43333333333333,3.5106666666666664,11.003526443981382
13,11,9,13838.22,19,1,0.97,0.62,3,5.866666666666666,29.353333333333335,22.573333333333334,25.69,33.15,24.793333333333333,28.433333333333334,21.775333333333332,0.010000000000000002,0.010000000000000002,0.0,0.1,13.416666666666666,29.13,59.266666666666666,4.743333333333334,11.562567583148411
60,13,3,26389.84,14,2,0.37,0.33,2,6.0,29.163333333333334,22.779999999999998,25.636666666666667,32.87,25.456666666666667,28.433333333333334,21.76066666666667,0.05,0.05,0.0,0.23333333333333334,14.883333333333333,31.34333333333333,45.7,4.713666666666667,12.095215987566668
7,17,1,36176.66,29,1,0.85,0.1,3,58.166666666666664,27.976666666666667,22.543333333333333,24.973333333333336,30.52,25.103333333333335,27.55666666666667,11.023666666666665,26.796666666666667,26.796666666666667,0.0,9.733333333333333,16.936666666666664,38.629999999999995,42.4,2.8523333333333336,57.69150262550458
57,8,7,67725.43,2,2,0.36,0.2,1,51.13333333333333,28.14,22.793333333333333,25.113333333333333,32.153333333333336,25.793333333333333,28.5,16.794333333333334,0.9433333333333334,0.9433333333333334,0.0,4.433333333333334,14.323333333333332,30.470000000000002,44.43333333333333,3.5106666666666664,11.622805389382293
36,18,5,7193.92,19,1,0.37,0.85,0,5.866666666666666,29.353333333333335,22.573333333333334,25.69,33.15,24.793333333333333,28.433333333333334,21.775333333333332,0.010000000000000002,0.010000000000000002,0.0,0.1,13.416666666666666,29.13,59.266666666666666,4.743333333333334,13.738888601172691
45,18,5,21840.19,13,1,0.74,0.79,1,53.06666666666667,29.246666666666666,22.82,25.64,34.93333333333333,26.636666666666667,30.086666666666666,19.803,2.06,2.06,0.0,2.966666666666667,12.696666666666665,30.290000000000003,71.5,3.99,17.246514147823248
20,14,1,81093.34,15,1,0.52,0.29,2,52.266666666666666,29.14,23.133333333333333,25.6,33.346666666666664,25.706666666666667,29.06,18.88133333333333,2.17,2.17,0.0,5.066666666666666,15.993333333333334,36.37,36.6,3.9153333333333338,10.1604853242168
65,15,9,15545.27,28,2,0.95,0.72,2,17.566666666666666,30.466666666666665,23.623333333333335,26.623333333333335,33.553333333333335,25.996666666666666,29.15,19.854333333333333,0.5366666666666667,0.5366666666666667,0.0,1.8666666666666667,17.546666666666667,38.43666666666666,34.166666666666664,4.806333333333333,16.75009859472175
8,6,7,34921.87,28,1,0.27,0.59,0,17.566666666666666,30.466666666666665,23.623333333333335,26.623333333333335,33.553333333333335,25.996666666666666,29.15,19.854333333333333,0.5366666666666667,0.5366666666666667,0.0,1.8666666666666667,17.546666666666667,38.43666666666666,34.166666666666664,4.806333333333333,12.400330770201506
16,11,8,86601.23,16,2,0.61,0.88,4,52.03333333333333,28.456666666666667,23.496666666666666,25.516666666666666,31.80666666666667,26.57,28.706666666666667,16.343333333333334,2.46,2.46,0.0,4.533333333333333,17.233333333333334,38.15,29.433333333333334,3.5396666666666667,24.656715411692563
14,13,9,16337.61,27,2,0.93,0.4,3,31.433333333333334,30.266666666666666,23.636666666666667,26.673333333333336,33.86,26.21333333333333,29.623333333333335,20.294,0.25666666666666665,0.25666666666666665,0.0,1.5666666666666667,17.416666666666668,36.85,46.166666666666664,4.651333333333333,13.752239572461145
76,1,6,9190.95,23,1,0.92,0.65,3,14.066666666666666,28.873333333333335,21.959999999999997,25.516666666666666,32.5,24.633333333333333,28.56,19.76833333333333,0.14666666666666667,0.14666666666666667,0.0,0.8333333333333334,9.656666666666666,23.10666666666667,104.53333333333333,4.1690000000000005,14.823107019600668
87,6,5,48969.26,19,1,0.33,0.15,2,5.866666666666666,29.353333333333335,22.573333333333334,25.69,33.15,24.793333333333333,28.433333333333334,21.775333333333332,0.010000000000000002,0.010000000000000002,0.0,0.1,13.416666666666666,29.13,59.266666666666666,4.743333333333334,4.168978655667926
15,9,6,30939.53,22,1,0.49,0.42,1,3.1,28.92,21.466666666666665,24.973333333333336,31.66,23.02,27.233333333333334,22.385333333333335,0.006666666666666667,0.006666666666666667,0.0,0.06666666666666667,14.120000000000001,31.016666666666666,38.13333333333333,4.736999999999999,9.861814288414351
66,8,2,56777.43,17,0,0.7,0.87,1,53.9,27.946666666666665,23.273333333333333,25.183333333333334,32.056666666666665,26.423333333333336,28.69,15.520999999999999,3.066666666666667,3.066666666666667,0.0,5.566666666666666,12.430000000000001,30.836666666666666,36.06666666666667,3.293,16.84834634194086
32,11,4,80576.68,17,2,0.33,0.53,4,53.9,27.946666666666665,23.273333333333333,25.183333333333334,32.056666666666665,26.423333333333336,28.69,15.520999999999999,3.066666666666667,3.066666666666667,0.0,5.566666666666666,12.430000000000001,30.836666666666666,36.06666666666667,3.293,22.77803773315984
87,19,3,14577.7,21,1,0.97,0.33,1,5.6,29.27,21.509999999999998,25.14333333333333,31.953333333333333,23.316666666666666,27.303333333333335,23.029999999999998,0.010000000000000002,0.010000000000000002,0.0,0.1,15.493333333333334,33.36,38.833333333333336,5.002666666666667,6.267552571967274
63,9,7,58489.21,13,1,0.93,0.2,3,53.06666666666667,29.246666666666666,22.82,25.64,34.93333333333333,26.636666666666667,30.086666666666666,19.803,2.06,2.06,0.0,2.966666666666667,12.696666666666665,30.290000000000003,71.5,3.99,8.760417236728836
86,17,9,51045.37,17,2,0.33,0.66,1,53.9,27.946666666666665,23.273333333333333,25.183333333333334,32.056666666666665,26.423333333333336,28.69,15.520999999999999,3.066666666666667,3.066666666666667,0.0,5.566666666666666,12.430000000000001,30.836666666666666,36.06666666666667,3.293,20.1542443651673
51,12,5,15263.8,14,0,0.3,0.62,4,6.0,29.163333333333334,22.779999999999998,25.636666666666667,32.87,25.456666666666667,28.433333333333334,21.76066666666667,0.05,0.05,0.0,0.23333333333333334,14.883333333333333,31.34333333333333,45.7,4.713666666666667,4.354156413535289
25,14,6,62775.85,14,0,0.27,0.4,3,6.0,29.163333333333334,22.779999999999998,25.636666666666667,32.87,25.456666666666667,28.433333333333334,21.76066666666667,0.05,0.05,0.0,0.23333333333333334,14.883333333333333,31.34333333333333,45.7,4.713666666666667,4.111367467478859
58,15,2,28090.4,5,2,0.93,0.86,1,10.066666666666666,27.833333333333332,21.18,24.46333333333333,30.046666666666667,23.053333333333335,26.186666666666667,20.332,0.07,0.07,0.0,0.43333333333333335,16.89666666666667,32.77,63.833333333333336,4.553333333333333,16.321301007669454
63,16,3,49295.6,26,1,0.35,0.12,3,39.1,30.076666666666664,23.236666666666668,26.336666666666666,34.57333333333334,26.676666666666666,30.05666666666667,19.670666666666666,0.9966666666666666,0.9966666666666666,0.0,3.7666666666666666,13.75,31.466666666666665,43.3,4.147,7.1589240130476455
62,1,3,9144.96,14,1,0.53,0.34,2,6.0,29.163333333333334,22.779999999999998,25.636666666666667,32.87,25.456666666666667,28.433333333333334,21.76066666666667,0.05,0.05,0.0,0.23333333333333334,14.883333333333333,31.34333333333333,45.7,4.713666666666667,8.192633963665738
22,10,9,46498.82,17,1,0.56,0.84,2,53.9,27.946666666666665,23.273333333333333,25.183333333333334,32.056666666666665,26.423333333333336,28.69,15.520999999999999,3.066666666666667,3.066666666666667,0.0,5.566666666666666,12.430000000000001,30.836666666666666,36.06666666666667,3.293,22.52758959215716
58,8,7,31339.88,3,1,0.68,0.36,2,16.133333333333333,27.81,21.666666666666668,24.716666666666665,30.85,23.65666666666667,27.313333333333333,16.785666666666668,0.45666666666666667,0.45666666666666667,0.0,1.2666666666666666,14.893333333333334,32.52333333333333,167.1,3.701333333333333,10.158969090612409
58,18,8,82415.74,22,1,0.26,0.3,1,3.1,28.92,21.466666666666665,24.973333333333336,31.66,23.02,27.233333333333334,22.385333333333335,0.006666666666666667,0.006666666666666667,0.0,0.06666666666666667,14.120000000000001,31.016666666666666,38.13333333333333,4.736999999999999,6.247977849839729
86,1,9,6640.89,7,1,0.38,0.53,4,51.733333333333334,27.433333333333334,22.92,24.993333333333332,31.34,25.946666666666665,28.846666666666668,12.513,5.489999999999999,5.489999999999999,0.0,6.7,13.476666666666667,25.9,78.1,2.6566666666666667,19.492377992977463
49,2,6,42442.12,14,1,0.95,0.76,3,6.0,29.163333333333334,22.779999999999998,25.636666666666667,32.87,25.456666666666667,28.433333333333334,21.76066666666667,0.05,0.05,0.0,0.23333333333333334,14.883333333333333,31.34333333333333,45.7,4.713666666666667,13.45787875725976
52,1,4,46384.71,2,0,0.93,0.18,0,51.13333333333333,28.14,22.793333333333333,25.113333333333333,32.153333333333336,25.793333333333333,28.5,16.794333333333334,0.9433333333333334,0.9433333333333334,0.0,4.433333333333334,14.323333333333332,30.470000000000002,44.43333333333333,3.5106666666666664,2.0663168561357037
42,1,1,72775.6,29,2,0.83,0.85,2,58.166666666666664,27.976666666666667,22.543333333333333,24.973333333333336,30.52,25.103333333333335,27.55666666666667,11.023666666666665,26.796666666666667,26.796666666666667,0.0,9.733333333333333,16.936666666666664,38.629999999999995,42.4,2.8523333333333336,73.54052148211487
70,9,8,57854.47,14,0,0.22,0.74,2,6.0,29.163333333333334,22.779999999999998,25.636666666666667,32.87,25.456666666666667,28.433333333333334,21.76066666666667,0.05,0.05,0.0,0.23333333333333334,14.883333333333333,31.34333333333333,45.7,4.713666666666667,10.74916018108193
15,13,7,67054.02,12,2,0.46,0.25,0,56.333333333333336,28.956666666666667,23.14,25.56,35.406666666666666,27.62,30.503333333333334,18.640666666666668,2.9433333333333334,2.9433333333333334,0.0,7.466666666666667,8.383333333333333,23.90666666666667,115.3,3.710666666666667,15.18290318850961
54,1,2,77927.88,8,1,0.7,0.67,0,56.06666666666667,28.55666666666667,22.85666666666667,25.453333333333333,34.406666666666666,26.990000000000002,30.283333333333335,17.662333333333333,3.2766666666666664,3.2766666666666664,0.0,6.733333333333333,11.053333333333335,28.49,146.4,3.4739999999999998,15.523631539697018
60,13,8,86358.09,1,2,0.42,0.41,1,28.0,28.723333333333336,23.116666666666667,25.486666666666668,32.17,25.87,28.69,17.647333333333332,0.36333333333333334,0.36333333333333334,0.0,1.9333333333333333,15.229999999999999,31.986666666666668,63.63333333333333,3.8056666666666668,14.677475227914787
8,7,5,32073.67,23,1,0.93,0.42,3,14.066666666666666,28.873333333333335,21.959999999999997,25.516666666666666,32.5,24.633333333333333,28.56,19.76833333333333,0.14666666666666667,0.14666666666666667,0.0,0.8333333333333334,9.656666666666666,23.10666666666667,104.53333333333333,4.1690000000000005,8.661523565454408
53,2,7,54264.25,7,2,0.71,0.73,2,51.733333333333334,27.433333333333334,22.92,24.993333333333332,31.34,25.946666666666665,28.846666666666668,12.513,5.489999999999999,5.489999999999999,0.0,6.7,13.476666666666667,25.9,78.1,2.6566666666666667,28.596724467960186
60,6,4,84170.7,28,1,0.26,0.87,4,17.566666666666666,30.466666666666665,23.623333333333335,26.623333333333335,33.553333333333335,25.996666666666666,29.15,19.854333333333333,0.5366666666666667,0.5366666666666667,0.0,1.8666666666666667,17.546666666666667,38.43666666666666,34.166666666666664,4.806333333333333,12.62169184514178
5,7,5,98955.66,29,0,0.93,0.2,1,58.166666666666664,27.976666666666667,22.543333333333333,24.973333333333336,30.52,25.103333333333335,27.55666666666667,11.023666666666665,26.796666666666667,26.796666666666667,0.0,9.733333333333333,16.936666666666664,38.629999999999995,42.4,2.8523333333333336,55.09427079890267
68,14,8,89062.41,19,1,0.97,0.44,1,5.866666666666666,29.353333333333335,22.573333333333334,25.69,33.15,24.793333333333333,28.433333333333334,21.775333333333332,0.010000000000000002,0.010000000000000002,0.0,0.1,13.416666666666666,29.13,59.266666666666666,4.743333333333334,8.807865549577276
6,18,1,37775.26,16,1,0.26,0.48,4,52.03333333333333,28.456666666666667,23.496666666666666,25.516666666666666,31.80666666666667,26.57,28.706666666666667,16.343333333333334,2.46,2.46,0.0,4.533333333333333,17.233333333333334,38.15,29.433333333333334,3.5396666666666667,14.250470890647113
47,15,1,20321.49,12,0,0.63,0.4,4,56.333333333333336,28.956666666666667,23.14,25.56,35.406666666666666,27.62,30.503333333333334,18.640666666666668,2.9433333333333334,2.9433333333333334,0.0,7.466666666666667,8.383333333333333,23.90666666666667,115.3,3.710666666666667,10.011568459447801
55,2,4,49449.86,0,1,0.44,0.39,4,9.933333333333334,28.84,22.483333333333334,25.506666666666668,32.15,24.89333333333333,28.2,19.875,0.05,0.05,0.0,0.26666666666666666,15.586666666666666,33.75,44.266666666666666,4.4093333333333335,9.214274898521248
40,10,3,74422.5,1,2,0.51,0.14,0,28.0,28.723333333333336,23.116666666666667,25.486666666666668,32.17,25.87,28.69,17.647333333333332,0.36333333333333334,0.36333333333333334,0.0,1.9333333333333333,15.229999999999999,31.986666666666668,63.63333333333333,3.8056666666666668,7.805236022592775
52,12,2,49764.34,29,2,0.34,0.65,2,58.166666666666664,27.976666666666667,22.543333333333333,24.973333333333336,30.52,25.103333333333335,27.55666666666667,11.023666666666665,26.796666666666667,26.796666666666667,0.0,9.733333333333333,16.936666666666664,38.629999999999995,42.4,2.8523333333333336,68.1797641058014
16,17,3,48834.91,14,0,0.66,0.45,0,6.0,29.163333333333334,22.779999999999998,25.636666666666667,32.87,25.456666666666667,28.433333333333334,21.76066666666667,0.05,0.05,0.0,0.23333333333333334,14.883333333333333,31.34333333333333,45.7,4.713666666666667,5.680443447567848
13,8,1,83984.81,11,0,0.97,0.26,2,59.93333333333333,28.80666666666667,22.923333333333336,25.496666666666666,35.016666666666666,27.523333333333333,30.466666666666665,19.56833333333333,5.35,5.35,0.0,7.166666666666667,9.033333333333333,22.42666666666667,32.53333333333333,3.852333333333333,14.591658251088123
30,11,1,36778.97,13,0,0.6,0.75,0,53.06666666666667,29.246666666666666,22.82,25.64,34.93333333333333,26.636666666666667,30.086666666666666,19.803,2.06,2.06,0.0,2.966666666666667,12.696666666666665,30.290000000000003,71.5,3.99,14.187422317133336
19,3,6,86119.67,24,1,0.27,0.74,3,9.066666666666666,29.613333333333333,22.453333333333333,25.956666666666667,33.31666666666667,25.69333333333333,29.25,20.462333333333333,0.05,0.05,0.0,0.36666666666666664,11.733333333333333,27.533333333333335,38.833333333333336,4.350666666666667,10.793036862243195
17,6,5,41273.68,28,0,0.7,0.49,2,17.566666666666666,30.466666666666665,23.623333333333335,26.623333333333335,33.553333333333335,25.996666666666666,29.15,19.854333333333333,0.5366666666666667,0.5366666666666667,0.0,1.8666666666666667,17.546666666666667,38.43666666666666,34.166666666666664,4.806333333333333,4.6521620772298995
63,9,8,33495.08,1,2,0.47,0.34,1,28.0,28.723333333333336,23.116666666666667,25.486666666666668,32.17,25.87,28.69,17.647333333333332,0.36333333333333334,0.36333333333333334,0.0,1.9333333333333333,15.229999999999999,31.986666666666668,63.63333333333333,3.8056666666666668,13.72318189951443
19,6,2,45945.0,17,2,0.88,0.61,2,53.9,27.946666666666665,23.273333333333333,25.183333333333334,32.056666666666665,26.423333333333336,28.69,15.520999999999999,3.066666666666667,3.066666666666667,0.0,5.566666666666666,12.430000000000001,30.836666666666666,36.06666666666667,3.293,20.95180435130272
58,9,4,76482.25,21,1,0.55,0.33,2,5.6,29.27,21.509999999999998,25.14333333333333,31.953333333333333,23.316666666666666,27.303333333333335,23.029999999999998,0.010000000000000002,0.010000000000000002,0.0,0.1,15.493333333333334,33.36,38.833333333333336,5.002666666666667,6.35727019516517
55,7,8,13474.2,6,2,0.35,0.29,2,23.533333333333335,28.206666666666667,21.740000000000002,25.15666666666667,31.94333333333333,24.066666666666666,27.883333333333333,18.336000000000002,1.1700000000000002,1.1700000000000002,0.0,1.3333333333333333,14.1,27.986666666666668,92.8,4.055000000000001,15.146727963283784
62,9,6,20445.5,28,0,0.35,0.68,3,17.566666666666666,30.466666666666665,23.623333333333335,26.623333333333335,33.553333333333335,25.996666666666666,29.15,19.854333333333333,0.5366666666666667,0.5366666666666667,0.0,1.8666666666666667,17.546666666666667,38.43666666666666,34.166666666666664,4.806333333333333,9.406845284772622
23,18,1,95193.04,22,0,0.82,0.13,0,3.1,28.92,21.466666666666665,24.973333333333336,31.66,23.02,27.233333333333334,22.385333333333335,0.006666666666666667,0.006666666666666667,0.0,0.06666666666666667,14.120000000000001,31.016666666666666,38.13333333333333,4.736999999999999,3.3422791094290734
9,12,4,18373.67,28,1,0.41,0.18,1,17.566666666666666,30.466666666666665,23.623333333333335,26.623333333333335,33.553333333333335,25.996666666666666,29.15,19.854333333333333,0.5366666666666667,0.5366666666666667,0.0,1.8666666666666667,17.546666666666667,38.43666666666666,34.166666666666664,4.806333333333333,6.834611055448497
12,8,1,57205.0,24,1,0.81,0.11,0,9.066666666666666,29.613333333333333,22.453333333333333,25.956666666666667,33.31666666666667,25.69333333333333,29.25,20.462333333333333,0.05,0.05,0.0,0.36666666666666664,11.733333333333333,27.533333333333335,38.833333333333336,4.350666666666667,8.01112188732298
1,8,2,58352.13,5,1,0.36,0.22,0,10.066666666666666,27.833333333333332,21.18,24.46333333333333,30.046666666666667,23.053333333333335,26.186666666666667,20.332,0.07,0.07,0.0,0.43333333333333335,16.89666666666667,32.77,63.833333333333336,4.553333333333333,8.913011263664806
58,18,5,49472.82,13,0,0.46,0.16,4,53.06666666666667,29.246666666666666,22.82,25.64,34.93333333333333,26.636666666666667,30.086666666666666,19.803,2.06,2.06,0.0,2.966666666666667,12.696666666666665,30.290000000000003,71.5,3.99,5.66655377728139
1,15,8,64829.78,7,2,0.57,0.9,3,51.733333333333334,27.433333333333334,22.92,24.993333333333332,31.34,25.946666666666665,28.846666666666668,12.513,5.489999999999999,5.489999999999999,0.0,6.7,13.476666666666667,25.9,78.1,2.6566666666666667,30.237356426431532
34,7,8,23752.85,26,1,0.95,0.33,4,39.1,30.076666666666664,23.236666666666668,26.336666666666666,34.57333333333334,26.676666666666666,30.05666666666667,19.670666666666666,0.9966666666666666,0.9966666666666666,0.0,3.7666666666666666,13.75,31.466666666666665,43.3,4.147,10.421397257711055
48,11,3,55713.56,21,1,0.95,0.22,3,5.6,29.27,21.509999999999998,25.14333333333333,31.953333333333333,23.316666666666666,27.303333333333335,23.029999999999998,0.010000000000000002,0.010000000000000002,0.0,0.1,15.493333333333334,33.36,38.833333333333336,5.002666666666667,8.212947336298523
89,16,4,37845.15,1,1,0.37,0.29,0,28.0,28.723333333333336,23.116666666666667,25.486666666666668,32.17,25.87,28.69,17.647333333333332,0.36333333333333334,0.36333333333333334,0.0,1.9333333333333333,15.229999999999999,31.986666666666668,63.63333333333333,3.8056666666666668,6.259281475796509
1,4,6,66505.06,16,1,0.49,0.85,0,52.03333333333333,28.456666666666667,23.496666666666666,25.516666666666666,31.80666666666667,26.57,28.706666666666667,16.343333333333334,2.46,2.46,0.0,4.533333333333333,17.233333333333334,38.15,29.433333333333334,3.5396666666666667,19.649077189997655
16,6,3,14981.13,4,0,0.32,0.52,3,6.366666666666666,27.506666666666668,21.0,24.19,30.02,22.923333333333336,26.07,22.589666666666666,0.07666666666666666,0.07666666666666666,0.0,0.4666666666666667,15.903333333333332,32.46666666666667,145.63333333333333,4.755333333333334,7.980970063607716
61,3,2,57516.86,13,2,0.61,0.39,0,53.06666666666667,29.246666666666666,22.82,25.64,34.93333333333333,26.636666666666667,30.086666666666666,19.803,2.06,2.06,0.0,2.966666666666667,12.696666666666665,30.290000000000003,71.5,3.99,13.161890770365329
64,9,6,19341.77,24,1,0.57,0.8,0,9.066666666666666,29.613333333333333,22.453333333333333,25.956666666666667,33.31666666666667,25.69333333333333,29.25,20.462333333333333,0.05,0.05,0.0,0.36666666666666664,11.733333333333333,27.533333333333335,38.833333333333336,4.350666666666667,11.42511223100134
63,10,5,28585.66,23,2,0.92,0.42,1,14.066666666666666,28.873333333333335,21.959999999999997,25.516666666666666,32.5,24.633333333333333,28.56,19.76833333333333,0.14666666666666667,0.14666666666666667,0.0,0.8333333333333334,9.656666666666666,23.10666666666667,104.53333333333333,4.1690000000000005,9.274485066693181
69,14,5,22652.27,29,1,0.94,0.37,4,58.166666666666664,27.976666666666667,22.543333333333333,24.973333333333336,30.52,25.103333333333335,27.55666666666667,11.023666666666665,26.796666666666667,26.796666666666667,0.0,9.733333333333333,16.936666666666664,38.629999999999995,42.4,2.8523333333333336,61.129223081666495
22,11,5,19100.94,28,0,0.51,0.27,4,17.566666666666666,30.466666666666665,23.623333333333335,26.623333333333335,33.553333333333335,25.996666666666666,29.15,19.854333333333333,0.5366666666666667,0.5366666666666667,0.0,1.8666666666666667,17.546666666666667,38.43666666666666,34.166666666666664,4.806333333333333,5.3896467170272775
67,18,5,82745.38,19,1,0.59,0.4,4,5.866666666666666,29.353333333333335,22.573333333333334,25.69,33.15,24.793333333333333,28.433333333333334,21.775333333333332,0.010000000000000002,0.010000000000000002,0.0,0.1,13.416666666666666,29.13,59.266666666666666,4.743333333333334,10.573535578144043
76,12,3,29285.05,20,1,0.92,0.35,2,5.566666666666666,29.123333333333335,21.916666666666668,25.313333333333333,32.1,24.029999999999998,27.490000000000002,21.885666666666665,0.15,0.15,0.0,0.7,16.486666666666668,34.14666666666667,42.666666666666664,4.899,8.111142170629662
26,12,7,92785.25,28,1,0.85,0.64,1,17.566666666666666,30.466666666666665,23.623333333333335,26.623333333333335,33.553333333333335,25.996666666666666,29.15,19.854333333333333,0.5366666666666667,0.5366666666666667,0.0,1.8666666666666667,17.546666666666667,38.43666666666666,34.166666666666664,4.806333333333333,14.696256651690272
16,13,6,97022.73,20,2,0.2,0.33,4,5.566666666666666,29.123333333333335,21.916666666666668,25.313333333333333,32.1,24.029999999999998,27.490000000000002,21.885666666666665,0.15,0.15,0.0,0.7,16.486666666666668,34.14666666666667,42.666666666666664,4.899,9.189847812677662
51,13,4,57554.79,21,2,0.46,0.56,4,5.6,29.27,21.509999999999998,25.14333333333333,31.953333333333333,23.316666666666666,27.303333333333335,23.029999999999998,0.010000000000000002,0.010000000000000002,0.0,0.1,15.493333333333334,33.36,38.833333333333336,5.002666666666667,11.184926340967268
86,19,2,15157.11,2,2,0.54,0.15,1,51.13333333333333,28.14,22.793333333333333,25.113333333333333,32.153333333333336,25.793333333333333,28.5,16.794333333333334,0.9433333333333334,0.9433333333333334,0.0,4.433333333333334,14.323333333333332,30.470000000000002,44.43333333333333,3.5106666666666664,10.603345118321739
57,19,9,38080.28,4,1,0.38,0.25,0,6.366666666666666,27.506666666666668,21.0,24.19,30.02,22.923333333333336,26.07,22.589666666666666,0.07666666666666666,0.07666666666666666,0.0,0.4666666666666667,15.903333333333332,32.46666666666667,145.63333333333333,4.755333333333334,7.229431506742294
29,14,1,79975.49,15,1,0.36,0.43,4,52.266666666666666,29.14,23.133333333333333,25.6,33.346666666666664,25.706666666666667,29.06,18.88133333333333,2.17,2.17,0.0,5.066666666666666,15.993333333333334,36.37,36.6,3.9153333333333338,12.95095787785886
78,4,4,37371.68,17,1,0.23,0.85,0,53.9,27.946666666666665,23.273333333333333,25.183333333333334,32.056666666666665,26.423333333333336,28.69,15.520999999999999,3.066666666666667,3.066666666666667,0.0,5.566666666666666,12.430000000000001,30.836666666666666,36.06666666666667,3.293,16.732170183273517
69,13,1,9614.7,25,2,0.71,0.4,4,4.433333333333334,30.363333333333333,22.87,26.34,34.72666666666667,26.243333333333332,29.9,22.631666666666668,0.060000000000000005,0.060000000000000005,0.0,0.4,10.770000000000001,25.31,61.43333333333333,4.747333333333333,11.786319940730818
47,8,6,56121.71,16,1,0.41,0.63,3,52.03333333333333,28.456666666666667,23.496666666666666,25.516666666666666,31.80666666666667,26.57,28.706666666666667,16.343333333333334,2.46,2.46,0.0,4.533333333333333,17.233333333333334,38.15,29.433333333333334,3.5396666666666667,14.02329574924272
62,19,4,84666.96,10,2,0.24,0.3,2,39.7,28.83,22.253333333333334,25.67,34.913333333333334,26.383333333333333,30.616666666666667,20.032666666666668,0.5633333333333332,0.5633333333333332,0.0,3.1,7.319999999999999,18.490000000000002,163.93333333333334,3.975333333333333,12.731175489911724
69,12,5,79796.71,16,0,0.38,0.2,4,52.03333333333333,28.456666666666667,23.496666666666666,25.516666666666666,31.80666666666667,26.57,28.706666666666667,16.343333333333334,2.46,2.46,0.0,4.533333333333333,17.233333333333334,38.15,29.433333333333334,3.5396666666666667,7.8698973691452725
76,18,5,18337.19,15,0,0.84,0.15,3,52.266666666666666,29.14,23.133333333333333,25.6,33.346666666666664,25.706666666666667,29.06,18.88133333333333,2.17,2.17,0.0,5.066666666666666,15.993333333333334,36.37,36.6,3.9153333333333338,4.730180320508967
16,6,9,67603.7,25,1,0.88,0.34,1,4.433333333333334,30.363333333333333,22.87,26.34,34.72666666666667,26.243333333333332,29.9,22.631666666666668,0.060000000000000005,0.060000000000000005,0.0,0.4,10.770000000000001,25.31,61.43333333333333,4.747333333333333,6.929199623994959
48,18,1,22829.92,22,1,0.59,0.23,3,3.1,28.92,21.466666666666665,24.973333333333336,31.66,23.02,27.233333333333334,22.385333333333335,0.006666666666666667,0.006666666666666667,0.0,0.06666666666666667,14.120000000000001,31.016666666666666,38.13333333333333,4.736999999999999,4.6845130504999055
85,19,2,22602.55,1,1,0.53,0.24,1,28.0,28.723333333333336,23.116666666666667,25.486666666666668,32.17,25.87,28.69,17.647333333333332,0.36333333333333334,0.36333333333333334,0.0,1.9333333333333333,15.229999999999999,31.986666666666668,63.63333333333333,3.8056666666666668,7.012648020756909
39,5,6,87533.11,3,2,0.98,0.71,4,16.133333333333333,27.81,21.666666666666668,24.716666666666665,30.85,23.65666666666667,27.313333333333333,16.785666666666668,0.45666666666666667,0.45666666666666667,0.0,1.2666666666666666,14.893333333333334,32.52333333333333,167.1,3.701333333333333,17.86604681408519
33,9,5,25717.23,20,0,0.36,0.11,1,5.566666666666666,29.123333333333335,21.916666666666668,25.313333333333333,32.1,24.029999999999998,27.490000000000002,21.885666666666665,0.15,0.15,0.0,0.7,16.486666666666668,34.14666666666667,42.666666666666664,4.899,0.14141093049668463
23,3,7,27061.49,6,1,0.37,0.55,3,23.533333333333335,28.206666666666667,21.740000000000002,25.15666666666667,31.94333333333333,24.066666666666666,27.883333333333333,18.336000000000002,1.1700000000000002,1.1700000000000002,0.0,1.3333333333333333,14.1,27.986666666666668,92.8,4.055000000000001,13.196069773276768
10,10,3,1064.69,1,1,0.43,0.4,2,28.0,28.723333333333336,23.116666666666667,25.486666666666668,32.17,25.87,28.69,17.647333333333332,0.36333333333333334,0.36333333333333334,0.0,1.9333333333333333,15.229999999999999,31.986666666666668,63.63333333333333,3.8056666666666668,8.231280239108006
69,19,3,87196.23,29,0,0.34,0.51,0,58.166666666666664,27.976666666666667,22.543333333333333,24.973333333333336,30.52,25.103333333333335,27.55666666666667,11.023666666666665,26.796666666666667,26.796666666666667,0.0,9.733333333333333,16.936666666666664,38.629999999999995,42.4,2.8523333333333336,58.52402408493982
34,3,2,79466.89,5,0,0.5,0.55,0,10.066666666666666,27.833333333333332,21.18,24.46333333333333,30.046666666666667,23.053333333333335,26.186666666666667,20.332,0.07,0.07,0.0,0.43333333333333335,16.89666666666667,32.77,63.833333333333336,4.553333333333333,6.579454460068163
52,15,3,63105.56,16,1,0.93,0.35,2,52.03333333333333,28.456666666666667,23.496666666666666,25.516666666666666,31.80666666666667,26.57,28.706666666666667,16.343333333333334,2.46,2.46,0.0,4.533333333333333,17.233333333333334,38.15,29.433333333333334,3.5396666666666667,11.067136516370939
10,1,1,75276.31,6,2,0.69,0.34,0,23.533333333333335,28.206666666666667,21.740000000000002,25.15666666666667,31.94333333333333,24.066666666666666,27.883333333333333,18.336000000000002,1.1700000000000002,1.1700000000000002,0.0,1.3333333333333333,14.1,27.986666666666668,92.8,4.055000000000001,12.589526041979227
19,7,5,16052.81,24,1,0.53,0.69,4,9.066666666666666,29.613333333333333,22.453333333333333,25.956666666666667,33.31666666666667,25.69333333333333,29.25,20.462333333333333,0.05,0.05,0.0,0.36666666666666664,11.733333333333333,27.533333333333335,38.833333333333336,4.350666666666667,10.083183161116725
58,12,5,46374.04,4,1,0.95,0.8,4,6.366666666666666,27.506666666666668,21.0,24.19,30.02,22.923333333333336,26.07,22.589666666666666,0.07666666666666666,0.07666666666666666,0.0,0.4666666666666667,15.903333333333332,32.46666666666667,145.63333333333333,4.755333333333334,16.20042103270792
1,17,7,35770.72,4,0,0.24,0.25,3,6.366666666666666,27.506666666666668,21.0,24.19,30.02,22.923333333333336,26.07,22.589666666666666,0.07666666666666666,0.07666666666666666,0.0,0.4666666666666667,15.903333333333332,32.46666666666667,145.63333333333333,4.755333333333334,3.2062286612909263
69,5,4,10283.88,19,0,0.37,0.18,3,5.866666666666666,29.353333333333335,22.573333333333334,25.69,33.15,24.793333333333333,28.433333333333334,21.775333333333332,0.010000000000000002,0.010000000000000002,0.0,0.1,13.416666666666666,29.13,59.266666666666666,4.743333333333334,1.1304117380111218
4,4,3,49126.92,15,2,0.65,0.82,1,52.266666666666666,29.14,23.133333333333333,25.6,33.346666666666664,25.706666666666667,29.06,18.88133333333333,2.17,2.17,0.0,5.066666666666666,15.993333333333334,36.37,36.6,3.9153333333333338,21.500969866101332
16,12,1,92153.23,18,1,0.69,0.38,3,47.2,29.173333333333332,22.970000000000002,25.62,33.92666666666666,25.826666666666664,29.123333333333335,19.062333333333335,2.3333333333333335,2.3333333333333335,0.0,2.8333333333333335,13.379999999999999,31.2,43.46666666666667,4.036,12.558174592130424
24,18,8,4965.85,8,0,0.23,0.54,4,56.06666666666667,28.55666666666667,22.85666666666667,25.453333333333333,34.406666666666666,26.990000000000002,30.283333333333335,17.662333333333333,3.2766666666666664,3.2766666666666664,0.0,6.733333333333333,11.053333333333335,28.49,146.4,3.4739999999999998,12.701878934033498
80,17,3,29854.63,4,1,0.52,0.39,3,6.366666666666666,27.506666666666668,21.0,24.19,30.02,22.923333333333336,26.07,22.589666666666666,0.07666666666666666,0.07666666666666666,0.0,0.4666666666666667,15.903333333333332,32.46666666666667,145.63333333333333,4.755333333333334,9.25458338339847
2,19,2,21546.55,7,1,0.72,0.2,0,51.733333333333334,27.433333333333334,22.92,24.993333333333332,31.34,25.946666666666665,28.846666666666668,12.513,5.489999999999999,5.489999999999999,0.0,6.7,13.476666666666667,25.9,78.1,2.6566666666666667,18.016261565070955
32,9,4,24576.52,8,2,0.76,0.57,1,56.06666666666667,28.55666666666667,22.85666666666667,25.453333333333333,34.406666666666666,26.990000000000002,30.283333333333335,17.662333333333333,3.2766666666666664,3.2766666666666664,0.0,6.733333333333333,11.053333333333335,28.49,146.4,3.4739999999999998,19.59758161191754
84,4,3,90935.02,4,1,0.71,0.52,1,6.366666666666666,27.506666666666668,21.0,24.19,30.02,22.923333333333336,26.07,22.589666666666666,0.07666666666666666,0.07666666666666666,0.0,0.4666666666666667,15.903333333333332,32.46666666666667,145.63333333333333,4.755333333333334,9.029605972366314
24,2,1,47338.84,9,2,0.46,0.26,4,44.233333333333334,29.076666666666664,22.41,25.60666666666667,34.63666666666666,26.59,30.316666666666666,19.968999999999998,1.12,1.12,0.0,2.466666666666667,8.346666666666668,21.183333333333334,82.76666666666667,3.96,11.947422454272534
12,4,3,47163.64,24,2,0.27,0.46,3,9.066666666666666,29.613333333333333,22.453333333333333,25.956666666666667,33.31666666666667,25.69333333333333,29.25,20.462333333333333,0.05,0.05,0.0,0.36666666666666664,11.733333333333333,27.533333333333335,38.833333333333336,4.350666666666667,9.167118252896625
50,2,2,76296.99,1,1,0.54,0.74,0,28.0,28.723333333333336,23.116666666666667,25.486666666666668,32.17,25.87,28.69,17.647333333333332,0.36333333333333334,0.36333333333333334,0.0,1.9333333333333333,15.229999999999999,31.986666666666668,63.63333333333333,3.8056666666666668,10.833880073368837
35,15,8,16294.73,8,1,0.3,0.57,3,56.06666666666667,28.55666666666667,22.85666666666667,25.453333333333333,34.406666666666666,26.990000000000002,30.283333333333335,17.662333333333333,3.2766666666666664,3.2766666666666664,0.0,6.733333333333333,11.053333333333335,28.49,146.4,3.4739999999999998,18.94364473450012
33,2,6,49239.27,10,1,0.96,0.18,2,39.7,28.83,22.253333333333334,25.67,34.913333333333334,26.383333333333333,30.616666666666667,20.032666666666668,0.5633333333333332,0.5633333333333332,0.0,3.1,7.319999999999999,18.490000000000002,163.93333333333334,3.975333333333333,9.254118236918593
33,4,9,43568.54,3,1,0.58,0.54,3,16.133333333333333,27.81,21.666666666666668,24.716666666666665,30.85,23.65666666666667,27.313333333333333,16.785666666666668,0.45666666666666667,0.45666666666666667,0.0,1.2666666666666666,14.893333333333334,32.52333333333333,167.1,3.701333333333333,10.519779273998767
61,6,8,60094.16,21,2,0.45,0.66,4,5.6,29.27,21.509999999999998,25.14333333333333,31.953333333333333,23.316666666666666,27.303333333333335,23.029999999999998,0.010000000000000002,0.010000000000000002,0.0,0.1,15.493333333333334,33.36,38.833333333333336,5.002666666666667,15.804835444583649
51,7,3,99956.21,21,0,0.81,0.73,3,5.6,29.27,21.509999999999998,25.14333333333333,31.953333333333333,23.316666666666666,27.303333333333335,23.029999999999998,0.010000000000000002,0.010000000000000002,0.0,0.1,15.493333333333334,33.36,38.833333333333336,5.002666666666667,9.246875231815304
43,10,5,77175.44,21,1,0.6,0.6,1,5.6,29.27,21.509999999999998,25.14333333333333,31.953333333333333,23.316666666666666,27.303333333333335,23.029999999999998,0.010000000000000002,0.010000000000000002,0.0,0.1,15.493333333333334,33.36,38.833333333333336,5.002666666666667,15.338321212682855
12,19,7,40388.7,1,1,0.45,0.22,0,28.0,28.723333333333336,23.116666666666667,25.486666666666668,32.17,25.87,28.69,17.647333333333332,0.36333333333333334,0.36333333333333334,0.0,1.9333333333333333,15.229999999999999,31.986666666666668,63.63333333333333,3.8056666666666668,8.546029033818533
67,19,5,82927.75,22,2,0.85,0.67,4,3.1,28.92,21.466666666666665,24.973333333333336,31.66,23.02,27.233333333333334,22.385333333333335,0.006666666666666667,0.006666666666666667,0.0,0.06666666666666667,14.120000000000001,31.016666666666666,38.13333333333333,4.736999999999999,14.861456946112185
65,12,8,17900.13,28,0,0.89,0.64,2,17.566666666666666,30.466666666666665,23.623333333333335,26.623333333333335,33.553333333333335,25.996666666666666,29.15,19.854333333333333,0.5366666666666667,0.5366666666666667,0.0,1.8666666666666667,17.546666666666667,38.43666666666666,34.166666666666664,4.806333333333333,7.320022672432695
33,3,5,4015.9,5,1,0.74,0.12,0,10.066666666666666,27.833333333333332,21.18,24.46333333333333,30.046666666666667,23.053333333333335,26.186666666666667,20.332,0.07,0.07,0.0,0.43333333333333335,16.89666666666667,32.77,63.833333333333336,4.553333333333333,2.6703305196136413
40,13,1,21240.39,26,1,0.24,0.43,0,39.1,30.076666666666664,23.236666666666668,26.336666666666666,34.57333333333334,26.676666666666666,30.05666666666667,19.670666666666666,0.9966666666666666,0.9966666666666666,0.0,3.7666666666666666,13.75,31.466666666666665,43.3,4.147,10.958528787134167
74,18,5,34700.74,13,2,0.65,0.37,1,53.06666666666667,29.246666666666666,22.82,25.64,34.93333333333333,26.636666666666667,30.086666666666666,19.803,2.06,2.06,0.0,2.966666666666667,12.696666666666665,30.290000000000003,71.5,3.99,14.425473882073545
43,8,4,51547.49,0,1,0.81,0.64,1,9.933333333333334,28.84,22.483333333333334,25.506666666666668,32.15,24.89333333333333,28.2,19.875,0.05,0.05,0.0,0.26666666666666666,15.586666666666666,33.75,44.266666666666666,4.4093333333333335,9.146619435603489
44,15,6,61897.78,17,1,0.31,0.27,1,53.9,27.946666666666665,23.273333333333333,25.183333333333334,32.056666666666665,26.423333333333336,28.69,15.520999999999999,3.066666666666667,3.066666666666667,0.0,5.566666666666666,12.430000000000001,30.836666666666666,36.06666666666667,3.293,11.903474006969542
29,1,3,91149.97,6,2,0.38,0.57,4,23.533333333333335,28.206666666666667,21.740000000000002,25.15666666666667,31.94333333333333,24.066666666666666,27.883333333333333,18.336000000000002,1.1700000000000002,1.1700000000000002,0.0,1.3333333333333333,14.1,27.986666666666668,92.8,4.055000000000001,14.557677994578407
13,3,5,51475.55,0,2,0.91,0.83,3,9.933333333333334,28.84,22.483333333333334,25.506666666666668,32.15,24.89333333333333,28.2,19.875,0.05,0.05,0.0,0.26666666666666666,15.586666666666666,33.75,44.266666666666666,4.4093333333333335,19.590712452608845
12,8,2,50626.29,0,2,0.22,0.74,0,9.933333333333334,28.84,22.483333333333334,25.506666666666668,32.15,24.89333333333333,28.2,19.875,0.05,0.05,0.0,0.26666666666666666,15.586666666666666,33.75,44.266666666666666,4.4093333333333335,17.302459635424174
46,4,6,5974.06,0,2,0.8,0.84,3,9.933333333333334,28.84,22.483333333333334,25.506666666666668,32.15,24.89333333333333,28.2,19.875,0.05,0.05,0.0,0.26666666666666666,15.586666666666666,33.75,44.266666666666666,4.4093333333333335,17.168041038025073
2,16,6,4456.24,23,2,0.58,0.88,3,14.066666666666666,28.873333333333335,21.959999999999997,25.516666666666666,32.5,24.633333333333333,28.56,19.76833333333333,0.14666666666666667,0.14666666666666667,0.0,0.8333333333333334,9.656666666666666,23.10666666666667,104.53333333333333,4.1690000000000005,20.07324954166837
35,10,5,55564.84,3,1,0.56,0.11,1,16.133333333333333,27.81,21.666666666666668,24.716666666666665,30.85,23.65666666666667,27.313333333333333,16.785666666666668,0.45666666666666667,0.45666666666666667,0.0,1.2666666666666666,14.893333333333334,32.52333333333333,167.1,3.701333333333333,5.8493857948047605
87,12,6,44379.68,3,1,0.21,0.6,3,16.133333333333333,27.81,21.666666666666668,24.716666666666665,30.85,23.65666666666667,27.313333333333333,16.785666666666668,0.45666666666666667,0.45666666666666667,0.0,1.2666666666666666,14.893333333333334,32.52333333333333,167.1,3.701333333333333,10.321407031340938
81,14,7,84078.86,28,1,0.86,0.43,0,17.566666666666666,30.466666666666665,23.623333333333335,26.623333333333335,33.553333333333335,25.996666666666666,29.15,19.854333333333333,0.5366666666666667,0.5366666666666667,0.0,1.8666666666666667,17.546666666666667,38.43666666666666,34.166666666666664,4.806333333333333,12.01801944923782
8,14,5,16907.28,17,1,0.49,0.79,0,53.9,27.946666666666665,23.273333333333333,25.183333333333334,32.056666666666665,26.423333333333336,28.69,15.520999999999999,3.066666666666667,3.066666666666667,0.0,5.566666666666666,12.430000000000001,30.836666666666666,36.06666666666667,3.293,19.921698398860322
26,2,1,3472.19,26,2,0.63,0.3,2,39.1,30.076666666666664,23.236666666666668,26.336666666666666,34.57333333333334,26.676666666666666,30.05666666666667,19.670666666666666,0.9966666666666666,0.9966666666666666,0.0,3.7666666666666666,13.75,31.466666666666665,43.3,4.147,11.037464101843646
74,5,8,45454.84,10,0,0.74,0.88,4,39.7,28.83,22.253333333333334,25.67,34.913333333333334,26.383333333333333,30.616666666666667,20.032666666666668,0.5633333333333332,0.5633333333333332,0.0,3.1,7.319999999999999,18.490000000000002,163.93333333333334,3.975333333333333,11.401158649541255
34,5,4,24510.38,26,0,0.76,0.59,3,39.1,30.076666666666664,23.236666666666668,26.336666666666666,34.57333333333334,26.676666666666666,30.05666666666667,19.670666666666666,0.9966666666666666,0.9966666666666666,0.0,3.7666666666666666,13.75,31.466666666666665,43.3,4.147,7.759905953256198
7,6,9,5911.82,0,2,0.96,0.73,4,9.933333333333334,28.84,22.483333333333334,25.506666666666668,32.15,24.89333333333333,28.2,19.875,0.05,0.05,0.0,0.26666666666666666,15.586666666666666,33.75,44.266666666666666,4.4093333333333335,13.785800403553495
68,13,6,72735.23,27,1,0.63,0.17,4,31.433333333333334,30.266666666666666,23.636666666666667,26.673333333333336,33.86,26.21333333333333,29.623333333333335,20.294,0.25666666666666665,0.25666666666666665,0.0,1.5666666666666667,17.416666666666668,36.85,46.166666666666664,4.651333333333333,7.442599654630795
58,9,1,12047.71,9,1,0.52,0.25,4,44.233333333333334,29.076666666666664,22.41,25.60666666666667,34.63666666666666,26.59,30.316666666666666,19.968999999999998,1.12,1.12,0.0,2.466666666666667,8.346666666666668,21.183333333333334,82.76666666666667,3.96,11.604124960705196
75,15,3,61223.63,8,0,0.96,0.71,4,56.06666666666667,28.55666666666667,22.85666666666667,25.453333333333333,34.406666666666666,26.990000000000002,30.283333333333335,17.662333333333333,3.2766666666666664,3.2766666666666664,0.0,6.733333333333333,11.053333333333335,28.49,146.4,3.4739999999999998,12.975481972604621
29,14,3,28823.93,22,2,0.71,0.12,0,3.1,28.92,21.466666666666665,24.973333333333336,31.66,23.02,27.233333333333334,22.385333333333335,0.006666666666666667,0.006666666666666667,0.0,0.06666666666666667,14.120000000000001,31.016666666666666,38.13333333333333,4.736999999999999,9.29778718836919
36,7,4,18176.11,3,2,0.44,0.75,3,16.133333333333333,27.81,21.666666666666668,24.716666666666665,30.85,23.65666666666667,27.313333333333333,16.785666666666668,0.45666666666666667,0.45666666666666667,0.0,1.2666666666666666,14.893333333333334,32.52333333333333,167.1,3.701333333333333,15.937369479650593
89,2,6,38595.4,27,2,0.3,0.11,2,31.433333333333334,30.266666666666666,23.636666666666667,26.673333333333336,33.86,26.21333333333333,29.623333333333335,20.294,0.25666666666666665,0.25666666666666665,0.0,1.5666666666666667,17.416666666666668,36.85,46.166666666666664,4.651333333333333,8.102645257686289
21,7,7,80343.13,5,2,0.87,0.63,4,10.066666666666666,27.833333333333332,21.18,24.46333333333333,30.046666666666667,23.053333333333335,26.186666666666667,20.332,0.07,0.07,0.0,0.43333333333333335,16.89666666666667,32.77,63.833333333333336,4.553333333333333,13.811409113641696
36,6,4,39817.26,29,0,0.49,0.39,2,58.166666666666664,27.976666666666667,22.543333333333333,24.973333333333336,30.52,25.103333333333335,27.55666666666667,11.023666666666665,26.796666666666667,26.796666666666667,0.0,9.733333333333333,16.936666666666664,38.629999999999995,42.4,2.8523333333333336,56.97734717881361
10,17,6,75326.2,15,1,0.73,0.59,0,52.266666666666666,29.14,23.133333333333333,25.6,33.346666666666664,25.706666666666667,29.06,18.88133333333333,2.17,2.17,0.0,5.066666666666666,15.993333333333334,36.37,36.6,3.9153333333333338,14.99278244191724
73,2,1,13423.14,1,2,0.58,0.66,0,28.0,28.723333333333336,23.116666666666667,25.486666666666668,32.17,25.87,28.69,17.647333333333332,0.36333333333333334,0.36333333333333334,0.0,1.9333333333333333,15.229999999999999,31.986666666666668,63.63333333333333,3.8056666666666668,14.40024149205011
24,3,8,77504.37,22,0,0.36,0.37,1,3.1,28.92,21.466666666666665,24.973333333333336,31.66,23.02,27.233333333333334,22.385333333333335,0.006666666666666667,0.006666666666666667,0.0,0.06666666666666667,14.120000000000001,31.016666666666666,38.13333333333333,4.736999999999999,4.859018572003091
64,5,7,24456.4,17,1,0.68,0.19,4,53.9,27.946666666666665,23.273333333333333,25.183333333333334,32.056666666666665,26.423333333333336,28.69,15.520999999999999,3.066666666666667,3.066666666666667,0.0,5.566666666666666,12.430000000000001,30.836666666666666,36.06666666666667,3.293,11.837976169159628
49,5,9,68061.92,9,2,0.25,0.16,1,44.233333333333334,29.076666666666664,22.41,25.60666666666667,34.63666666666666,26.59,30.316666666666666,19.968999999999998,1.12,1.12,0.0,2.466666666666667,8.346666666666668,21.183333333333334,82.76666666666667,3.96,10.801577929700386
36,1,3,57012.37,23,1,0.53,0.57,2,14.066666666666666,28.873333333333335,21.959999999999997,25.516666666666666,32.5,24.633333333333333,28.56,19.76833333333333,0.14666666666666667,0.14666666666666667,0.0,0.8333333333333334,9.656666666666666,23.10666666666667,104.53333333333333,4.1690000000000005,9.271987840270937
82,8,2,92985.33,23,0,0.64,0.52,3,14.066666666666666,28.873333333333335,21.959999999999997,25.516666666666666,32.5,24.633333333333333,28.56,19.76833333333333,0.14666666666666667,0.14666666666666667,0.0,0.8333333333333334,9.656666666666666,23.10666666666667,104.53333333333333,4.1690000000000005,5.668176337480834
24,12,1,39344.93,16,1,0.55,0.69,1,52.03333333333333,28.456666666666667,23.496666666666666,25.516666666666666,31.80666666666667,26.57,28.706666666666667,16.343333333333334,2.46,2.46,0.0,4.533333333333333,17.233333333333334,38.15,29.433333333333334,3.5396666666666667,17.833086838738634
23,4,3,7550.35,12,2,0.8,0.51,0,56.333333333333336,28.956666666666667,23.14,25.56,35.406666666666666,27.62,30.503333333333334,18.640666666666668,2.9433333333333334,2.9433333333333334,0.0,7.466666666666667,8.383333333333333,23.90666666666667,115.3,3.710666666666667,19.75804244810324
62,13,5,2896.39,23,1,0.86,0.44,4,14.066666666666666,28.873333333333335,21.959999999999997,25.516666666666666,32.5,24.633333333333333,28.56,19.76833333333333,0.14666666666666667,0.14666666666666667,0.0,0.8333333333333334,9.656666666666666,23.10666666666667,104.53333333333333,4.1690000000000005,7.607000466135507
37,15,2,82859.0,17,2,0.82,0.42,2,53.9,27.946666666666665,23.273333333333333,25.183333333333334,32.056666666666665,26.423333333333336,28.69,15.520999999999999,3.066666666666667,3.066666666666667,0.0,5.566666666666666,12.430000000000001,30.836666666666666,36.06666666666667,3.293,18.322331791477172
12,11,3,52948.83,21,1,0.23,0.12,0,5.6,29.27,21.509999999999998,25.14333333333333,31.953333333333333,23.316666666666666,27.303333333333335,23.029999999999998,0.010000000000000002,0.010000000000000002,0.0,0.1,15.493333333333334,33.36,38.833333333333336,5.002666666666667,6.087080685057684
55,10,4,77749.16,12,1,0.36,0.37,3,56.333333333333336,28.956666666666667,23.14,25.56,35.406666666666666,27.62,30.503333333333334,18.640666666666668,2.9433333333333334,2.9433333333333334,0.0,7.466666666666667,8.383333333333333,23.90666666666667,115.3,3.710666666666667,11.322558744984608
13,3,7,24208.13,16,1,0.63,0.88,4,52.03333333333333,28.456666666666667,23.496666666666666,25.516666666666666,31.80666666666667,26.57,28.706666666666667,16.343333333333334,2.46,2.46,0.0,4.533333333333333,17.233333333333334,38.15,29.433333333333334,3.5396666666666667,19.795040288569904
23,14,3,35163.29,4,0,0.95,0.8,3,6.366666666666666,27.506666666666668,21.0,24.19,30.02,22.923333333333336,26.07,22.589666666666666,0.07666666666666666,0.07666666666666666,0.0,0.4666666666666667,15.903333333333332,32.46666666666667,145.63333333333333,4.755333333333334,8.759397694914563
89,16,9,3980.28,10,1,0.87,0.36,3,39.7,28.83,22.253333333333334,25.67,34.913333333333334,26.383333333333333,30.616666666666667,20.032666666666668,0.5633333333333332,0.5633333333333332,0.0,3.1,7.319999999999999,18.490000000000002,163.93333333333334,3.975333333333333,9.802564669556407
30,10,8,96187.74,6,1,0.87,0.57,4,23.533333333333335,28.206666666666667,21.740000000000002,25.15666666666667,31.94333333333333,24.066666666666666,27.883333333333333,18.336000000000002,1.1700000000000002,1.1700000000000002,0.0,1.3333333333333333,14.1,27.986666666666668,92.8,4.055000000000001,11.535111265186224
17,10,4,67118.92,28,2,0.44,0.78,4,17.566666666666666,30.466666666666665,23.623333333333335,26.623333333333335,33.553333333333335,25.996666666666666,29.15,19.854333333333333,0.5366666666666667,0.5366666666666667,0.0,1.8666666666666667,17.546666666666667,38.43666666666666,34.166666666666664,4.806333333333333,14.726010182336555
62,12,1,93387.3,9,2,0.54,0.45,3,44.233333333333334,29.076666666666664,22.41,25.60666666666667,34.63666666666666,26.59,30.316666666666666,19.968999999999998,1.12,1.12,0.0,2.466666666666667,8.346666666666668,21.183333333333334,82.76666666666667,3.96,12.198686343175257
84,9,1,27284.14,16,0,0.58,0.11,2,52.03333333333333,28.456666666666667,23.496666666666666,25.516666666666666,31.80666666666667,26.57,28.706666666666667,16.343333333333334,2.46,2.46,0.0,4.533333333333333,17.233333333333334,38.15,29.433333333333334,3.5396666666666667,6.312127419992073
89,1,1,61534.9,14,1,0.33,0.16,4,6.0,29.163333333333334,22.779999999999998,25.636666666666667,32.87,25.456666666666667,28.433333333333334,21.76066666666667,0.05,0.05,0.0,0.23333333333333334,14.883333333333333,31.34333333333333,45.7,4.713666666666667,5.909583752582222
86,5,1,68171.5,17,2,0.22,0.51,0,53.9,27.946666666666665,23.273333333333333,25.183333333333334,32.056666666666665,26.423333333333336,28.69,15.520999999999999,3.066666666666667,3.066666666666667,0.0,5.566666666666666,12.430000000000001,30.836666666666666,36.06666666666667,3.293,17.89685839567672
13,8,8,32437.42,22,1,0.96,0.88,1,3.1,28.92,21.466666666666665,24.973333333333336,31.66,23.02,27.233333333333334,22.385333333333335,0.006666666666666667,0.006666666666666667,0.0,0.06666666666666667,14.120000000000001,31.016666666666666,38.13333333333333,4.736999999999999,15.031222021499396
59,11,3,84962.81,21,1,0.39,0.65,2,5.6,29.27,21.509999999999998,25.14333333333333,31.953333333333333,23.316666666666666,27.303333333333335,23.029999999999998,0.010000000000000002,0.010000000000000002,0.0,0.1,15.493333333333334,33.36,38.833333333333336,5.002666666666667,8.82771990659656
19,12,6,94768.98,18,2,0.39,0.16,4,47.2,29.173333333333332,22.970000000000002,25.62,33.92666666666666,25.826666666666664,29.123333333333335,19.062333333333335,2.3333333333333335,2.3333333333333335,0.0,2.8333333333333335,13.379999999999999,31.2,43.46666666666667,4.036,13.487546968695693
49,1,3,88600.66,29,2,0.27,0.25,4,58.166666666666664,27.976666666666667,22.543333333333333,24.973333333333336,30.52,25.103333333333335,27.55666666666667,11.023666666666665,26.796666666666667,26.796666666666667,0.0,9.733333333333333,16.936666666666664,38.629999999999995,42.4,2.8523333333333336,61.77680903368965
12,11,5,74167.63,25,2,0.94,0.72,2,4.433333333333334,30.363333333333333,22.87,26.34,34.72666666666667,26.243333333333332,29.9,22.631666666666668,0.060000000000000005,0.060000000000000005,0.0,0.4,10.770000000000001,25.31,61.43333333333333,4.747333333333333,14.782245838296763
61,5,7,28469.0,1,1,0.66,0.77,1,28.0,28.723333333333336,23.116666666666667,25.486666666666668,32.17,25.87,28.69,17.647333333333332,0.36333333333333334,0.36333333333333334,0.0,1.9333333333333333,15.229999999999999,31.986666666666668,63.63333333333333,3.8056666666666668,13.537764673641288
19,15,2,28879.99,25,1,0.73,0.59,3,4.433333333333334,30.363333333333333,22.87,26.34,34.72666666666667,26.243333333333332,29.9,22.631666666666668,0.060000000000000005,0.060000000000000005,0.0,0.4,10.770000000000001,25.31,61.43333333333333,4.747333333333333,9.40937995207407
76,5,6,96372.67,3,1,0.93,0.62,0,16.133333333333333,27.81,21.666666666666668,24.716666666666665,30.85,23.65666666666667,27.313333333333333,16.785666666666668,0.45666666666666667,0.45666666666666667,0.0,1.2666666666666666,14.893333333333334,32.52333333333333,167.1,3.701333333333333,11.276500016988594
9,12,6,2018.17,2,0,0.48,0.12,4,51.13333333333333,28.14,22.793333333333333,25.113333333333333,32.153333333333336,25.793333333333333,28.5,16.794333333333334,0.9433333333333334,0.9433333333333334,0.0,4.433333333333334,14.323333333333332,30.470000000000002,44.43333333333333,3.5106666666666664,4.8361058804883275
71,5,3,71888.95,6,1,0.7,0.76,1,23.533333333333335,28.206666666666667,21.740000000000002,25.15666666666667,31.94333333333333,24.066666666666666,27.883333333333333,18.336000000000002,1.1700000000000002,1.1700000000000002,0.0,1.3333333333333333,14.1,27.986666666666668,92.8,4.055000000000001,14.094662195715278
28,17,6,70918.37,23,1,0.23,0.73,0,14.066666666666666,28.873333333333335,21.959999999999997,25.516666666666666,32.5,24.633333333333333,28.56,19.76833333333333,0.14666666666666667,0.14666666666666667,0.0,0.8333333333333334,9.656666666666666,23.10666666666667,104.53333333333333,4.1690000000000005,13.806871501431045
78,17,5,62646.26,17,1,0.35,0.31,2,53.9,27.946666666666665,23.273333333333333,25.183333333333334,32.056666666666665,26.423333333333336,28.69,15.520999999999999,3.066666666666667,3.066666666666667,0.0,5.566666666666666,12.430000000000001,30.836666666666666,36.06666666666667,3.293,11.658773051346905
52,12,2,99020.78,9,2,0.86,0.67,4,44.233333333333334,29.076666666666664,22.41,25.60666666666667,34.63666666666666,26.59,30.316666666666666,19.968999999999998,1.12,1.12,0.0,2.466666666666667,8.346666666666668,21.183333333333334,82.76666666666667,3.96,18.074706266872926
83,15,9,31876.06,6,1,0.81,0.27,3,23.533333333333335,28.206666666666667,21.740000000000002,25.15666666666667,31.94333333333333,24.066666666666666,27.883333333333333,18.336000000000002,1.1700000000000002,1.1700000000000002,0.0,1.3333333333333333,14.1,27.986666666666668,92.8,4.055000000000001,11.24235293098685
16,15,8,34657.21,7,0,0.48,0.13,2,51.733333333333334,27.433333333333334,22.92,24.993333333333332,31.34,25.946666666666665,28.846666666666668,12.513,5.489999999999999,5.489999999999999,0.0,6.7,13.476666666666667,25.9,78.1,2.6566666666666667,8.832533249809066
69,6,3,8815.0,5,1,0.5,0.26,4,10.066666666666666,27.833333333333332,21.18,24.46333333333333,30.046666666666667,23.053333333333335,26.186666666666667,20.332,0.07,0.07,0.0,0.43333333333333335,16.89666666666667,32.77,63.833333333333336,4.553333333333333,5.564657116794285
12,12,8,44837.02,21,0,0.63,0.24,1,5.6,29.27,21.509999999999998,25.14333333333333,31.953333333333333,23.316666666666666,27.303333333333335,23.029999999999998,0.010000000000000002,0.010000000000000002,0.0,0.1,15.493333333333334,33.36,38.833333333333336,5.002666666666667,3.76560819077081
25,18,9,26843.8,25,1,0.2,0.37,0,4.433333333333334,30.363333333333333,22.87,26.34,34.72666666666667,26.243333333333332,29.9,22.631666666666668,0.060000000000000005,0.060000000000000005,0.0,0.4,10.770000000000001,25.31,61.43333333333333,4.747333333333333,7.75543192093551
52,14,3,34995.28,0,2,0.39,0.43,0,9.933333333333334,28.84,22.483333333333334,25.506666666666668,32.15,24.89333333333333,28.2,19.875,0.05,0.05,0.0,0.26666666666666666,15.586666666666666,33.75,44.266666666666666,4.4093333333333335,12.816718810056964
85,2,3,83622.61,3,0,0.37,0.51,4,16.133333333333333,27.81,21.666666666666668,24.716666666666665,30.85,23.65666666666667,27.313333333333333,16.785666666666668,0.45666666666666667,0.45666666666666667,0.0,1.2666666666666666,14.893333333333334,32.52333333333333,167.1,3.701333333333333,6.127355553259602
53,9,2,93612.97,13,1,0.4,0.48,2,53.06666666666667,29.246666666666666,22.82,25.64,34.93333333333333,26.636666666666667,30.086666666666666,19.803,2.06,2.06,0.0,2.966666666666667,12.696666666666665,30.290000000000003,71.5,3.99,13.509884681209348
23,5,8,19387.57,16,0,0.84,0.32,3,52.03333333333333,28.456666666666667,23.496666666666666,25.516666666666666,31.80666666666667,26.57,28.706666666666667,16.343333333333334,2.46,2.46,0.0,4.533333333333333,17.233333333333334,38.15,29.433333333333334,3.5396666666666667,8.52648414691188
16,1,1,37878.38,19,1,0.42,0.12,1,5.866666666666666,29.353333333333335,22.573333333333334,25.69,33.15,24.793333333333333,28.433333333333334,21.775333333333332,0.010000000000000002,0.010000000000000002,0.0,0.1,13.416666666666666,29.13,59.266666666666666,4.743333333333334,6.711673092489711
57,3,8,92934.43,17,0,0.35,0.58,4,53.9,27.946666666666665,23.273333333333333,25.183333333333334,32.056666666666665,26.423333333333336,28.69,15.520999999999999,3.066666666666667,3.066666666666667,0.0,5.566666666666666,12.430000000000001,30.836666666666666,36.06666666666667,3.293,13.474964598285153
39,6,7,7119.04,10,2,0.6,0.42,1,39.7,28.83,22.253333333333334,25.67,34.913333333333334,26.383333333333333,30.616666666666667,20.032666666666668,0.5633333333333332,0.5633333333333332,0.0,3.1,7.319999999999999,18.490000000000002,163.93333333333334,3.975333333333333,13.673070659779471
53,5,7,10143.69,28,1,0.89,0.34,0,17.566666666666666,30.466666666666665,23.623333333333335,26.623333333333335,33.553333333333335,25.996666666666666,29.15,19.854333333333333,0.5366666666666667,0.5366666666666667,0.0,1.8666666666666667,17.546666666666667,38.43666666666666,34.166666666666664,4.806333333333333,8.03551788414963
42,5,3,17116.31,20,1,0.39,0.79,3,5.566666666666666,29.123333333333335,21.916666666666668,25.313333333333333,32.1,24.029999999999998,27.490000000000002,21.885666666666665,0.15,0.15,0.0,0.7,16.486666666666668,34.14666666666667,42.666666666666664,4.899,12.548590663891261
58,1,1,59926.07,25,1,0.26,0.7,1,4.433333333333334,30.363333333333333,22.87,26.34,34.72666666666667,26.243333333333332,29.9,22.631666666666668,0.060000000000000005,0.060000000000000005,0.0,0.4,10.770000000000001,25.31,61.43333333333333,4.747333333333333,11.371162718270568
39,17,4,15896.75,13,1,0.49,0.79,4,53.06666666666667,29.246666666666666,22.82,25.64,34.93333333333333,26.636666666666667,30.086666666666666,19.803,2.06,2.06,0.0,2.966666666666667,12.696666666666665,30.290000000000003,71.5,3.99,17.691678213567446
14,19,9,96839.56,8,1,0.8,0.5,3,56.06666666666667,28.55666666666667,22.85666666666667,25.453333333333333,34.406666666666666,26.990000000000002,30.283333333333335,17.662333333333333,3.2766666666666664,3.2766666666666664,0.0,6.733333333333333,11.053333333333335,28.49,146.4,3.4739999999999998,15.42185661210294
5,14,5,45224.74,26,1,0.64,0.2,2,39.1,30.076666666666664,23.236666666666668,26.336666666666666,34.57333333333334,26.676666666666666,30.05666666666667,19.670666666666666,0.9966666666666666,0.9966666666666666,0.0,3.7666666666666666,13.75,31.466666666666665,43.3,4.147,8.327995618677953
35,12,1,50650.28,14,1,0.85,0.66,4,6.0,29.163333333333334,22.779999999999998,25.636666666666667,32.87,25.456666666666667,28.433333333333334,21.76066666666667,0.05,0.05,0.0,0.23333333333333334,14.883333333333333,31.34333333333333,45.7,4.713666666666667,14.633101197968157
87,10,5,25419.2,11,2,0.97,0.26,1,59.93333333333333,28.80666666666667,22.923333333333336,25.496666666666666,35.016666666666666,27.523333333333333,30.466666666666665,19.56833333333333,5.35,5.35,0.0,7.166666666666667,9.033333333333333,22.42666666666667,32.53333333333333,3.852333333333333,22.12668705514754
75,18,8,47625.06,9,1,0.83,0.45,3,44.233333333333334,29.076666666666664,22.41,25.60666666666667,34.63666666666666,26.59,30.316666666666666,19.968999999999998,1.12,1.12,0.0,2.466666666666667,8.346666666666668,21.183333333333334,82.76666666666667,3.96,10.650964701748238
18,11,8,66529.45,18,1,0.68,0.15,4,47.2,29.173333333333332,22.970000000000002,25.62,33.92666666666666,25.826666666666664,29.123333333333335,19.062333333333335,2.3333333333333335,2.3333333333333335,0.0,2.8333333333333335,13.379999999999999,31.2,43.46666666666667,4.036,11.768487549912585
76,2,5,75366.54,23,2,0.59,0.76,3,14.066666666666666,28.873333333333335,21.959999999999997,25.516666666666666,32.5,24.633333333333333,28.56,19.76833333333333,0.14666666666666667,0.14666666666666667,0.0,0.8333333333333334,9.656666666666666,23.10666666666667,104.53333333333333,4.1690000000000005,15.801220273801007
9,18,9,75632.94,18,1,0.23,0.2,3,47.2,29.173333333333332,22.970000000000002,25.62,33.92666666666666,25.826666666666664,29.123333333333335,19.062333333333335,2.3333333333333335,2.3333333333333335,0.0,2.8333333333333335,13.379999999999999,31.2,43.46666666666667,4.036,7.509479863899887
74,7,1,58211.22,5,1,0.99,0.82,3,10.066666666666666,27.833333333333332,21.18,24.46333333333333,30.046666666666667,23.053333333333335,26.186666666666667,20.332,0.07,0.07,0.0,0.43333333333333335,16.89666666666667,32.77,63.833333333333336,4.553333333333333,11.967870533623895
58,15,4,90531.62,19,1,0.51,0.79,1,5.866666666666666,29.353333333333335,22.573333333333334,25.69,33.15,24.793333333333333,28.433333333333334,21.775333333333332,0.010000000000000002,0.010000000000000002,0.0,0.1,13.416666666666666,29.13,59.266666666666666,4.743333333333334,10.193812118461217
17,11,3,81923.38,23,0,0.32,0.47,4,14.066666666666666,28.873333333333335,21.959999999999997,25.516666666666666,32.5,24.633333333333333,28.56,19.76833333333333,0.14666666666666667,0.14666666666666667,0.0,0.8333333333333334,9.656666666666666,23.10666666666667,104.53333333333333,4.1690000000000005,5.40606310727137
7,18,2,75947.76,26,0,0.73,0.7,0,39.1,30.076666666666664,23.236666666666668,26.336666666666666,34.57333333333334,26.676666666666666,30.05666666666667,19.670666666666666,0.9966666666666666,0.9966666666666666,0.0,3.7666666666666666,13.75,31.466666666666665,43.3,4.147,10.420960902117658
46,12,8,6504.95,5,1,0.43,0.6,0,10.066666666666666,27.833333333333332,21.18,24.46333333333333,30.046666666666667,23.053333333333335,26.186666666666667,20.332,0.07,0.07,0.0,0.43333333333333335,16.89666666666667,32.77,63.833333333333336,4.553333333333333,13.354655968412924
13,6,7,1680.92,7,2,0.67,0.74,1,51.733333333333334,27.433333333333334,22.92,24.993333333333332,31.34,25.946666666666665,28.846666666666668,12.513,5.489999999999999,5.489999999999999,0.0,6.7,13.476666666666667,25.9,78.1,2.6566666666666667,27.35039106064624
40,13,9,22032.28,0,2,0.67,0.45,1,9.933333333333334,28.84,22.483333333333334,25.506666666666668,32.15,24.89333333333333,28.2,19.875,0.05,0.05,0.0,0.26666666666666666,15.586666666666666,33.75,44.266666666666666,4.4093333333333335,12.171349206786704
42,16,2,66688.84,21,2,0.56,0.73,3,5.6,29.27,21.509999999999998,25.14333333333333,31.953333333333333,23.316666666666666,27.303333333333335,23.029999999999998,0.010000000000000002,0.010000000000000002,0.0,0.1,15.493333333333334,33.36,38.833333333333336,5.002666666666667,17.024108371775235
9,18,4,41708.55,16,2,0.87,0.47,4,52.03333333333333,28.456666666666667,23.496666666666666,25.516666666666666,31.80666666666667,26.57,28.706666666666667,16.343333333333334,2.46,2.46,0.0,4.533333333333333,17.233333333333334,38.15,29.433333333333334,3.5396666666666667,14.24329703648817
50,10,6,40838.22,16,2,0.41,0.85,4,52.03333333333333,28.456666666666667,23.496666666666666,25.516666666666666,31.80666666666667,26.57,28.706666666666667,16.343333333333334,2.46,2.46,0.0,4.533333333333333,17.233333333333334,38.15,29.433333333333334,3.5396666666666667,22.473421837162846
27,8,3,88574.1,23,1,0.56,0.49,2,14.066666666666666,28.873333333333335,21.959999999999997,25.516666666666666,32.5,24.633333333333333,28.56,19.76833333333333,0.14666666666666667,0.14666666666666667,0.0,0.8333333333333334,9.656666666666666,23.10666666666667,104.53333333333333,4.1690000000000005,10.829631124163784
66,18,8,89660.72,14,1,0.63,0.47,2,6.0,29.163333333333334,22.779999999999998,25.636666666666667,32.87,25.456666666666667,28.433333333333334,21.76066666666667,0.05,0.05,0.0,0.23333333333333334,14.883333333333333,31.34333333333333,45.7,4.713666666666667,7.022120631330238
5,1,3,91008.35,6,1,0.73,0.73,0,23.533333333333335,28.206666666666667,21.740000000000002,25.15666666666667,31.94333333333333,24.066666666666666,27.883333333333333,18.336000000000002,1.1700000000000002,1.1700000000000002,0.0,1.3333333333333333,14.1,27.986666666666668,92.8,4.055000000000001,16.315631064810393
29,8,2,32073.93,18,0,0.83,0.76,2,47.2,29.173333333333332,22.970000000000002,25.62,33.92666666666666,25.826666666666664,29.123333333333335,19.062333333333335,2.3333333333333335,2.3333333333333335,0.0,2.8333333333333335,13.379999999999999,31.2,43.46666666666667,4.036,14.29441127790829
37,6,3,69414.53,21,2,0.52,0.54,2,5.6,29.27,21.509999999999998,25.14333333333333,31.953333333333333,23.316666666666666,27.303333333333335,23.029999999999998,0.010000000000000002,0.010000000000000002,0.0,0.1,15.493333333333334,33.36,38.833333333333336,5.002666666666667,12.877068129148798
38,5,6,27891.68,24,0,0.72,0.24,0,9.066666666666666,29.613333333333333,22.453333333333333,25.956666666666667,33.31666666666667,25.69333333333333,29.25,20.462333333333333,0.05,0.05,0.0,0.36666666666666664,11.733333333333333,27.533333333333335,38.833333333333336,4.350666666666667,3.929172799159427
83,15,2,19870.37,22,0,0.32,0.47,0,3.1,28.92,21.466666666666665,24.973333333333336,31.66,23.02,27.233333333333334,22.385333333333335,0.006666666666666667,0.006666666666666667,0.0,0.06666666666666667,14.120000000000001,31.016666666666666,38.13333333333333,4.736999999999999,9.059372620039927
8,15,8,19278.61,27,1,0.95,0.87,2,31.433333333333334,30.266666666666666,23.636666666666667,26.673333333333336,33.86,26.21333333333333,29.623333333333335,20.294,0.25666666666666665,0.25666666666666665,0.0,1.5666666666666667,17.416666666666668,36.85,46.166666666666664,4.651333333333333,14.726132715921075
65,2,1,34868.65,2,2,0.51,0.7,4,51.13333333333333,28.14,22.793333333333333,25.113333333333333,32.153333333333336,25.793333333333333,28.5,16.794333333333334,0.9433333333333334,0.9433333333333334,0.0,4.433333333333334,14.323333333333332,30.470000000000002,44.43333333333333,3.5106666666666664,17.65899754611717
86,1,7,43565.8,29,2,0.78,0.75,2,58.166666666666664,27.976666666666667,22.543333333333333,24.973333333333336,30.52,25.103333333333335,27.55666666666667,11.023666666666665,26.796666666666667,26.796666666666667,0.0,9.733333333333333,16.936666666666664,38.629999999999995,42.4,2.8523333333333336,68.90429198402296
17,11,2,83263.97,29,0,0.22,0.13,3,58.166666666666664,27.976666666666667,22.543333333333333,24.973333333333336,30.52,25.103333333333335,27.55666666666667,11.023666666666665,26.796666666666667,26.796666666666667,0.0,9.733333333333333,16.936666666666664,38.629999999999995,42.4,2.8523333333333336,53.87856677913615
71,10,6,12869.22,28,0,0.36,0.47,3,17.566666666666666,30.466666666666665,23.623333333333335,26.623333333333335,33.553333333333335,25.996666666666666,29.15,19.854333333333333,0.5366666666666667,0.5366666666666667,0.0,1.8666666666666667,17.546666666666667,38.43666666666666,34.166666666666664,4.806333333333333,7.958837058149701
89,18,2,73757.66,21,2,0.59,0.62,3,5.6,29.27,21.509999999999998,25.14333333333333,31.953333333333333,23.316666666666666,27.303333333333335,23.029999999999998,0.010000000000000002,0.010000000000000002,0.0,0.1,15.493333333333334,33.36,38.833333333333336,5.002666666666667,13.175874261136698
45,18,2,53614.04,10,1,0.9,0.76,1,39.7,28.83,22.253333333333334,25.67,34.913333333333334,26.383333333333333,30.616666666666667,20.032666666666668,0.5633333333333332,0.5633333333333332,0.0,3.1,7.319999999999999,18.490000000000002,163.93333333333334,3.975333333333333,13.854016022495756
4,17,8,29506.59,19,2,0.62,0.14,3,5.866666666666666,29.353333333333335,22.573333333333334,25.69,33.15,24.793333333333333,28.433333333333334,21.775333333333332,0.010000000000000002,0.010000000000000002,0.0,0.1,13.416666666666666,29.13,59.266666666666666,4.743333333333334,7.983513829852324
36,8,2,49789.14,29,1,0.94,0.78,4,58.166666666666664,27.976666666666667,22.543333333333333,24.973333333333336,30.52,25.103333333333335,27.55666666666667,11.023666666666665,26.796666666666667,26.796666666666667,0.0,9.733333333333333,16.936666666666664,38.629999999999995,42.4,2.8523333333333336,67.17180307195292
70,15,7,30694.26,28,2,0.59,0.54,1,17.566666666666666,30.466666666666665,23.623333333333335,26.623333333333335,33.553333333333335,25.996666666666666,29.15,19.854333333333333,0.5366666666666667,0.5366666666666667,0.0,1.8666666666666667,17.546666666666667,38.43666666666666,34.166666666666664,4.806333333333333,15.053826491263758
31,8,3,60012.11,18,0,0.59,0.26,1,47.2,29.173333333333332,22.970000000000002,25.62,33.92666666666666,25.826666666666664,29.123333333333335,19.062333333333335,2.3333333333333335,2.3333333333333335,0.0,2.8333333333333335,13.379999999999999,31.2,43.46666666666667,4.036,9.342976583053517
19,17,8,43950.55,8,1,0.3,0.35,3,56.06666666666667,28.55666666666667,22.85666666666667,25.453333333333333,34.406666666666666,26.990000000000002,30.283333333333335,17.662333333333333,3.2766666666666664,3.2766666666666664,0.0,6.733333333333333,11.053333333333335,28.49,146.4,3.4739999999999998,13.488308735051211
61,12,7,17276.15,9,2,0.84,0.33,2,44.233333333333334,29.076666666666664,22.41,25.60666666666667,34.63666666666666,26.59,30.316666666666666,19.968999999999998,1.12,1.12,0.0,2.466666666666667,8.346666666666668,21.183333333333334,82.76666666666667,3.96,12.795187597059943
54,8,8,12541.72,1,1,0.4,0.52,0,28.0,28.723333333333336,23.116666666666667,25.486666666666668,32.17,25.87,28.69,17.647333333333332,0.36333333333333334,0.36333333333333334,0.0,1.9333333333333333,15.229999999999999,31.986666666666668,63.63333333333333,3.8056666666666668,8.998521092993206
39,14,7,55122.87,0,1,0.92,0.14,2,9.933333333333334,28.84,22.483333333333334,25.506666666666668,32.15,24.89333333333333,28.2,19.875,0.05,0.05,0.0,0.26666666666666666,15.586666666666666,33.75,44.266666666666666,4.4093333333333335,4.6135601098858325
74,4,6,90338.89,29,1,0.93,0.23,2,58.166666666666664,27.976666666666667,22.543333333333333,24.973333333333336,30.52,25.103333333333335,27.55666666666667,11.023666666666665,26.796666666666667,26.796666666666667,0.0,9.733333333333333,16.936666666666664,38.629999999999995,42.4,2.8523333333333336,60.41928407290061
19,1,7,35051.81,15,2,0.95,0.75,1,52.266666666666666,29.14,23.133333333333333,25.6,33.346666666666664,25.706666666666667,29.06,18.88133333333333,2.17,2.17,0.0,5.066666666666666,15.993333333333334,36.37,36.6,3.9153333333333338,21.475482924968027
39,1,5,73567.01,17,0,0.62,0.21,1,53.9,27.946666666666665,23.273333333333333,25.183333333333334,32.056666666666665,26.423333333333336,28.69,15.520999999999999,3.066666666666667,3.066666666666667,0.0,5.566666666666666,12.430000000000001,30.836666666666666,36.06666666666667,3.293,7.270085347066896
67,19,7,66207.47,22,0,0.74,0.29,1,3.1,28.92,21.466666666666665,24.973333333333336,31.66,23.02,27.233333333333334,22.385333333333335,0.006666666666666667,0.006666666666666667,0.0,0.06666666666666667,14.120000000000001,31.016666666666666,38.13333333333333,4.736999999999999,4.797742213491823
45,16,1,93223.94,25,1,0.82,0.46,4,4.433333333333334,30.363333333333333,22.87,26.34,34.72666666666667,26.243333333333332,29.9,22.631666666666668,0.060000000000000005,0.060000000000000005,0.0,0.4,10.770000000000001,25.31,61.43333333333333,4.747333333333333,11.173456788207428
13,14,1,82277.12,16,0,0.3,0.51,4,52.03333333333333,28.456666666666667,23.496666666666666,25.516666666666666,31.80666666666667,26.57,28.706666666666667,16.343333333333334,2.46,2.46,0.0,4.533333333333333,17.233333333333334,38.15,29.433333333333334,3.5396666666666667,11.660152354835551
58,16,9,57093.92,5,2,0.68,0.71,0,10.066666666666666,27.833333333333332,21.18,24.46333333333333,30.046666666666667,23.053333333333335,26.186666666666667,20.332,0.07,0.07,0.0,0.43333333333333335,16.89666666666667,32.77,63.833333333333336,4.553333333333333,18.475193718837097
20,5,5,66046.02,13,1,0.23,0.46,1,53.06666666666667,29.246666666666666,22.82,25.64,34.93333333333333,26.636666666666667,30.086666666666666,19.803,2.06,2.06,0.0,2.966666666666667,12.696666666666665,30.290000000000003,71.5,3.99,11.979316201344641
72,9,5,89940.26,22,1,0.6,0.73,3,3.1,28.92,21.466666666666665,24.973333333333336,31.66,23.02,27.233333333333334,22.385333333333335,0.006666666666666667,0.006666666666666667,0.0,0.06666666666666667,14.120000000000001,31.016666666666666,38.13333333333333,4.736999999999999,10.406351278366207
61,2,3,40552.36,24,1,0.32,0.59,1,9.066666666666666,29.613333333333333,22.453333333333333,25.956666666666667,33.31666666666667,25.69333333333333,29.25,20.462333333333333,0.05,0.05,0.0,0.36666666666666664,11.733333333333333,27.533333333333335,38.833333333333336,4.350666666666667,8.011919626643582
39,18,5,33352.68,14,0,0.35,0.19,4,6.0,29.163333333333334,22.779999999999998,25.636666666666667,32.87,25.456666666666667,28.433333333333334,21.76066666666667,0.05,0.05,0.0,0.23333333333333334,14.883333333333333,31.34333333333333,45.7,4.713666666666667,4.624066467233774
1,6,3,2070.3,13,2,0.49,0.23,1,53.06666666666667,29.246666666666666,22.82,25.64,34.93333333333333,26.636666666666667,30.086666666666666,19.803,2.06,2.06,0.0,2.966666666666667,12.696666666666665,30.290000000000003,71.5,3.99,14.861548484531088
3,9,9,82828.56,23,2,0.55,0.45,4,14.066666666666666,28.873333333333335,21.959999999999997,25.516666666666666,32.5,24.633333333333333,28.56,19.76833333333333,0.14666666666666667,0.14666666666666667,0.0,0.8333333333333334,9.656666666666666,23.10666666666667,104.53333333333333,4.1690000000000005,12.609956326967652
77,1,9,80297.09,21,1,0.7,0.42,1,5.6,29.27,21.509999999999998,25.14333333333333,31.953333333333333,23.316666666666666,27.303333333333335,23.029999999999998,0.010000000000000002,0.010000000000000002,0.0,0.1,15.493333333333334,33.36,38.833333333333336,5.002666666666667,8.97995293947973
62,9,6,11341.0,2,2,0.26,0.69,3,51.13333333333333,28.14,22.793333333333333,25.113333333333333,32.153333333333336,25.793333333333333,28.5,16.794333333333334,0.9433333333333334,0.9433333333333334,0.0,4.433333333333334,14.323333333333332,30.470000000000002,44.43333333333333,3.5106666666666664,15.4784330957191
63,16,1,58108.88,23,1,0.6,0.56,0,14.066666666666666,28.873333333333335,21.959999999999997,25.516666666666666,32.5,24.633333333333333,28.56,19.76833333333333,0.14666666666666667,0.14666666666666667,0.0,0.8333333333333334,9.656666666666666,23.10666666666667,104.53333333333333,4.1690000000000005,14.181961302758573
25,13,7,46934.19,22,1,0.35,0.41,3,3.1,28.92,21.466666666666665,24.973333333333336,31.66,23.02,27.233333333333334,22.385333333333335,0.006666666666666667,0.006666666666666667,0.0,0.06666666666666667,14.120000000000001,31.016666666666666,38.13333333333333,4.736999999999999,8.627165106296175
56,9,7,12752.2,18,2,0.66,0.24,4,47.2,29.173333333333332,22.970000000000002,25.62,33.92666666666666,25.826666666666664,29.123333333333335,19.062333333333335,2.3333333333333335,2.3333333333333335,0.0,2.8333333333333335,13.379999999999999,31.2,43.46666666666667,4.036,14.710758858574007
33,13,4,98076.25,24,1,0.71,0.28,2,9.066666666666666,29.613333333333333,22.453333333333333,25.956666666666667,33.31666666666667,25.69333333333333,29.25,20.462333333333333,0.05,0.05,0.0,0.36666666666666664,11.733333333333333,27.533333333333335,38.833333333333336,4.350666666666667,8.048649935848038
38,9,8,22254.89,11,0,0.65,0.56,3,59.93333333333333,28.80666666666667,22.923333333333336,25.496666666666666,35.016666666666666,27.523333333333333,30.466666666666665,19.56833333333333,5.35,5.35,0.0,7.166666666666667,9.033333333333333,22.42666666666667,32.53333333333333,3.852333333333333,18.141513847605072
6,11,6,7656.18,1,1,0.79,0.44,1,28.0,28.723333333333336,23.116666666666667,25.486666666666668,32.17,25.87,28.69,17.647333333333332,0.36333333333333334,0.36333333333333334,0.0,1.9333333333333333,15.229999999999999,31.986666666666668,63.63333333333333,3.8056666666666668,9.842492703085364
58,4,4,59889.89,2,2,0.47,0.51,0,51.13333333333333,28.14,22.793333333333333,25.113333333333333,32.153333333333336,25.793333333333333,28.5,16.794333333333334,0.9433333333333334,0.9433333333333334,0.0,4.433333333333334,14.323333333333332,30.470000000000002,44.43333333333333,3.5106666666666664,13.8209549834987
44,2,4,74147.8,17,1,0.81,0.24,1,53.9,27.946666666666665,23.273333333333333,25.183333333333334,32.056666666666665,26.423333333333336,28.69,15.520999999999999,3.066666666666667,3.066666666666667,0.0,5.566666666666666,12.430000000000001,30.836666666666666,36.06666666666667,3.293,13.220535869037326
45,6,2,4211.9,28,2,0.55,0.63,1,17.566666666666666,30.466666666666665,23.623333333333335,26.623333333333335,33.553333333333335,25.996666666666666,29.15,19.854333333333333,0.5366666666666667,0.5366666666666667,0.0,1.8666666666666667,17.546666666666667,38.43666666666666,34.166666666666664,4.806333333333333,18.456370078045886
32,14,2,66213.05,0,1,0.59,0.78,3,9.933333333333334,28.84,22.483333333333334,25.506666666666668,32.15,24.89333333333333,28.2,19.875,0.05,0.05,0.0,0.26666666666666666,15.586666666666666,33.75,44.266666666666666,4.4093333333333335,14.978130069232465
45,4,4,53696.9,19,1,0.72,0.31,0,5.866666666666666,29.353333333333335,22.573333333333334,25.69,33.15,24.793333333333333,28.433333333333334,21.775333333333332,0.010000000000000002,0.010000000000000002,0.0,0.1,13.416666666666666,29.13,59.266666666666666,4.743333333333334,9.629779939959096
61,6,5,11223.24,20,0,0.21,0.49,2,5.566666666666666,29.123333333333335,21.916666666666668,25.313333333333333,32.1,24.029999999999998,27.490000000000002,21.885666666666665,0.15,0.15,0.0,0.7,16.486666666666668,34.14666666666667,42.666666666666664,4.899,5.4131764853532225
47,19,8,18079.86,28,1,0.72,0.88,1,17.566666666666666,30.466666666666665,23.623333333333335,26.623333333333335,33.553333333333335,25.996666666666666,29.15,19.854333333333333,0.5366666666666667,0.5366666666666667,0.0,1.8666666666666667,17.546666666666667,38.43666666666666,34.166666666666664,4.806333333333333,13.648926102945461
21,6,6,57229.46,5,0,0.69,0.37,0,10.066666666666666,27.833333333333332,21.18,24.46333333333333,30.046666666666667,23.053333333333335,26.186666666666667,20.332,0.07,0.07,0.0,0.43333333333333335,16.89666666666667,32.77,63.833333333333336,4.553333333333333,4.391319619850527
80,2,4,30339.4,4,0,0.45,0.58,2,6.366666666666666,27.506666666666668,21.0,24.19,30.02,22.923333333333336,26.07,22.589666666666666,0.07666666666666666,0.07666666666666666,0.0,0.4666666666666667,15.903333333333332,32.46666666666667,145.63333333333333,4.755333333333334,7.196920701766374
85,18,7,93893.26,0,1,0.27,0.17,1,9.933333333333334,28.84,22.483333333333334,25.506666666666668,32.15,24.89333333333333,28.2,19.875,0.05,0.05,0.0,0.26666666666666666,15.586666666666666,33.75,44.266666666666666,4.4093333333333335,7.281287277706424
75,13,8,82055.28,18,1,0.27,0.58,0,47.2,29.173333333333332,22.970000000000002,25.62,33.92666666666666,25.826666666666664,29.123333333333335,19.062333333333335,2.3333333333333335,2.3333333333333335,0.0,2.8333333333333335,13.379999999999999,31.2,43.46666666666667,4.036,12.587969722094439
36,9,2,98373.15,0,2,0.94,0.17,3,9.933333333333334,28.84,22.483333333333334,25.506666666666668,32.15,24.89333333333333,28.2,19.875,0.05,0.05,0.0,0.26666666666666666,15.586666666666666,33.75,44.266666666666666,4.4093333333333335,11.434325479190921
19,19,7,26707.41,26,0,0.75,0.87,1,39.1,30.076666666666664,23.236666666666668,26.336666666666666,34.57333333333334,26.676666666666666,30.05666666666667,19.670666666666666,0.9966666666666666,0.9966666666666666,0.0,3.7666666666666666,13.75,31.466666666666665,43.3,4.147,12.19632148546485
20,13,2,97002.64,20,0,0.3,0.67,1,5.566666666666666,29.123333333333335,21.916666666666668,25.313333333333333,32.1,24.029999999999998,27.490000000000002,21.885666666666665,0.15,0.15,0.0,0.7,16.486666666666668,34.14666666666667,42.666666666666664,4.899,7.699678395078871
57,11,2,43692.15,20,2,0.49,0.73,0,5.566666666666666,29.123333333333335,21.916666666666668,25.313333333333333,32.1,24.029999999999998,27.490000000000002,21.885666666666665,0.15,0.15,0.0,0.7,16.486666666666668,34.14666666666667,42.666666666666664,4.899,14.541843437109748
18,1,8,35404.36,15,2,0.67,0.66,1,52.266666666666666,29.14,23.133333333333333,25.6,33.346666666666664,25.706666666666667,29.06,18.88133333333333,2.17,2.17,0.0,5.066666666666666,15.993333333333334,36.37,36.6,3.9153333333333338,16.777714992201343
47,7,2,5984.6,11,1,0.87,0.57,2,59.93333333333333,28.80666666666667,22.923333333333336,25.496666666666666,35.016666666666666,27.523333333333333,30.466666666666665,19.56833333333333,5.35,5.35,0.0,7.166666666666667,9.033333333333333,22.42666666666667,32.53333333333333,3.852333333333333,22.274755875942873
49,15,9,6223.76,26,0,0.23,0.46,1,39.1,30.076666666666664,23.236666666666668,26.336666666666666,34.57333333333334,26.676666666666666,30.05666666666667,19.670666666666666,0.9966666666666666,0.9966666666666666,0.0,3.7666666666666666,13.75,31.466666666666665,43.3,4.147,7.62331028411594
14,1,1,69509.11,28,0,0.39,0.79,4,17.566666666666666,30.466666666666665,23.623333333333335,26.623333333333335,33.553333333333335,25.996666666666666,29.15,19.854333333333333,0.5366666666666667,0.5366666666666667,0.0,1.8666666666666667,17.546666666666667,38.43666666666666,34.166666666666664,4.806333333333333,8.618391983721754
15,12,9,46334.97,21,1,0.91,0.87,2,5.6,29.27,21.509999999999998,25.14333333333333,31.953333333333333,23.316666666666666,27.303333333333335,23.029999999999998,0.010000000000000002,0.010000000000000002,0.0,0.1,15.493333333333334,33.36,38.833333333333336,5.002666666666667,12.017381841904575
31,7,1,23425.64,7,1,0.21,0.5,0,51.733333333333334,27.433333333333334,22.92,24.993333333333332,31.34,25.946666666666665,28.846666666666668,12.513,5.489999999999999,5.489999999999999,0.0,6.7,13.476666666666667,25.9,78.1,2.6566666666666667,19.976322951064805
1,15,2,61783.06,25,1,0.36,0.85,2,4.433333333333334,30.363333333333333,22.87,26.34,34.72666666666667,26.243333333333332,29.9,22.631666666666668,0.060000000000000005,0.060000000000000005,0.0,0.4,10.770000000000001,25.31,61.43333333333333,4.747333333333333,16.32353228793409
54,19,6,26032.95,15,1,0.97,0.57,4,52.266666666666666,29.14,23.133333333333333,25.6,33.346666666666664,25.706666666666667,29.06,18.88133333333333,2.17,2.17,0.0,5.066666666666666,15.993333333333334,36.37,36.6,3.9153333333333338,14.290612972954593
3,1,6,58185.54,27,0,0.69,0.53,4,31.433333333333334,30.266666666666666,23.636666666666667,26.673333333333336,33.86,26.21333333333333,29.623333333333335,20.294,0.25666666666666665,0.25666666666666665,0.0,1.5666666666666667,17.416666666666668,36.85,46.166666666666664,4.651333333333333,4.6186189036561744
16,17,1,36561.67,0,1,0.41,0.46,1,9.933333333333334,28.84,22.483333333333334,25.506666666666668,32.15,24.89333333333333,28.2,19.875,0.05,0.05,0.0,0.26666666666666666,15.586666666666666,33.75,44.266666666666666,4.4093333333333335,8.751385403871085
87,17,7,82531.67,3,1,0.25,0.27,1,16.133333333333333,27.81,21.666666666666668,24.716666666666665,30.85,23.65666666666667,27.313333333333333,16.785666666666668,0.45666666666666667,0.45666666666666667,0.0,1.2666666666666666,14.893333333333334,32.52333333333333,167.1,3.701333333333333,7.244247978711828
57,3,8,82248.92,9,1,0.22,0.1,3,44.233333333333334,29.076666666666664,22.41,25.60666666666667,34.63666666666666,26.59,30.316666666666666,19.968999999999998,1.12,1.12,0.0,2.466666666666667,8.346666666666668,21.183333333333334,82.76666666666667,3.96,2.8946700355876427
75,12,2,48257.69,10,0,0.4,0.29,2,39.7,28.83,22.253333333333334,25.67,34.913333333333334,26.383333333333333,30.616666666666667,20.032666666666668,0.5633333333333332,0.5633333333333332,0.0,3.1,7.319999999999999,18.490000000000002,163.93333333333334,3.975333333333333,4.5252243668899474
12,6,8,35731.09,16,2,0.91,0.51,3,52.03333333333333,28.456666666666667,23.496666666666666,25.516666666666666,31.80666666666667,26.57,28.706666666666667,16.343333333333334,2.46,2.46,0.0,4.533333333333333,17.233333333333334,38.15,29.433333333333334,3.5396666666666667,17.69359820468698
74,11,9,36893.42,24,1,0.53,0.4,4,9.066666666666666,29.613333333333333,22.453333333333333,25.956666666666667,33.31666666666667,25.69333333333333,29.25,20.462333333333333,0.05,0.05,0.0,0.36666666666666664,11.733333333333333,27.533333333333335,38.833333333333336,4.350666666666667,9.444309547220127
16,3,6,80765.74,26,1,0.78,0.46,1,39.1,30.076666666666664,23.236666666666668,26.336666666666666,34.57333333333334,26.676666666666666,30.05666666666667,19.670666666666666,0.9966666666666666,0.9966666666666666,0.0,3.7666666666666666,13.75,31.466666666666665,43.3,4.147,13.78676747575135
72,8,5,33489.77,22,0,0.93,0.88,1,3.1,28.92,21.466666666666665,24.973333333333336,31.66,23.02,27.233333333333334,22.385333333333335,0.006666666666666667,0.006666666666666667,0.0,0.06666666666666667,14.120000000000001,31.016666666666666,38.13333333333333,4.736999999999999,12.263180877654971
76,14,9,21696.88,6,0,0.53,0.38,1,23.533333333333335,28.206666666666667,21.740000000000002,25.15666666666667,31.94333333333333,24.066666666666666,27.883333333333333,18.336000000000002,1.1700000000000002,1.1700000000000002,0.0,1.3333333333333333,14.1,27.986666666666668,92.8,4.055000000000001,6.496666964167755
24,14,9,9384.15,11,1,0.35,0.46,0,59.93333333333333,28.80666666666667,22.923333333333336,25.496666666666666,35.016666666666666,27.523333333333333,30.466666666666665,19.56833333333333,5.35,5.35,0.0,7.166666666666667,9.033333333333333,22.42666666666667,32.53333333333333,3.852333333333333,18.060211136887492
28,10,1,47202.62,20,1,0.61,0.21,4,5.566666666666666,29.123333333333335,21.916666666666668,25.313333333333333,32.1,24.029999999999998,27.490000000000002,21.885666666666665,0.15,0.15,0.0,0.7,16.486666666666668,34.14666666666667,42.666666666666664,4.899,10.18003970487479
8,2,3,48731.08,6,1,0.93,0.14,1,23.533333333333335,28.206666666666667,21.740000000000002,25.15666666666667,31.94333333333333,24.066666666666666,27.883333333333333,18.336000000000002,1.1700000000000002,1.1700000000000002,0.0,1.3333333333333333,14.1,27.986666666666668,92.8,4.055000000000001,7.608827651021732
36,14,9,84249.96,11,1,0.84,0.72,4,59.93333333333333,28.80666666666667,22.923333333333336,25.496666666666666,35.016666666666666,27.523333333333333,30.466666666666665,19.56833333333333,5.35,5.35,0.0,7.166666666666667,9.033333333333333,22.42666666666667,32.53333333333333,3.852333333333333,22.86089393786942
8,9,2,22902.63,14,2,0.25,0.56,1,6.0,29.163333333333334,22.779999999999998,25.636666666666667,32.87,25.456666666666667,28.433333333333334,21.76066666666667,0.05,0.05,0.0,0.23333333333333334,14.883333333333333,31.34333333333333,45.7,4.713666666666667,13.783812369334996
58,3,4,38718.14,1,0,0.75,0.71,2,28.0,28.723333333333336,23.116666666666667,25.486666666666668,32.17,25.87,28.69,17.647333333333332,0.36333333333333334,0.36333333333333334,0.0,1.9333333333333333,15.229999999999999,31.986666666666668,63.63333333333333,3.8056666666666668,9.54379380781845
60,8,4,81032.17,13,1,0.66,0.22,4,53.06666666666667,29.246666666666666,22.82,25.64,34.93333333333333,26.636666666666667,30.086666666666666,19.803,2.06,2.06,0.0,2.966666666666667,12.696666666666665,30.290000000000003,71.5,3.99,10.043459382114087
50,16,2,82538.74,12,0,0.93,0.56,3,56.333333333333336,28.956666666666667,23.14,25.56,35.406666666666666,27.62,30.503333333333334,18.640666666666668,2.9433333333333334,2.9433333333333334,0.0,7.466666666666667,8.383333333333333,23.90666666666667,115.3,3.710666666666667,11.746173656346313
28,2,3,39076.5,3,1,0.3,0.3,0,16.133333333333333,27.81,21.666666666666668,24.716666666666665,30.85,23.65666666666667,27.313333333333333,16.785666666666668,0.45666666666666667,0.45666666666666667,0.0,1.2666666666666666,14.893333333333334,32.52333333333333,167.1,3.701333333333333,7.193044921472744
41,6,3,46453.28,13,2,0.63,0.28,3,53.06666666666667,29.246666666666666,22.82,25.64,34.93333333333333,26.636666666666667,30.086666666666666,19.803,2.06,2.06,0.0,2.966666666666667,12.696666666666665,30.290000000000003,71.5,3.99,14.430870094676003
64,12,1,31025.3,13,2,0.9,0.11,4,53.06666666666667,29.246666666666666,22.82,25.64,34.93333333333333,26.636666666666667,30.086666666666666,19.803,2.06,2.06,0.0,2.966666666666667,12.696666666666665,30.290000000000003,71.5,3.99,11.624862843299354
27,5,6,93322.93,15,1,0.53,0.2,1,52.266666666666666,29.14,23.133333333333333,25.6,33.346666666666664,25.706666666666667,29.06,18.88133333333333,2.17,2.17,0.0,5.066666666666666,15.993333333333334,36.37,36.6,3.9153333333333338,9.170731325984253
63,2,8,12745.73,6,1,0.59,0.35,4,23.533333333333335,28.206666666666667,21.740000000000002,25.15666666666667,31.94333333333333,24.066666666666666,27.883333333333333,18.336000000000002,1.1700000000000002,1.1700000000000002,0.0,1.3333333333333333,14.1,27.986666666666668,92.8,4.055000000000001,10.199645341537844
17,16,3,93441.19,18,2,0.26,0.19,0,47.2,29.173333333333332,22.970000000000002,25.62,33.92666666666666,25.826666666666664,29.123333333333335,19.062333333333335,2.3333333333333335,2.3333333333333335,0.0,2.8333333333333335,13.379999999999999,31.2,43.46666666666667,4.036,13.564200840535387
73,5,5,68702.78,1,1,0.42,0.89,4,28.0,28.723333333333336,23.116666666666667,25.486666666666668,32.17,25.87,28.69,17.647333333333332,0.36333333333333334,0.36333333333333334,0.0,1.9333333333333333,15.229999999999999,31.986666666666668,63.63333333333333,3.8056666666666668,17.162656149540698
33,15,1,53625.64,9,1,0.46,0.35,1,44.233333333333334,29.076666666666664,22.41,25.60666666666667,34.63666666666666,26.59,30.316666666666666,19.968999999999998,1.12,1.12,0.0,2.466666666666667,8.346666666666668,21.183333333333334,82.76666666666667,3.96,5.963545287410481
84,12,7,4233.25,17,2,0.96,0.2,3,53.9,27.946666666666665,23.273333333333333,25.183333333333334,32.056666666666665,26.423333333333336,28.69,15.520999999999999,3.066666666666667,3.066666666666667,0.0,5.566666666666666,12.430000000000001,30.836666666666666,36.06666666666667,3.293,17.170593611217026
77,4,1,48084.02,28,0,0.43,0.26,2,17.566666666666666,30.466666666666665,23.623333333333335,26.623333333333335,33.553333333333335,25.996666666666666,29.15,19.854333333333333,0.5366666666666667,0.5366666666666667,0.0,1.8666666666666667,17.546666666666667,38.43666666666666,34.166666666666664,4.806333333333333,6.062461122079776
29,15,9,41367.06,16,1,0.57,0.57,3,52.03333333333333,28.456666666666667,23.496666666666666,25.516666666666666,31.80666666666667,26.57,28.706666666666667,16.343333333333334,2.46,2.46,0.0,4.533333333333333,17.233333333333334,38.15,29.433333333333334,3.5396666666666667,12.149914651387775
13,11,8,16960.66,4,0,0.74,0.15,1,6.366666666666666,27.506666666666668,21.0,24.19,30.02,22.923333333333336,26.07,22.589666666666666,0.07666666666666666,0.07666666666666666,0.0,0.4666666666666667,15.903333333333332,32.46666666666667,145.63333333333333,4.755333333333334,1.43930194221281
46,16,7,65984.55,11,1,0.33,0.79,1,59.93333333333333,28.80666666666667,22.923333333333336,25.496666666666666,35.016666666666666,27.523333333333333,30.466666666666665,19.56833333333333,5.35,5.35,0.0,7.166666666666667,9.033333333333333,22.42666666666667,32.53333333333333,3.852333333333333,23.122838701006312
35,6,7,97143.94,5,2,0.59,0.87,0,10.066666666666666,27.833333333333332,21.18,24.46333333333333,30.046666666666667,23.053333333333335,26.186666666666667,20.332,0.07,0.07,0.0,0.43333333333333335,16.89666666666667,32.77,63.833333333333336,4.553333333333333,15.468732457923267
6,14,5,56656.69,21,2,0.79,0.3,4,5.6,29.27,21.509999999999998,25.14333333333333,31.953333333333333,23.316666666666666,27.303333333333335,23.029999999999998,0.010000000000000002,0.010000000000000002,0.0,0.1,15.493333333333334,33.36,38.833333333333336,5.002666666666667,9.453274968613686
82,18,5,71760.57,8,0,0.89,0.46,4,56.06666666666667,28.55666666666667,22.85666666666667,25.453333333333333,34.406666666666666,26.990000000000002,30.283333333333335,17.662333333333333,3.2766666666666664,3.2766666666666664,0.0,6.733333333333333,11.053333333333335,28.49,146.4,3.4739999999999998,10.40746956513459
69,12,5,7776.59,19,1,0.7,0.12,3,5.866666666666666,29.353333333333335,22.573333333333334,25.69,33.15,24.793333333333333,28.433333333333334,21.775333333333332,0.010000000000000002,0.010000000000000002,0.0,0.1,13.416666666666666,29.13,59.266666666666666,4.743333333333334,7.588405665135435
47,11,1,42349.03,0,2,0.74,0.61,2,9.933333333333334,28.84,22.483333333333334,25.506666666666668,32.15,24.89333333333333,28.2,19.875,0.05,0.05,0.0,0.26666666666666666,15.586666666666666,33.75,44.266666666666666,4.4093333333333335,15.823517589721192
25,13,8,12519.49,21,2,0.3,0.43,2,5.6,29.27,21.509999999999998,25.14333333333333,31.953333333333333,23.316666666666666,27.303333333333335,23.029999999999998,0.010000000000000002,0.010000000000000002,0.0,0.1,15.493333333333334,33.36,38.833333333333336,5.002666666666667,14.087332642491237
66,11,1,61666.79,14,1,0.96,0.32,0,6.0,29.163333333333334,22.779999999999998,25.636666666666667,32.87,25.456666666666667,28.433333333333334,21.76066666666667,0.05,0.05,0.0,0.23333333333333334,14.883333333333333,31.34333333333333,45.7,4.713666666666667,8.522508096064852
10,16,4,93909.73,20,1,0.31,0.27,1,5.566666666666666,29.123333333333335,21.916666666666668,25.313333333333333,32.1,24.029999999999998,27.490000000000002,21.885666666666665,0.15,0.15,0.0,0.7,16.486666666666668,34.14666666666667,42.666666666666664,4.899,5.346422343174156
56,15,9,66516.0,25,1,0.82,0.62,0,4.433333333333334,30.363333333333333,22.87,26.34,34.72666666666667,26.243333333333332,29.9,22.631666666666668,0.060000000000000005,0.060000000000000005,0.0,0.4,10.770000000000001,25.31,61.43333333333333,4.747333333333333,10.273219600580338
30,15,9,8603.5,5,1,0.41,0.43,4,10.066666666666666,27.833333333333332,21.18,24.46333333333333,30.046666666666667,23.053333333333335,26.186666666666667,20.332,0.07,0.07,0.0,0.43333333333333335,16.89666666666667,32.77,63.833333333333336,4.553333333333333,9.534061841841877
5,4,5,36111.95,18,0,0.95,0.24,1,47.2,29.173333333333332,22.970000000000002,25.62,33.92666666666666,25.826666666666664,29.123333333333335,19.062333333333335,2.3333333333333335,2.3333333333333335,0.0,2.8333333333333335,13.379999999999999,31.2,43.46666666666667,4.036,5.713474953328749
33,11,4,55515.67,17,1,0.78,0.65,0,53.9,27.946666666666665,23.273333333333333,25.183333333333334,32.056666666666665,26.423333333333336,28.69,15.520999999999999,3.066666666666667,3.066666666666667,0.0,5.566666666666666,12.430000000000001,30.836666666666666,36.06666666666667,3.293,18.502830978591916
65,19,3,40917.57,5,1,0.8,0.55,3,10.066666666666666,27.833333333333332,21.18,24.46333333333333,30.046666666666667,23.053333333333335,26.186666666666667,20.332,0.07,0.07,0.0,0.43333333333333335,16.89666666666667,32.77,63.833333333333336,4.553333333333333,9.879511902762797
18,15,3,83530.76,12,2,0.38,0.79,4,56.333333333333336,28.956666666666667,23.14,25.56,35.406666666666666,27.62,30.503333333333334,18.640666666666668,2.9433333333333334,2.9433333333333334,0.0,7.466666666666667,8.383333333333333,23.90666666666667,115.3,3.710666666666667,21.804435455342272
49,4,5,81652.43,0,1,0.55,0.19,2,9.933333333333334,28.84,22.483333333333334,25.506666666666668,32.15,24.89333333333333,28.2,19.875,0.05,0.05,0.0,0.26666666666666666,15.586666666666666,33.75,44.266666666666666,4.4093333333333335,6.946439952305238
11,13,1,61571.27,22,2,0.69,0.73,0,3.1,28.92,21.466666666666665,24.973333333333336,31.66,23.02,27.233333333333334,22.385333333333335,0.006666666666666667,0.006666666666666667,0.0,0.06666666666666667,14.120000000000001,31.016666666666666,38.13333333333333,4.736999999999999,16.439728300562393
85,19,5,37972.34,22,1,0.82,0.64,4,3.1,28.92,21.466666666666665,24.973333333333336,31.66,23.02,27.233333333333334,22.385333333333335,0.006666666666666667,0.006666666666666667,0.0,0.06666666666666667,14.120000000000001,31.016666666666666,38.13333333333333,4.736999999999999,10.651884084604713
26,2,6,26278.3,25,0,0.28,0.19,4,4.433333333333334,30.363333333333333,22.87,26.34,34.72666666666667,26.243333333333332,29.9,22.631666666666668,0.060000000000000005,0.060000000000000005,0.0,0.4,10.770000000000001,25.31,61.43333333333333,4.747333333333333,4.138994705046373
63,14,7,11481.56,12,0,0.97,0.66,2,56.333333333333336,28.956666666666667,23.14,25.56,35.406666666666666,27.62,30.503333333333334,18.640666666666668,2.9433333333333334,2.9433333333333334,0.0,7.466666666666667,8.383333333333333,23.90666666666667,115.3,3.710666666666667,12.185071675266821
89,4,9,36134.87,6,0,0.91,0.45,2,23.533333333333335,28.206666666666667,21.740000000000002,25.15666666666667,31.94333333333333,24.066666666666666,27.883333333333333,18.336000000000002,1.1700000000000002,1.1700000000000002,0.0,1.3333333333333333,14.1,27.986666666666668,92.8,4.055000000000001,8.663903410416395
86,16,3,41904.08,14,1,0.42,0.86,2,6.0,29.163333333333334,22.779999999999998,25.636666666666667,32.87,25.456666666666667,28.433333333333334,21.76066666666667,0.05,0.05,0.0,0.23333333333333334,14.883333333333333,31.34333333333333,45.7,4.713666666666667,14.809651886952576
59,14,2,67906.47,11,2,0.86,0.21,0,59.93333333333333,28.80666666666667,22.923333333333336,25.496666666666666,35.016666666666666,27.523333333333333,30.466666666666665,19.56833333333333,5.35,5.35,0.0,7.166666666666667,9.033333333333333,22.42666666666667,32.53333333333333,3.852333333333333,19.755680341029013
27,15,3,66157.82,26,1,0.61,0.61,2,39.1,30.076666666666664,23.236666666666668,26.336666666666666,34.57333333333334,26.676666666666666,30.05666666666667,19.670666666666666,0.9966666666666666,0.9966666666666666,0.0,3.7666666666666666,13.75,31.466666666666665,43.3,4.147,13.30253286669651
49,3,9,7940.71,25,1,0.57,0.41,3,4.433333333333334,30.363333333333333,22.87,26.34,34.72666666666667,26.243333333333332,29.9,22.631666666666668,0.060000000000000005,0.060000000000000005,0.0,0.4,10.770000000000001,25.31,61.43333333333333,4.747333333333333,6.663329635422045
77,8,7,40130.67,0,1,0.45,0.87,4,9.933333333333334,28.84,22.483333333333334,25.506666666666668,32.15,24.89333333333333,28.2,19.875,0.05,0.05,0.0,0.26666666666666666,15.586666666666666,33.75,44.266666666666666,4.4093333333333335,15.42604052881035
33,16,9,18996.11,14,2,0.66,0.36,2,6.0,29.163333333333334,22.779999999999998,25.636666666666667,32.87,25.456666666666667,28.433333333333334,21.76066666666667,0.05,0.05,0.0,0.23333333333333334,14.883333333333333,31.34333333333333,45.7,4.713666666666667,11.142646795335516
1,10,2,16524.46,3,1,0.78,0.87,4,16.133333333333333,27.81,21.666666666666668,24.716666666666665,30.85,23.65666666666667,27.313333333333333,16.785666666666668,0.45666666666666667,0.45666666666666667,0.0,1.2666666666666666,14.893333333333334,32.52333333333333,167.1,3.701333333333333,14.069248802554773
21,4,5,82902.91,12,2,0.53,0.82,1,56.333333333333336,28.956666666666667,23.14,25.56,35.406666666666666,27.62,30.503333333333334,18.640666666666668,2.9433333333333334,2.9433333333333334,0.0,7.466666666666667,8.383333333333333,23.90666666666667,115.3,3.710666666666667,24.300180505422
55,18,4,5149.61,22,1,0.7,0.32,1,3.1,28.92,21.466666666666665,24.973333333333336,31.66,23.02,27.233333333333334,22.385333333333335,0.006666666666666667,0.006666666666666667,0.0,0.06666666666666667,14.120000000000001,31.016666666666666,38.13333333333333,4.736999999999999,6.296817797519195
6,2,2,42499.1,26,1,0.76,0.74,2,39.1,30.076666666666664,23.236666666666668,26.336666666666666,34.57333333333334,26.676666666666666,30.05666666666667,19.670666666666666,0.9966666666666666,0.9966666666666666,0.0,3.7666666666666666,13.75,31.466666666666665,43.3,4.147,12.260641388787992
81,17,9,17652.16,24,2,0.77,0.9,4,9.066666666666666,29.613333333333333,22.453333333333333,25.956666666666667,33.31666666666667,25.69333333333333,29.25,20.462333333333333,0.05,0.05,0.0,0.36666666666666664,11.733333333333333,27.533333333333335,38.833333333333336,4.350666666666667,15.565056239714142
69,13,9,88053.69,4,1,0.24,0.3,1,6.366666666666666,27.506666666666668,21.0,24.19,30.02,22.923333333333336,26.07,22.589666666666666,0.07666666666666666,0.07666666666666666,0.0,0.4666666666666667,15.903333333333332,32.46666666666667,145.63333333333333,4.755333333333334,8.162348260351793
5,4,6,56147.01,28,2,0.89,0.45,2,17.566666666666666,30.466666666666665,23.623333333333335,26.623333333333335,33.553333333333335,25.996666666666666,29.15,19.854333333333333,0.5366666666666667,0.5366666666666667,0.0,1.8666666666666667,17.546666666666667,38.43666666666666,34.166666666666664,4.806333333333333,11.55268930458891
3,11,6,23906.68,1,1,0.57,0.52,4,28.0,28.723333333333336,23.116666666666667,25.486666666666668,32.17,25.87,28.69,17.647333333333332,0.36333333333333334,0.36333333333333334,0.0,1.9333333333333333,15.229999999999999,31.986666666666668,63.63333333333333,3.8056666666666668,13.098857939643214
53,7,8,50740.3,22,0,0.41,0.34,2,3.1,28.92,21.466666666666665,24.973333333333336,31.66,23.02,27.233333333333334,22.385333333333335,0.006666666666666667,0.006666666666666667,0.0,0.06666666666666667,14.120000000000001,31.016666666666666,38.13333333333333,4.736999999999999,0.9704392215077506
23,12,6,73417.15,25,2,0.39,0.11,4,4.433333333333334,30.363333333333333,22.87,26.34,34.72666666666667,26.243333333333332,29.9,22.631666666666668,0.060000000000000005,0.060000000000000005,0.0,0.4,10.770000000000001,25.31,61.43333333333333,4.747333333333333,10.984684552435057
53,10,1,95853.68,0,1,0.59,0.28,1,9.933333333333334,28.84,22.483333333333334,25.506666666666668,32.15,24.89333333333333,28.2,19.875,0.05,0.05,0.0,0.26666666666666666,15.586666666666666,33.75,44.266666666666666,4.4093333333333335,7.276526200803929
37,7,4,22824.15,15,1,0.91,0.33,2,52.266666666666666,29.14,23.133333333333333,25.6,33.346666666666664,25.706666666666667,29.06,18.88133333333333,2.17,2.17,0.0,5.066666666666666,15.993333333333334,36.37,36.6,3.9153333333333338,11.654930332194413
74,13,7,88732.0,22,2,0.5,0.45,1,3.1,28.92,21.466666666666665,24.973333333333336,31.66,23.02,27.233333333333334,22.385333333333335,0.006666666666666667,0.006666666666666667,0.0,0.06666666666666667,14.120000000000001,31.016666666666666,38.13333333333333,4.736999999999999,11.59595470311991
74,7,2,93496.11,5,0,0.8,0.24,2,10.066666666666666,27.833333333333332,21.18,24.46333333333333,30.046666666666667,23.053333333333335,26.186666666666667,20.332,0.07,0.07,0.0,0.43333333333333335,16.89666666666667,32.77,63.833333333333336,4.553333333333333,3.6187041715281065
83,17,9,91725.63,22,1,0.28,0.8,0,3.1,28.92,21.466666666666665,24.973333333333336,31.66,23.02,27.233333333333334,22.385333333333335,0.006666666666666667,0.006666666666666667,0.0,0.06666666666666667,14.120000000000001,31.016666666666666,38.13333333333333,4.736999999999999,13.056881279696062
17,10,8,63906.02,15,1,0.58,0.66,1,52.266666666666666,29.14,23.133333333333333,25.6,33.346666666666664,25.706666666666667,29.06,18.88133333333333,2.17,2.17,0.0,5.066666666666666,15.993333333333334,36.37,36.6,3.9153333333333338,17.414952823024784
85,10,8,63352.24,13,0,0.99,0.17,1,53.06666666666667,29.246666666666666,22.82,25.64,34.93333333333333,26.636666666666667,30.086666666666666,19.803,2.06,2.06,0.0,2.966666666666667,12.696666666666665,30.290000000000003,71.5,3.99,6.33134147299306
78,4,7,40917.85,28,2,0.82,0.62,3,17.566666666666666,30.466666666666665,23.623333333333335,26.623333333333335,33.553333333333335,25.996666666666666,29.15,19.854333333333333,0.5366666666666667,0.5366666666666667,0.0,1.8666666666666667,17.546666666666667,38.43666666666666,34.166666666666664,4.806333333333333,15.73878597552615
73,4,4,75487.39,25,1,0.37,0.62,1,4.433333333333334,30.363333333333333,22.87,26.34,34.72666666666667,26.243333333333332,29.9,22.631666666666668,0.060000000000000005,0.060000000000000005,0.0,0.4,10.770000000000001,25.31,61.43333333333333,4.747333333333333,10.514581681679214
1,7,2,53598.11,2,1,0.6,0.86,4,51.13333333333333,28.14,22.793333333333333,25.113333333333333,32.153333333333336,25.793333333333333,28.5,16.794333333333334,0.9433333333333334,0.9433333333333334,0.0,4.433333333333334,14.323333333333332,30.470000000000002,44.43333333333333,3.5106666666666664,15.621248231085065
51,1,3,68066.37,14,1,0.39,0.1,2,6.0,29.163333333333334,22.779999999999998,25.636666666666667,32.87,25.456666666666667,28.433333333333334,21.76066666666667,0.05,0.05,0.0,0.23333333333333334,14.883333333333333,31.34333333333333,45.7,4.713666666666667,5.261702653338089
45,12,6,43417.33,2,2,0.53,0.3,0,51.13333333333333,28.14,22.793333333333333,25.113333333333333,32.153333333333336,25.793333333333333,28.5,16.794333333333334,0.9433333333333334,0.9433333333333334,0.0,4.433333333333334,14.323333333333332,30.470000000000002,44.43333333333333,3.5106666666666664,9.921414077681728
77,13,5,73418.15,22,1,0.82,0.84,4,3.1,28.92,21.466666666666665,24.973333333333336,31.66,23.02,27.233333333333334,22.385333333333335,0.006666666666666667,0.006666666666666667,0.0,0.06666666666666667,14.120000000000001,31.016666666666666,38.13333333333333,4.736999999999999,11.571055200174765
4,10,8,82622.68,28,0,0.82,0.85,4,17.566666666666666,30.466666666666665,23.623333333333335,26.623333333333335,33.553333333333335,25.996666666666666,29.15,19.854333333333333,0.5366666666666667,0.5366666666666667,0.0,1.8666666666666667,17.546666666666667,38.43666666666666,34.166666666666664,4.806333333333333,12.388229474367407
62,15,6,15497.19,1,1,0.38,0.68,4,28.0,28.723333333333336,23.116666666666667,25.486666666666668,32.17,25.87,28.69,17.647333333333332,0.36333333333333334,0.36333333333333334,0.0,1.9333333333333333,15.229999999999999,31.986666666666668,63.63333333333333,3.8056666666666668,12.642964823858579
65,13,6,83460.04,0,1,0.94,0.71,4,9.933333333333334,28.84,22.483333333333334,25.506666666666668,32.15,24.89333333333333,28.2,19.875,0.05,0.05,0.0,0.26666666666666666,15.586666666666666,33.75,44.266666666666666,4.4093333333333335,11.844024995470981
32,9,1,54489.36,8,2,0.67,0.17,0,56.06666666666667,28.55666666666667,22.85666666666667,25.453333333333333,34.406666666666666,26.990000000000002,30.283333333333335,17.662333333333333,3.2766666666666664,3.2766666666666664,0.0,6.733333333333333,11.053333333333335,28.49,146.4,3.4739999999999998,15.620984232931423
34,9,4,84621.92,8,0,0.5,0.51,3,56.06666666666667,28.55666666666667,22.85666666666667,25.453333333333333,34.406666666666666,26.990000000000002,30.283333333333335,17.662333333333333,3.2766666666666664,3.2766666666666664,0.0,6.733333333333333,11.053333333333335,28.49,146.4,3.4739999999999998,13.194705891375838
72,15,5,43698.87,22,0,0.6,0.29,1,3.1,28.92,21.466666666666665,24.973333333333336,31.66,23.02,27.233333333333334,22.385333333333335,0.006666666666666667,0.006666666666666667,0.0,0.06666666666666667,14.120000000000001,31.016666666666666,38.13333333333333,4.736999999999999,2.6836938128692904
39,10,3,38525.01,6,1,0.68,0.24,4,23.533333333333335,28.206666666666667,21.740000000000002,25.15666666666667,31.94333333333333,24.066666666666666,27.883333333333333,18.336000000000002,1.1700000000000002,1.1700000000000002,0.0,1.3333333333333333,14.1,27.986666666666668,92.8,4.055000000000001,7.55254291189653
26,10,9,91591.01,2,2,0.65,0.75,1,51.13333333333333,28.14,22.793333333333333,25.113333333333333,32.153333333333336,25.793333333333333,28.5,16.794333333333334,0.9433333333333334,0.9433333333333334,0.0,4.433333333333334,14.323333333333332,30.470000000000002,44.43333333333333,3.5106666666666664,18.18043454931319
34,8,1,25865.76,25,2,0.59,0.21,1,4.433333333333334,30.363333333333333,22.87,26.34,34.72666666666667,26.243333333333332,29.9,22.631666666666668,0.060000000000000005,0.060000000000000005,0.0,0.4,10.770000000000001,25.31,61.43333333333333,4.747333333333333,8.172440833577452
54,16,6,84577.02,17,1,0.6,0.47,4,53.9,27.946666666666665,23.273333333333333,25.183333333333334,32.056666666666665,26.423333333333336,28.69,15.520999999999999,3.066666666666667,3.066666666666667,0.0,5.566666666666666,12.430000000000001,30.836666666666666,36.06666666666667,3.293,15.88571246690504
3,17,6,48918.04,10,1,0.34,0.85,3,39.7,28.83,22.253333333333334,25.67,34.913333333333334,26.383333333333333,30.616666666666667,20.032666666666668,0.5633333333333332,0.5633333333333332,0.0,3.1,7.319999999999999,18.490000000000002,163.93333333333334,3.975333333333333,12.272791260309905
50,5,5,51895.45,6,1,0.85,0.25,1,23.533333333333335,28.206666666666667,21.740000000000002,25.15666666666667,31.94333333333333,24.066666666666666,27.883333333333333,18.336000000000002,1.1700000000000002,1.1700000000000002,0.0,1.3333333333333333,14.1,27.986666666666668,92.8,4.055000000000001,10.383733455988466
12,4,5,31538.36,8,1,0.63,0.88,2,56.06666666666667,28.55666666666667,22.85666666666667,25.453333333333333,34.406666666666666,26.990000000000002,30.283333333333335,17.662333333333333,3.2766666666666664,3.2766666666666664,0.0,6.733333333333333,11.053333333333335,28.49,146.4,3.4739999999999998,21.322229556952898
65,18,5,57731.18,0,0,0.3,0.9,1,9.933333333333334,28.84,22.483333333333334,25.506666666666668,32.15,24.89333333333333,28.2,19.875,0.05,0.05,0.0,0.26666666666666666,15.586666666666666,33.75,44.266666666666666,4.4093333333333335,11.284044601470814
54,19,6,33195.91,28,1,0.81,0.54,4,17.566666666666666,30.466666666666665,23.623333333333335,26.623333333333335,33.553333333333335,25.996666666666666,29.15,19.854333333333333,0.5366666666666667,0.5366666666666667,0.0,1.8666666666666667,17.546666666666667,38.43666666666666,34.166666666666664,4.806333333333333,12.527369809251606
5,4,8,4887.67,13,0,0.95,0.24,0,53.06666666666667,29.246666666666666,22.82,25.64,34.93333333333333,26.636666666666667,30.086666666666666,19.803,2.06,2.06,0.0,2.966666666666667,12.696666666666665,30.290000000000003,71.5,3.99,9.498211666693866
57,7,2,27927.86,19,2,0.96,0.35,1,5.866666666666666,29.353333333333335,22.573333333333334,25.69,33.15,24.793333333333333,28.433333333333334,21.775333333333332,0.010000000000000002,0.010000000000000002,0.0,0.1,13.416666666666666,29.13,59.266666666666666,4.743333333333334,12.741555097527195
17,10,6,1631.53,5,2,0.5,0.44,3,10.066666666666666,27.833333333333332,21.18,24.46333333333333,30.046666666666667,23.053333333333335,26.186666666666667,20.332,0.07,0.07,0.0,0.43333333333333335,16.89666666666667,32.77,63.833333333333336,4.553333333333333,9.658688653002532
47,18,1,97857.12,6,2,0.31,0.35,2,23.533333333333335,28.206666666666667,21.740000000000002,25.15666666666667,31.94333333333333,24.066666666666666,27.883333333333333,18.336000000000002,1.1700000000000002,1.1700000000000002,0.0,1.3333333333333333,14.1,27.986666666666668,92.8,4.055000000000001,11.620634549896447
23,19,4,96608.97,9,1,0.61,0.32,2,44.233333333333334,29.076666666666664,22.41,25.60666666666667,34.63666666666666,26.59,30.316666666666666,19.968999999999998,1.12,1.12,0.0,2.466666666666667,8.346666666666668,21.183333333333334,82.76666666666667,3.96,8.642772133456482
79,4,3,40120.37,6,1,0.29,0.88,0,23.533333333333335,28.206666666666667,21.740000000000002,25.15666666666667,31.94333333333333,24.066666666666666,27.883333333333333,18.336000000000002,1.1700000000000002,1.1700000000000002,0.0,1.3333333333333333,14.1,27.986666666666668,92.8,4.055000000000001,16.439136575316248
85,10,9,73108.71,25,1,0.95,0.22,0,4.433333333333334,30.363333333333333,22.87,26.34,34.72666666666667,26.243333333333332,29.9,22.631666666666668,0.060000000000000005,0.060000000000000005,0.0,0.4,10.770000000000001,25.31,61.43333333333333,4.747333333333333,7.036488530703684
14,1,3,35234.8,1,2,0.35,0.69,1,28.0,28.723333333333336,23.116666666666667,25.486666666666668,32.17,25.87,28.69,17.647333333333332,0.36333333333333334,0.36333333333333334,0.0,1.9333333333333333,15.229999999999999,31.986666666666668,63.63333333333333,3.8056666666666668,14.91805094693647
66,18,6,67438.22,29,1,0.4,0.1,4,58.166666666666664,27.976666666666667,22.543333333333333,24.973333333333336,30.52,25.103333333333335,27.55666666666667,11.023666666666665,26.796666666666667,26.796666666666667,0.0,9.733333333333333,16.936666666666664,38.629999999999995,42.4,2.8523333333333336,58.57348348004896
75,5,1,80737.57,3,2,0.53,0.58,3,16.133333333333333,27.81,21.666666666666668,24.716666666666665,30.85,23.65666666666667,27.313333333333333,16.785666666666668,0.45666666666666667,0.45666666666666667,0.0,1.2666666666666666,14.893333333333334,32.52333333333333,167.1,3.701333333333333,13.740258934803347
51,15,6,94728.87,20,1,0.51,0.83,2,5.566666666666666,29.123333333333335,21.916666666666668,25.313333333333333,32.1,24.029999999999998,27.490000000000002,21.885666666666665,0.15,0.15,0.0,0.7,16.486666666666668,34.14666666666667,42.666666666666664,4.899,12.842723295512076
38,17,4,40621.02,29,1,0.84,0.33,0,58.166666666666664,27.976666666666667,22.543333333333333,24.973333333333336,30.52,25.103333333333335,27.55666666666667,11.023666666666665,26.796666666666667,26.796666666666667,0.0,9.733333333333333,16.936666666666664,38.629999999999995,42.4,2.8523333333333336,58.943341688061004
64,3,8,78546.5,27,1,0.57,0.25,3,31.433333333333334,30.266666666666666,23.636666666666667,26.673333333333336,33.86,26.21333333333333,29.623333333333335,20.294,0.25666666666666665,0.25666666666666665,0.0,1.5666666666666667,17.416666666666668,36.85,46.166666666666664,4.651333333333333,5.628483464166977
38,12,9,27326.92,16,0,0.34,0.62,4,52.03333333333333,28.456666666666667,23.496666666666666,25.516666666666666,31.80666666666667,26.57,28.706666666666667,16.343333333333334,2.46,2.46,0.0,4.533333333333333,17.233333333333334,38.15,29.433333333333334,3.5396666666666667,10.3324730915755
50,2,4,99042.9,0,2,0.41,0.67,2,9.933333333333334,28.84,22.483333333333334,25.506666666666668,32.15,24.89333333333333,28.2,19.875,0.05,0.05,0.0,0.26666666666666666,15.586666666666666,33.75,44.266666666666666,4.4093333333333335,13.676190120534002
82,1,6,3551.19,9,1,0.61,0.65,2,44.233333333333334,29.076666666666664,22.41,25.60666666666667,34.63666666666666,26.59,30.316666666666666,19.968999999999998,1.12,1.12,0.0,2.466666666666667,8.346666666666668,21.183333333333334,82.76666666666667,3.96,15.12046269491176
30,17,1,60749.35,18,2,0.32,0.36,4,47.2,29.173333333333332,22.970000000000002,25.62,33.92666666666666,25.826666666666664,29.123333333333335,19.062333333333335,2.3333333333333335,2.3333333333333335,0.0,2.8333333333333335,13.379999999999999,31.2,43.46666666666667,4.036,14.562568333418753
79,16,4,66291.09,14,1,0.69,0.3,2,6.0,29.163333333333334,22.779999999999998,25.636666666666667,32.87,25.456666666666667,28.433333333333334,21.76066666666667,0.05,0.05,0.0,0.23333333333333334,14.883333333333333,31.34333333333333,45.7,4.713666666666667,11.148573097256087
51,5,7,69116.51,9,0,0.65,0.86,4,44.233333333333334,29.076666666666664,22.41,25.60666666666667,34.63666666666666,26.59,30.316666666666666,19.968999999999998,1.12,1.12,0.0,2.466666666666667,8.346666666666668,21.183333333333334,82.76666666666667,3.96,13.299976851321334
63,15,1,12918.37,18,2,0.77,0.84,2,47.2,29.173333333333332,22.970000000000002,25.62,33.92666666666666,25.826666666666664,29.123333333333335,19.062333333333335,2.3333333333333335,2.3333333333333335,0.0,2.8333333333333335,13.379999999999999,31.2,43.46666666666667,4.036,22.02392085220898
52,3,8,93914.45,11,1,0.95,0.47,1,59.93333333333333,28.80666666666667,22.923333333333336,25.496666666666666,35.016666666666666,27.523333333333333,30.466666666666665,19.56833333333333,5.35,5.35,0.0,7.166666666666667,9.033333333333333,22.42666666666667,32.53333333333333,3.852333333333333,18.55246332972818
38,7,6,18937.14,23,2,0.93,0.78,4,14.066666666666666,28.873333333333335,21.959999999999997,25.516666666666666,32.5,24.633333333333333,28.56,19.76833333333333,0.14666666666666667,0.14666666666666667,0.0,0.8333333333333334,9.656666666666666,23.10666666666667,104.53333333333333,4.1690000000000005,17.70379815244682
88,11,5,62652.59,15,1,0.96,0.46,3,52.266666666666666,29.14,23.133333333333333,25.6,33.346666666666664,25.706666666666667,29.06,18.88133333333333,2.17,2.17,0.0,5.066666666666666,15.993333333333334,36.37,36.6,3.9153333333333338,12.496543260643339
79,10,9,23044.93,8,0,0.4,0.44,1,56.06666666666667,28.55666666666667,22.85666666666667,25.453333333333333,34.406666666666666,26.990000000000002,30.283333333333335,17.662333333333333,3.2766666666666664,3.2766666666666664,0.0,6.733333333333333,11.053333333333335,28.49,146.4,3.4739999999999998,12.016348055301375
30,9,2,31414.43,14,1,0.31,0.23,3,6.0,29.163333333333334,22.779999999999998,25.636666666666667,32.87,25.456666666666667,28.433333333333334,21.76066666666667,0.05,0.05,0.0,0.23333333333333334,14.883333333333333,31.34333333333333,45.7,4.713666666666667,10.200126807403192
51,14,5,55099.4,29,2,0.44,0.44,2,58.166666666666664,27.976666666666667,22.543333333333333,24.973333333333336,30.52,25.103333333333335,27.55666666666667,11.023666666666665,26.796666666666667,26.796666666666667,0.0,9.733333333333333,16.936666666666664,38.629999999999995,42.4,2.8523333333333336,65.72924348374636
81,13,6,42302.15,26,1,0.92,0.53,3,39.1,30.076666666666664,23.236666666666668,26.336666666666666,34.57333333333334,26.676666666666666,30.05666666666667,19.670666666666666,0.9966666666666666,0.9966666666666666,0.0,3.7666666666666666,13.75,31.466666666666665,43.3,4.147,13.577243322761847
5,2,7,16862.33,27,2,0.98,0.12,1,31.433333333333334,30.266666666666666,23.636666666666667,26.673333333333336,33.86,26.21333333333333,29.623333333333335,20.294,0.25666666666666665,0.25666666666666665,0.0,1.5666666666666667,17.416666666666668,36.85,46.166666666666664,4.651333333333333,7.898568695644502
29,3,5,17922.7,16,2,0.89,0.46,4,52.03333333333333,28.456666666666667,23.496666666666666,25.516666666666666,31.80666666666667,26.57,28.706666666666667,16.343333333333334,2.46,2.46,0.0,4.533333333333333,17.233333333333334,38.15,29.433333333333334,3.5396666666666667,17.38751726425456
4,7,9,42396.33,13,2,0.29,0.73,0,53.06666666666667,29.246666666666666,22.82,25.64,34.93333333333333,26.636666666666667,30.086666666666666,19.803,2.06,2.06,0.0,2.966666666666667,12.696666666666665,30.290000000000003,71.5,3.99,22.536200953453267
10,18,1,75971.01,26,2,0.96,0.64,3,39.1,30.076666666666664,23.236666666666668,26.336666666666666,34.57333333333334,26.676666666666666,30.05666666666667,19.670666666666666,0.9966666666666666,0.9966666666666666,0.0,3.7666666666666666,13.75,31.466666666666665,43.3,4.147,15.732882746651681
56,3,7,89898.5,17,0,0.54,0.61,0,53.9,27.946666666666665,23.273333333333333,25.183333333333334,32.056666666666665,26.423333333333336,28.69,15.520999999999999,3.066666666666667,3.066666666666667,0.0,5.566666666666666,12.430000000000001,30.836666666666666,36.06666666666667,3.293,16.172006170328725
17,10,7,9328.64,25,1,0.21,0.83,3,4.433333333333334,30.363333333333333,22.87,26.34,34.72666666666667,26.243333333333332,29.9,22.631666666666668,0.060000000000000005,0.060000000000000005,0.0,0.4,10.770000000000001,25.31,61.43333333333333,4.747333333333333,14.641627903183212
74,7,4,39917.29,1,1,0.55,0.11,3,28.0,28.723333333333336,23.116666666666667,25.486666666666668,32.17,25.87,28.69,17.647333333333332,0.36333333333333334,0.36333333333333334,0.0,1.9333333333333333,15.229999999999999,31.986666666666668,63.63333333333333,3.8056666666666668,4.702966502825266
17,9,9,10924.31,3,1,0.24,0.55,4,16.133333333333333,27.81,21.666666666666668,24.716666666666665,30.85,23.65666666666667,27.313333333333333,16.785666666666668,0.45666666666666667,0.45666666666666667,0.0,1.2666666666666666,14.893333333333334,32.52333333333333,167.1,3.701333333333333,11.961944941916615
84,17,5,2642.66,17,0,0.64,0.73,2,53.9,27.946666666666665,23.273333333333333,25.183333333333334,32.056666666666665,26.423333333333336,28.69,15.520999999999999,3.066666666666667,3.066666666666667,0.0,5.566666666666666,12.430000000000001,30.836666666666666,36.06666666666667,3.293,16.35216500777343
88,11,4,66510.15,6,1,0.47,0.53,1,23.533333333333335,28.206666666666667,21.740000000000002,25.15666666666667,31.94333333333333,24.066666666666666,27.883333333333333,18.336000000000002,1.1700000000000002,1.1700000000000002,0.0,1.3333333333333333,14.1,27.986666666666668,92.8,4.055000000000001,13.132714943325794
69,7,7,60642.49,12,2,0.58,0.36,1,56.333333333333336,28.956666666666667,23.14,25.56,35.406666666666666,27.62,30.503333333333334,18.640666666666668,2.9433333333333334,2.9433333333333334,0.0,7.466666666666667,8.383333333333333,23.90666666666667,115.3,3.710666666666667,14.851329586830982
34,14,4,17138.89,14,2,0.69,0.21,1,6.0,29.163333333333334,22.779999999999998,25.636666666666667,32.87,25.456666666666667,28.433333333333334,21.76066666666667,0.05,0.05,0.0,0.23333333333333334,14.883333333333333,31.34333333333333,45.7,4.713666666666667,8.529294236262697
6,19,3,24147.47,24,1,0.9,0.81,2,9.066666666666666,29.613333333333333,22.453333333333333,25.956666666666667,33.31666666666667,25.69333333333333,29.25,20.462333333333333,0.05,0.05,0.0,0.36666666666666664,11.733333333333333,27.533333333333335,38.833333333333336,4.350666666666667,12.948722046672744
53,4,9,3347.07,22,1,0.73,0.48,0,3.1,28.92,21.466666666666665,24.973333333333336,31.66,23.02,27.233333333333334,22.385333333333335,0.006666666666666667,0.006666666666666667,0.0,0.06666666666666667,14.120000000000001,31.016666666666666,38.13333333333333,4.736999999999999,9.161683189683265
66,6,8,83659.77,27,1,0.55,0.8,1,31.433333333333334,30.266666666666666,23.636666666666667,26.673333333333336,33.86,26.21333333333333,29.623333333333335,20.294,0.25666666666666665,0.25666666666666665,0.0,1.5666666666666667,17.416666666666668,36.85,46.166666666666664,4.651333333333333,14.544341479659352
77,10,1,97494.37,21,1,0.86,0.57,0,5.6,29.27,21.509999999999998,25.14333333333333,31.953333333333333,23.316666666666666,27.303333333333335,23.029999999999998,0.010000000000000002,0.010000000000000002,0.0,0.1,15.493333333333334,33.36,38.833333333333336,5.002666666666667,10.62655150139988
43,7,7,14410.49,25,1,0.92,0.64,2,4.433333333333334,30.363333333333333,22.87,26.34,34.72666666666667,26.243333333333332,29.9,22.631666666666668,0.060000000000000005,0.060000000000000005,0.0,0.4,10.770000000000001,25.31,61.43333333333333,4.747333333333333,9.296983461934849
75,13,9,23916.05,0,1,0.3,0.74,2,9.933333333333334,28.84,22.483333333333334,25.506666666666668,32.15,24.89333333333333,28.2,19.875,0.05,0.05,0.0,0.26666666666666666,15.586666666666666,33.75,44.266666666666666,4.4093333333333335,13.050296776508944
23,14,8,86972.54,10,0,0.63,0.63,4,39.7,28.83,22.253333333333334,25.67,34.913333333333334,26.383333333333333,30.616666666666667,20.032666666666668,0.5633333333333332,0.5633333333333332,0.0,3.1,7.319999999999999,18.490000000000002,163.93333333333334,3.975333333333333,9.602545284592402
55,4,8,92719.92,9,0,0.43,0.42,1,44.233333333333334,29.076666666666664,22.41,25.60666666666667,34.63666666666666,26.59,30.316666666666666,19.968999999999998,1.12,1.12,0.0,2.466666666666667,8.346666666666668,21.183333333333334,82.76666666666667,3.96,8.11968567189656
80,8,6,42543.11,24,1,0.24,0.51,4,9.066666666666666,29.613333333333333,22.453333333333333,25.956666666666667,33.31666666666667,25.69333333333333,29.25,20.462333333333333,0.05,0.05,0.0,0.36666666666666664,11.733333333333333,27.533333333333335,38.833333333333336,4.350666666666667,11.341171088331933
75,5,4,6011.62,4,1,0.73,0.74,1,6.366666666666666,27.506666666666668,21.0,24.19,30.02,22.923333333333336,26.07,22.589666666666666,0.07666666666666666,0.07666666666666666,0.0,0.4666666666666667,15.903333333333332,32.46666666666667,145.63333333333333,4.755333333333334,13.784216565156687
16,1,8,4899.79,15,1,0.89,0.4,2,52.266666666666666,29.14,23.133333333333333,25.6,33.346666666666664,25.706666666666667,29.06,18.88133333333333,2.17,2.17,0.0,5.066666666666666,15.993333333333334,36.37,36.6,3.9153333333333338,13.328770118842655
8,4,3,57821.04,10,2,0.33,0.41,2,39.7,28.83,22.253333333333334,25.67,34.913333333333334,26.383333333333333,30.616666666666667,20.032666666666668,0.5633333333333332,0.5633333333333332,0.0,3.1,7.319999999999999,18.490000000000002,163.93333333333334,3.975333333333333,12.941418099478696
4,3,9,39896.62,20,0,0.85,0.18,3,5.566666666666666,29.123333333333335,21.916666666666668,25.313333333333333,32.1,24.029999999999998,27.490000000000002,21.885666666666665,0.15,0.15,0.0,0.7,16.486666666666668,34.14666666666667,42.666666666666664,4.899,0.0
4,9,2,3836.59,5,1,0.88,0.83,3,10.066666666666666,27.833333333333332,21.18,24.46333333333333,30.046666666666667,23.053333333333335,26.186666666666667,20.332,0.07,0.07,0.0,0.43333333333333335,16.89666666666667,32.77,63.833333333333336,4.553333333333333,14.244427328698878
56,8,2,58741.99,8,1,0.93,0.17,2,56.06666666666667,28.55666666666667,22.85666666666667,25.453333333333333,34.406666666666666,26.990000000000002,30.283333333333335,17.662333333333333,3.2766666666666664,3.2766666666666664,0.0,6.733333333333333,11.053333333333335,28.49,146.4,3.4739999999999998,12.404864864078
25,1,7,2118.95,12,2,0.41,0.62,2,56.333333333333336,28.956666666666667,23.14,25.56,35.406666666666666,27.62,30.503333333333334,18.640666666666668,2.9433333333333334,2.9433333333333334,0.0,7.466666666666667,8.383333333333333,23.90666666666667,115.3,3.710666666666667,20.734034922459728
67,6,4,78949.82,23,2,0.92,0.43,0,14.066666666666666,28.873333333333335,21.959999999999997,25.516666666666666,32.5,24.633333333333333,28.56,19.76833333333333,0.14666666666666667,0.14666666666666667,0.0,0.8333333333333334,9.656666666666666,23.10666666666667,104.53333333333333,4.1690000000000005,10.53821046960287
67,9,8,31336.85,7,1,0.46,0.42,0,51.733333333333334,27.433333333333334,22.92,24.993333333333332,31.34,25.946666666666665,28.846666666666668,12.513,5.489999999999999,5.489999999999999,0.0,6.7,13.476666666666667,25.9,78.1,2.6566666666666667,17.898415189387606
27,7,9,4985.54,13,2,0.64,0.64,4,53.06666666666667,29.246666666666666,22.82,25.64,34.93333333333333,26.636666666666667,30.086666666666666,19.803,2.06,2.06,0.0,2.966666666666667,12.696666666666665,30.290000000000003,71.5,3.99,20.379729279999356
32,4,7,59246.87,23,1,0.24,0.15,3,14.066666666666666,28.873333333333335,21.959999999999997,25.516666666666666,32.5,24.633333333333333,28.56,19.76833333333333,0.14666666666666667,0.14666666666666667,0.0,0.8333333333333334,9.656666666666666,23.10666666666667,104.53333333333333,4.1690000000000005,5.5340006025483515
50,13,5,40370.76,0,1,0.24,0.57,3,9.933333333333334,28.84,22.483333333333334,25.506666666666668,32.15,24.89333333333333,28.2,19.875,0.05,0.05,0.0,0.26666666666666666,15.586666666666666,33.75,44.266666666666666,4.4093333333333335,11.462251046058936
61,17,8,97406.24,16,2,0.78,0.72,2,52.03333333333333,28.456666666666667,23.496666666666666,25.516666666666666,31.80666666666667,26.57,28.706666666666667,16.343333333333334,2.46,2.46,0.0,4.533333333333333,17.233333333333334,38.15,29.433333333333334,3.5396666666666667,20.602477564195695
51,2,4,54875.67,23,0,0.56,0.76,2,14.066666666666666,28.873333333333335,21.959999999999997,25.516666666666666,32.5,24.633333333333333,28.56,19.76833333333333,0.14666666666666667,0.14666666666666667,0.0,0.8333333333333334,9.656666666666666,23.10666666666667,104.53333333333333,4.1690000000000005,9.457967542576952
19,5,2,28248.68,4,1,0.41,0.24,4,6.366666666666666,27.506666666666668,21.0,24.19,30.02,22.923333333333336,26.07,22.589666666666666,0.07666666666666666,0.07666666666666666,0.0,0.4666666666666667,15.903333333333332,32.46666666666667,145.63333333333333,4.755333333333334,7.94075904229733
21,12,6,71234.45,24,0,0.35,0.82,3,9.066666666666666,29.613333333333333,22.453333333333333,25.956666666666667,33.31666666666667,25.69333333333333,29.25,20.462333333333333,0.05,0.05,0.0,0.36666666666666664,11.733333333333333,27.533333333333335,38.833333333333336,4.350666666666667,9.16593290767394
5,8,9,27877.71,1,1,0.74,0.62,0,28.0,28.723333333333336,23.116666666666667,25.486666666666668,32.17,25.87,28.69,17.647333333333332,0.36333333333333334,0.36333333333333334,0.0,1.9333333333333333,15.229999999999999,31.986666666666668,63.63333333333333,3.8056666666666668,11.81084783207814
82,6,1,90520.09,24,2,0.2,0.81,1,9.066666666666666,29.613333333333333,22.453333333333333,25.956666666666667,33.31666666666667,25.69333333333333,29.25,20.462333333333333,0.05,0.05,0.0,0.36666666666666664,11.733333333333333,27.533333333333335,38.833333333333336,4.350666666666667,16.126587066942438
42,8,7,38097.48,27,1,0.84,0.49,4,31.433333333333334,30.266666666666666,23.636666666666667,26.673333333333336,33.86,26.21333333333333,29.623333333333335,20.294,0.25666666666666665,0.25666666666666665,0.0,1.5666666666666667,17.416666666666668,36.85,46.166666666666664,4.651333333333333,9.24158899218486
61,18,9,55436.99,29,0,0.26,0.53,1,58.166666666666664,27.976666666666667,22.543333333333333,24.973333333333336,30.52,25.103333333333335,27.55666666666667,11.023666666666665,26.796666666666667,26.796666666666667,0.0,9.733333333333333,16.936666666666664,38.629999999999995,42.4,2.8523333333333336,59.48957514813037
22,3,9,6006.74,23,0,0.35,0.84,0,14.066666666666666,28.873333333333335,21.959999999999997,25.516666666666666,32.5,24.633333333333333,28.56,19.76833333333333,0.14666666666666667,0.14666666666666667,0.0,0.8333333333333334,9.656666666666666,23.10666666666667,104.53333333333333,4.1690000000000005,10.706533990783903
21,12,3,43186.0,8,1,0.51,0.82,0,56.06666666666667,28.55666666666667,22.85666666666667,25.453333333333333,34.406666666666666,26.990000000000002,30.283333333333335,17.662333333333333,3.2766666666666664,3.2766666666666664,0.0,6.733333333333333,11.053333333333335,28.49,146.4,3.4739999999999998,19.175210400838115
70,3,5,83403.99,3,0,0.59,0.46,1,16.133333333333333,27.81,21.666666666666668,24.716666666666665,30.85,23.65666666666667,27.313333333333333,16.785666666666668,0.45666666666666667,0.45666666666666667,0.0,1.2666666666666666,14.893333333333334,32.52333333333333,167.1,3.701333333333333,8.316967521693615
1,6,8,80759.23,16,0,0.48,0.32,4,52.03333333333333,28.456666666666667,23.496666666666666,25.516666666666666,31.80666666666667,26.57,28.706666666666667,16.343333333333334,2.46,2.46,0.0,4.533333333333333,17.233333333333334,38.15,29.433333333333334,3.5396666666666667,7.418089046670744
5,2,8,23207.54,16,2,0.46,0.41,1,52.03333333333333,28.456666666666667,23.496666666666666,25.516666666666666,31.80666666666667,26.57,28.706666666666667,16.343333333333334,2.46,2.46,0.0,4.533333333333333,17.233333333333334,38.15,29.433333333333334,3.5396666666666667,16.55969253375796
12,12,4,23381.83,20,1,0.97,0.41,4,5.566666666666666,29.123333333333335,21.916666666666668,25.313333333333333,32.1,24.029999999999998,27.490000000000002,21.885666666666665,0.15,0.15,0.0,0.7,16.486666666666668,34.14666666666667,42.666666666666664,4.899,8.060403412588737
46,2,1,81913.23,17,0,0.71,0.33,4,53.9,27.946666666666665,23.273333333333333,25.183333333333334,32.056666666666665,26.423333333333336,28.69,15.520999999999999,3.066666666666667,3.066666666666667,0.0,5.566666666666666,12.430000000000001,30.836666666666666,36.06666666666667,3.293,12.263800159863933
34,6,1,93109.44,15,0,0.22,0.31,2,52.266666666666666,29.14,23.133333333333333,25.6,33.346666666666664,25.706666666666667,29.06,18.88133333333333,2.17,2.17,0.0,5.066666666666666,15.993333333333334,36.37,36.6,3.9153333333333338,8.35483216476736
49,17,4,10440.73,29,1,0.54,0.79,3,58.166666666666664,27.976666666666667,22.543333333333333,24.973333333333336,30.52,25.103333333333335,27.55666666666667,11.023666666666665,26.796666666666667,26.796666666666667,0.0,9.733333333333333,16.936666666666664,38.629999999999995,42.4,2.8523333333333336,68.12110014253629
78,3,6,45555.81,7,0,0.9,0.16,3,51.733333333333334,27.433333333333334,22.92,24.993333333333332,31.34,25.946666666666665,28.846666666666668,12.513,5.489999999999999,5.489999999999999,0.0,6.7,13.476666666666667,25.9,78.1,2.6566666666666667,10.67165944044454
45,2,8,34407.97,25,1,0.44,0.64,0,4.433333333333334,30.363333333333333,22.87,26.34,34.72666666666667,26.243333333333332,29.9,22.631666666666668,0.060000000000000005,0.060000000000000005,0.0,0.4,10.770000000000001,25.31,61.43333333333333,4.747333333333333,11.700575398803888
27,8,6,87198.16,10,1,0.28,0.24,2,39.7,28.83,22.253333333333334,25.67,34.913333333333334,26.383333333333333,30.616666666666667,20.032666666666668,0.5633333333333332,0.5633333333333332,0.0,3.1,7.319999999999999,18.490000000000002,163.93333333333334,3.975333333333333,8.841112860101823
73,12,9,9268.97,20,2,0.81,0.38,3,5.566666666666666,29.123333333333335,21.916666666666668,25.313333333333333,32.1,24.029999999999998,27.490000000000002,21.885666666666665,0.15,0.15,0.0,0.7,16.486666666666668,34.14666666666667,42.666666666666664,4.899,11.983425983913136
26,4,9,21901.47,20,2,0.68,0.15,4,5.566666666666666,29.123333333333335,21.916666666666668,25.313333333333333,32.1,24.029999999999998,27.490000000000002,21.885666666666665,0.15,0.15,0.0,0.7,16.486666666666668,34.14666666666667,42.666666666666664,4.899,10.698220562598026
47,5,2,75494.37,17,2,0.66,0.32,4,53.9,27.946666666666665,23.273333333333333,25.183333333333334,32.056666666666665,26.423333333333336,28.69,15.520999999999999,3.066666666666667,3.066666666666667,0.0,5.566666666666666,12.430000000000001,30.836666666666666,36.06666666666667,3.293,16.197400658182776
86,13,1,6078.09,22,1,0.24,0.71,1,3.1,28.92,21.466666666666665,24.973333333333336,31.66,23.02,27.233333333333334,22.385333333333335,0.006666666666666667,0.006666666666666667,0.0,0.06666666666666667,14.120000000000001,31.016666666666666,38.13333333333333,4.736999999999999,14.147354493611703
56,15,2,49761.0,28,0,0.31,0.81,1,17.566666666666666,30.466666666666665,23.623333333333335,26.623333333333335,33.553333333333335,25.996666666666666,29.15,19.854333333333333,0.5366666666666667,0.5366666666666667,0.0,1.8666666666666667,17.546666666666667,38.43666666666666,34.166666666666664,4.806333333333333,14.24168051876221
63,16,5,44768.6,23,1,0.7,0.28,4,14.066666666666666,28.873333333333335,21.959999999999997,25.516666666666666,32.5,24.633333333333333,28.56,19.76833333333333,0.14666666666666667,0.14666666666666667,0.0,0.8333333333333334,9.656666666666666,23.10666666666667,104.53333333333333,4.1690000000000005,6.6090754926738455
48,10,4,34105.72,9,1,0.37,0.47,4,44.233333333333334,29.076666666666664,22.41,25.60666666666667,34.63666666666666,26.59,30.316666666666666,19.968999999999998,1.12,1.12,0.0,2.466666666666667,8.346666666666668,21.183333333333334,82.76666666666667,3.96,10.711746217898842
61,16,4,40062.66,12,1,0.6,0.48,1,56.333333333333336,28.956666666666667,23.14,25.56,35.406666666666666,27.62,30.503333333333334,18.640666666666668,2.9433333333333334,2.9433333333333334,0.0,7.466666666666667,8.383333333333333,23.90666666666667,115.3,3.710666666666667,17.326743382343217
81,12,9,53464.12,16,2,0.64,0.8,3,52.03333333333333,28.456666666666667,23.496666666666666,25.516666666666666,31.80666666666667,26.57,28.706666666666667,16.343333333333334,2.46,2.46,0.0,4.533333333333333,17.233333333333334,38.15,29.433333333333334,3.5396666666666667,23.889358218596072
26,17,8,16975.37,17,0,0.43,0.71,0,53.9,27.946666666666665,23.273333333333333,25.183333333333334,32.056666666666665,26.423333333333336,28.69,15.520999999999999,3.066666666666667,3.066666666666667,0.0,5.566666666666666,12.430000000000001,30.836666666666666,36.06666666666667,3.293,13.869043292603429
36,16,6,57627.59,9,2,0.96,0.51,1,44.233333333333334,29.076666666666664,22.41,25.60666666666667,34.63666666666666,26.59,30.316666666666666,19.968999999999998,1.12,1.12,0.0,2.466666666666667,8.346666666666668,21.183333333333334,82.76666666666667,3.96,14.729719774356214
1,12,1,80737.8,15,0,0.87,0.64,3,52.266666666666666,29.14,23.133333333333333,25.6,33.346666666666664,25.706666666666667,29.06,18.88133333333333,2.17,2.17,0.0,5.066666666666666,15.993333333333334,36.37,36.6,3.9153333333333338,11.597323086709238
8,8,2,76255.93,19,1,0.78,0.78,3,5.866666666666666,29.353333333333335,22.573333333333334,25.69,33.15,24.793333333333333,28.433333333333334,21.775333333333332,0.010000000000000002,0.010000000000000002,0.0,0.1,13.416666666666666,29.13,59.266666666666666,4.743333333333334,10.863324233448584
52,3,6,16236.09,4,2,0.26,0.11,3,6.366666666666666,27.506666666666668,21.0,24.19,30.02,22.923333333333336,26.07,22.589666666666666,0.07666666666666666,0.07666666666666666,0.0,0.4666666666666667,15.903333333333332,32.46666666666667,145.63333333333333,4.755333333333334,7.095355413607035
79,16,2,15775.7,12,1,0.28,0.42,2,56.333333333333336,28.956666666666667,23.14,25.56,35.406666666666666,27.62,30.503333333333334,18.640666666666668,2.9433333333333334,2.9433333333333334,0.0,7.466666666666667,8.383333333333333,23.90666666666667,115.3,3.710666666666667,12.920455516538564
47,13,5,27549.26,17,1,0.59,0.83,2,53.9,27.946666666666665,23.273333333333333,25.183333333333334,32.056666666666665,26.423333333333336,28.69,15.520999999999999,3.066666666666667,3.066666666666667,0.0,5.566666666666666,12.430000000000001,30.836666666666666,36.06666666666667,3.293,18.441636985677142
56,19,5,36746.4,16,1,0.33,0.69,3,52.03333333333333,28.456666666666667,23.496666666666666,25.516666666666666,31.80666666666667,26.57,28.706666666666667,16.343333333333334,2.46,2.46,0.0,4.533333333333333,17.233333333333334,38.15,29.433333333333334,3.5396666666666667,16.647972668919827
86,8,6,41437.1,8,2,0.98,0.53,4,56.06666666666667,28.55666666666667,22.85666666666667,25.453333333333333,34.406666666666666,26.990000000000002,30.283333333333335,17.662333333333333,3.2766666666666664,3.2766666666666664,0.0,6.733333333333333,11.053333333333335,28.49,146.4,3.4739999999999998,20.264655432138117
14,5,6,68290.02,13,2,0.33,0.52,2,53.06666666666667,29.246666666666666,22.82,25.64,34.93333333333333,26.636666666666667,30.086666666666666,19.803,2.06,2.06,0.0,2.966666666666667,12.696666666666665,30.290000000000003,71.5,3.99,19.685750739221113
28,8,6,6611.36,16,2,0.59,0.38,1,52.03333333333333,28.456666666666667,23.496666666666666,25.516666666666666,31.80666666666667,26.57,28.706666666666667,16.343333333333334,2.46,2.46,0.0,4.533333333333333,17.233333333333334,38.15,29.433333333333334,3.5396666666666667,14.982468938891813
87,12,2,4432.6,28,1,0.49,0.52,2,17.566666666666666,30.466666666666665,23.623333333333335,26.623333333333335,33.553333333333335,25.996666666666666,29.15,19.854333333333333,0.5366666666666667,0.5366666666666667,0.0,1.8666666666666667,17.546666666666667,38.43666666666666,34.166666666666664,4.806333333333333,12.289816931048207
78,1,3,39799.15,3,1,0.71,0.62,4,16.133333333333333,27.81,21.666666666666668,24.716666666666665,30.85,23.65666666666667,27.313333333333333,16.785666666666668,0.45666666666666667,0.45666666666666667,0.0,1.2666666666666666,14.893333333333334,32.52333333333333,167.1,3.701333333333333,11.532350066995068
88,6,6,70019.21,17,2,0.3,0.43,0,53.9,27.946666666666665,23.273333333333333,25.183333333333334,32.056666666666665,26.423333333333336,28.69,15.520999999999999,3.066666666666667,3.066666666666667,0.0,5.566666666666666,12.430000000000001,30.836666666666666,36.06666666666667,3.293,18.219137768854683
2,18,8,20150.1,26,1,0.54,0.67,2,39.1,30.076666666666664,23.236666666666668,26.336666666666666,34.57333333333334,26.676666666666666,30.05666666666667,19.670666666666666,0.9966666666666666,0.9966666666666666,0.0,3.7666666666666666,13.75,31.466666666666665,43.3,4.147,14.54556257158324
26,8,1,64508.94,19,0,0.42,0.79,3,5.866666666666666,29.353333333333335,22.573333333333334,25.69,33.15,24.793333333333333,28.433333333333334,21.775333333333332,0.010000000000000002,0.010000000000000002,0.0,0.1,13.416666666666666,29.13,59.266666666666666,4.743333333333334,7.815916967656552
14,7,1,26722.99,23,2,0.91,0.22,3,14.066666666666666,28.873333333333335,21.959999999999997,25.516666666666666,32.5,24.633333333333333,28.56,19.76833333333333,0.14666666666666667,0.14666666666666667,0.0,0.8333333333333334,9.656666666666666,23.10666666666667,104.53333333333333,4.1690000000000005,10.50694795260941
59,1,2,88722.52,23,1,0.23,0.46,3,14.066666666666666,28.873333333333335,21.959999999999997,25.516666666666666,32.5,24.633333333333333,28.56,19.76833333333333,0.14666666666666667,0.14666666666666667,0.0,0.8333333333333334,9.656666666666666,23.10666666666667,104.53333333333333,4.1690000000000005,9.563011645652919
56,16,6,89673.3,14,0,0.93,0.43,0,6.0,29.163333333333334,22.779999999999998,25.636666666666667,32.87,25.456666666666667,28.433333333333334,21.76066666666667,0.05,0.05,0.0,0.23333333333333334,14.883333333333333,31.34333333333333,45.7,4.713666666666667,5.998676896012223
7,12,9,30431.43,10,2,0.87,0.65,4,39.7,28.83,22.253333333333334,25.67,34.913333333333334,26.383333333333333,30.616666666666667,20.032666666666668,0.5633333333333332,0.5633333333333332,0.0,3.1,7.319999999999999,18.490000000000002,163.93333333333334,3.975333333333333,16.360419632528394
3,6,4,23769.38,11,1,0.44,0.3,1,59.93333333333333,28.80666666666667,22.923333333333336,25.496666666666666,35.016666666666666,27.523333333333333,30.466666666666665,19.56833333333333,5.35,5.35,0.0,7.166666666666667,9.033333333333333,22.42666666666667,32.53333333333333,3.852333333333333,21.48295020986634
23,2,3,41719.09,8,2,0.83,0.61,4,56.06666666666667,28.55666666666667,22.85666666666667,25.453333333333333,34.406666666666666,26.990000000000002,30.283333333333335,17.662333333333333,3.2766666666666664,3.2766666666666664,0.0,6.733333333333333,11.053333333333335,28.49,146.4,3.4739999999999998,19.91672335695636
18,14,8,24812.63,12,1,0.22,0.8,0,56.333333333333336,28.956666666666667,23.14,25.56,35.406666666666666,27.62,30.503333333333334,18.640666666666668,2.9433333333333334,2.9433333333333334,0.0,7.466666666666667,8.383333333333333,23.90666666666667,115.3,3.710666666666667,18.19017123416394
38,4,9,67566.0,14,0,0.97,0.43,3,6.0,29.163333333333334,22.779999999999998,25.636666666666667,32.87,25.456666666666667,28.433333333333334,21.76066666666667,0.05,0.05,0.0,0.23333333333333334,14.883333333333333,31.34333333333333,45.7,4.713666666666667,4.325289210362853
15,1,5,82780.4,26,0,0.62,0.83,4,39.1,30.076666666666664,23.236666666666668,26.336666666666666,34.57333333333334,26.676666666666666,30.05666666666667,19.670666666666666,0.9966666666666666,0.9966666666666666,0.0,3.7666666666666666,13.75,31.466666666666665,43.3,4.147,11.120117654592951
64,18,9,67636.12,14,0,0.44,0.89,1,6.0,29.163333333333334,22.779999999999998,25.636666666666667,32.87,25.456666666666667,28.433333333333334,21.76066666666667,0.05,0.05,0.0,0.23333333333333334,14.883333333333333,31.34333333333333,45.7,4.713666666666667,9.823919309040223
89,13,2,82610.69,27,2,0.49,0.18,3,31.433333333333334,30.266666666666666,23.636666666666667,26.673333333333336,33.86,26.21333333333333,29.623333333333335,20.294,0.25666666666666665,0.25666666666666665,0.0,1.5666666666666667,17.416666666666668,36.85,46.166666666666664,4.651333333333333,11.45685812999466
28,2,3,40302.22,4,1,0.25,0.29,1,6.366666666666666,27.506666666666668,21.0,24.19,30.02,22.923333333333336,26.07,22.589666666666666,0.07666666666666666,0.07666666666666666,0.0,0.4666666666666667,15.903333333333332,32.46666666666667,145.63333333333333,4.755333333333334,9.264089705318115
74,9,7,16475.38,22,2,0.99,0.86,2,3.1,28.92,21.466666666666665,24.973333333333336,31.66,23.02,27.233333333333334,22.385333333333335,0.006666666666666667,0.006666666666666667,0.0,0.06666666666666667,14.120000000000001,31.016666666666666,38.13333333333333,4.736999999999999,16.47721389270912
39,2,7,74057.14,18,1,0.23,0.87,1,47.2,29.173333333333332,22.970000000000002,25.62,33.92666666666666,25.826666666666664,29.123333333333335,19.062333333333335,2.3333333333333335,2.3333333333333335,0.0,2.8333333333333335,13.379999999999999,31.2,43.46666666666667,4.036,17.358133307010327
57,9,6,36686.98,25,2,0.72,0.18,3,4.433333333333334,30.363333333333333,22.87,26.34,34.72666666666667,26.243333333333332,29.9,22.631666666666668,0.060000000000000005,0.060000000000000005,0.0,0.4,10.770000000000001,25.31,61.43333333333333,4.747333333333333,9.987123334579607
17,1,6,67455.81,19,2,0.55,0.11,2,5.866666666666666,29.353333333333335,22.573333333333334,25.69,33.15,24.793333333333333,28.433333333333334,21.775333333333332,0.010000000000000002,0.010000000000000002,0.0,0.1,13.416666666666666,29.13,59.266666666666666,4.743333333333334,7.511665433578543
86,11,2,27793.75,25,1,0.96,0.23,3,4.433333333333334,30.363333333333333,22.87,26.34,34.72666666666667,26.243333333333332,29.9,22.631666666666668,0.060000000000000005,0.060000000000000005,0.0,0.4,10.770000000000001,25.31,61.43333333333333,4.747333333333333,7.329397726633267
44,3,6,9041.73,24,1,0.4,0.9,3,9.066666666666666,29.613333333333333,22.453333333333333,25.956666666666667,33.31666666666667,25.69333333333333,29.25,20.462333333333333,0.05,0.05,0.0,0.36666666666666664,11.733333333333333,27.533333333333335,38.833333333333336,4.350666666666667,14.70438453127695
25,4,4,99265.6,25,0,0.63,0.24,2,4.433333333333334,30.363333333333333,22.87,26.34,34.72666666666667,26.243333333333332,29.9,22.631666666666668,0.060000000000000005,0.060000000000000005,0.0,0.4,10.770000000000001,25.31,61.43333333333333,4.747333333333333,0.7263838275041521
17,18,3,16463.95,25,0,0.59,0.5,1,4.433333333333334,30.363333333333333,22.87,26.34,34.72666666666667,26.243333333333332,29.9,22.631666666666668,0.060000000000000005,0.060000000000000005,0.0,0.4,10.770000000000001,25.31,61.43333333333333,4.747333333333333,8.441257801995093
13,6,2,98853.68,13,1,0.76,0.78,0,53.06666666666667,29.246666666666666,22.82,25.64,34.93333333333333,26.636666666666667,30.086666666666666,19.803,2.06,2.06,0.0,2.966666666666667,12.696666666666665,30.290000000000003,71.5,3.99,19.673816509643284
84,3,1,97750.71,27,1,0.25,0.12,0,31.433333333333334,30.266666666666666,23.636666666666667,26.673333333333336,33.86,26.21333333333333,29.623333333333335,20.294,0.25666666666666665,0.25666666666666665,0.0,1.5666666666666667,17.416666666666668,36.85,46.166666666666664,4.651333333333333,4.534150297606754
25,11,5,79587.99,16,1,0.36,0.58,0,52.03333333333333,28.456666666666667,23.496666666666666,25.516666666666666,31.80666666666667,26.57,28.706666666666667,16.343333333333334,2.46,2.46,0.0,4.533333333333333,17.233333333333334,38.15,29.433333333333334,3.5396666666666667,14.798447660096024
68,15,2,66282.87,17,0,0.37,0.32,0,53.9,27.946666666666665,23.273333333333333,25.183333333333334,32.056666666666665,26.423333333333336,28.69,15.520999999999999,3.066666666666667,3.066666666666667,0.0,5.566666666666666,12.430000000000001,30.836666666666666,36.06666666666667,3.293,10.40213141942069
10,5,2,58202.9,20,1,0.79,0.79,4,5.566666666666666,29.123333333333335,21.916666666666668,25.313333333333333,32.1,24.029999999999998,27.490000000000002,21.885666666666665,0.15,0.15,0.0,0.7,16.486666666666668,34.14666666666667,42.666666666666664,4.899,13.781685184980539
67,10,7,86744.05,2,2,0.35,0.33,0,51.13333333333333,28.14,22.793333333333333,25.113333333333333,32.153333333333336,25.793333333333333,28.5,16.794333333333334,0.9433333333333334,0.9433333333333334,0.0,4.433333333333334,14.323333333333332,30.470000000000002,44.43333333333333,3.5106666666666664,13.834483075675912
18,12,8,29654.51,1,1,0.66,0.65,2,28.0,28.723333333333336,23.116666666666667,25.486666666666668,32.17,25.87,28.69,17.647333333333332,0.36333333333333334,0.36333333333333334,0.0,1.9333333333333333,15.229999999999999,31.986666666666668,63.63333333333333,3.8056666666666668,15.041973474816192
86,15,8,47300.44,0,2,0.37,0.64,0,9.933333333333334,28.84,22.483333333333334,25.506666666666668,32.15,24.89333333333333,28.2,19.875,0.05,0.05,0.0,0.26666666666666666,15.586666666666666,33.75,44.266666666666666,4.4093333333333335,14.514579158758925
34,17,4,62319.61,9,1,0.89,0.28,3,44.233333333333334,29.076666666666664,22.41,25.60666666666667,34.63666666666666,26.59,30.316666666666666,19.968999999999998,1.12,1.12,0.0,2.466666666666667,8.346666666666668,21.183333333333334,82.76666666666667,3.96,7.902554133192321
8,10,1,41707.86,18,2,0.95,0.13,0,47.2,29.173333333333332,22.970000000000002,25.62,33.92666666666666,25.826666666666664,29.123333333333335,19.062333333333335,2.3333333333333335,2.3333333333333335,0.0,2.8333333333333335,13.379999999999999,31.2,43.46666666666667,4.036,11.157687824644878
40,6,7,43321.16,16,1,0.61,0.43,1,52.03333333333333,28.456666666666667,23.496666666666666,25.516666666666666,31.80666666666667,26.57,28.706666666666667,16.343333333333334,2.46,2.46,0.0,4.533333333333333,17.233333333333334,38.15,29.433333333333334,3.5396666666666667,12.48360494008712
83,18,1,33698.18,11,2,0.48,0.33,2,59.93333333333333,28.80666666666667,22.923333333333336,25.496666666666666,35.016666666666666,27.523333333333333,30.466666666666665,19.56833333333333,5.35,5.35,0.0,7.166666666666667,9.033333333333333,22.42666666666667,32.53333333333333,3.852333333333333,21.610309540689304
42,13,4,56858.95,0,1,0.39,0.75,2,9.933333333333334,28.84,22.483333333333334,25.506666666666668,32.15,24.89333333333333,28.2,19.875,0.05,0.05,0.0,0.26666666666666666,15.586666666666666,33.75,44.266666666666666,4.4093333333333335,15.29183679527668
41,3,8,85206.88,11,2,0.24,0.74,4,59.93333333333333,28.80666666666667,22.923333333333336,25.496666666666666,35.016666666666666,27.523333333333333,30.466666666666665,19.56833333333333,5.35,5.35,0.0,7.166666666666667,9.033333333333333,22.42666666666667,32.53333333333333,3.852333333333333,25.80358305144574
6,10,2,20951.31,16,0,0.41,0.47,3,52.03333333333333,28.456666666666667,23.496666666666666,25.516666666666666,31.80666666666667,26.57,28.706666666666667,16.343333333333334,2.46,2.46,0.0,4.533333333333333,17.233333333333334,38.15,29.433333333333334,3.5396666666666667,10.895681927458346
52,14,6,93508.87,23,1,0.72,0.59,2,14.066666666666666,28.873333333333335,21.959999999999997,25.516666666666666,32.5,24.633333333333333,28.56,19.76833333333333,0.14666666666666667,0.14666666666666667,0.0,0.8333333333333334,9.656666666666666,23.10666666666667,104.53333333333333,4.1690000000000005,10.848698989224205
26,6,6,69219.68,2,0,0.63,0.58,1,51.13333333333333,28.14,22.793333333333333,25.113333333333333,32.153333333333336,25.793333333333333,28.5,16.794333333333334,0.9433333333333334,0.9433333333333334,0.0,4.433333333333334,14.323333333333332,30.470000000000002,44.43333333333333,3.5106666666666664,10.629256576838792
64,3,9,82504.05,10,2,0.96,0.76,0,39.7,28.83,22.253333333333334,25.67,34.913333333333334,26.383333333333333,30.616666666666667,20.032666666666668,0.5633333333333332,0.5633333333333332,0.0,3.1,7.319999999999999,18.490000000000002,163.93333333333334,3.975333333333333,21.037065305477103
59,16,5,56062.88,16,1,0.52,0.44,2,52.03333333333333,28.456666666666667,23.496666666666666,25.516666666666666,31.80666666666667,26.57,28.706666666666667,16.343333333333334,2.46,2.46,0.0,4.533333333333333,17.233333333333334,38.15,29.433333333333334,3.5396666666666667,12.903696840619519
56,7,4,78172.15,22,1,0.76,0.32,1,3.1,28.92,21.466666666666665,24.973333333333336,31.66,23.02,27.233333333333334,22.385333333333335,0.006666666666666667,0.006666666666666667,0.0,0.06666666666666667,14.120000000000001,31.016666666666666,38.13333333333333,4.736999999999999,6.6191741695560005
59,14,5,2603.84,25,1,0.59,0.31,0,4.433333333333334,30.363333333333333,22.87,26.34,34.72666666666667,26.243333333333332,29.9,22.631666666666668,0.060000000000000005,0.060000000000000005,0.0,0.4,10.770000000000001,25.31,61.43333333333333,4.747333333333333,8.906241315603609
70,9,5,82019.66,2,2,0.61,0.53,4,51.13333333333333,28.14,22.793333333333333,25.113333333333333,32.153333333333336,25.793333333333333,28.5,16.794333333333334,0.9433333333333334,0.9433333333333334,0.0,4.433333333333334,14.323333333333332,30.470000000000002,44.43333333333333,3.5106666666666664,16.269503901106134
33,15,8,4973.75,7,2,0.41,0.46,2,51.733333333333334,27.433333333333334,22.92,24.993333333333332,31.34,25.946666666666665,28.846666666666668,12.513,5.489999999999999,5.489999999999999,0.0,6.7,13.476666666666667,25.9,78.1,2.6566666666666667,26.270060988604047
53,3,8,89101.42,19,1,0.56,0.45,2,5.866666666666666,29.353333333333335,22.573333333333334,25.69,33.15,24.793333333333333,28.433333333333334,21.775333333333332,0.010000000000000002,0.010000000000000002,0.0,0.1,13.416666666666666,29.13,59.266666666666666,4.743333333333334,9.795892277988946
22,2,2,99204.31,3,2,0.58,0.17,1,16.133333333333333,27.81,21.666666666666668,24.716666666666665,30.85,23.65666666666667,27.313333333333333,16.785666666666668,0.45666666666666667,0.45666666666666667,0.0,1.2666666666666666,14.893333333333334,32.52333333333333,167.1,3.701333333333333,9.414395197152745
21,2,7,30112.68,20,0,0.77,0.67,3,5.566666666666666,29.123333333333335,21.916666666666668,25.313333333333333,32.1,24.029999999999998,27.490000000000002,21.885666666666665,0.15,0.15,0.0,0.7,16.486666666666668,34.14666666666667,42.666666666666664,4.899,9.225982246038466
70,3,8,21821.54,21,0,0.95,0.27,4,5.6,29.27,21.509999999999998,25.14333333333333,31.953333333333333,23.316666666666666,27.303333333333335,23.029999999999998,0.010000000000000002,0.010000000000000002,0.0,0.1,15.493333333333334,33.36,38.833333333333336,5.002666666666667,4.923055370874362
70,18,6,76770.97,6,2,0.46,0.26,3,23.533333333333335,28.206666666666667,21.740000000000002,25.15666666666667,31.94333333333333,24.066666666666666,27.883333333333333,18.336000000000002,1.1700000000000002,1.1700000000000002,0.0,1.3333333333333333,14.1,27.986666666666668,92.8,4.055000000000001,13.690723271796047
4,14,5,26049.61,13,0,0.23,0.43,2,53.06666666666667,29.246666666666666,22.82,25.64,34.93333333333333,26.636666666666667,30.086666666666666,19.803,2.06,2.06,0.0,2.966666666666667,12.696666666666665,30.290000000000003,71.5,3.99,10.040911046660948
75,18,9,86690.68,13,2,0.6,0.28,3,53.06666666666667,29.246666666666666,22.82,25.64,34.93333333333333,26.636666666666667,30.086666666666666,19.803,2.06,2.06,0.0,2.966666666666667,12.696666666666665,30.290000000000003,71.5,3.99,16.08001203438373
62,10,3,11181.42,3,1,0.64,0.57,0,16.133333333333333,27.81,21.666666666666668,24.716666666666665,30.85,23.65666666666667,27.313333333333333,16.785666666666668,0.45666666666666667,0.45666666666666667,0.0,1.2666666666666666,14.893333333333334,32.52333333333333,167.1,3.701333333333333,13.007276719001844
62,2,4,13469.56,15,0,0.33,0.4,4,52.266666666666666,29.14,23.133333333333333,25.6,33.346666666666664,25.706666666666667,29.06,18.88133333333333,2.17,2.17,0.0,5.066666666666666,15.993333333333334,36.37,36.6,3.9153333333333338,11.21323848655629
24,1,9,97936.0,23,1,0.81,0.46,3,14.066666666666666,28.873333333333335,21.959999999999997,25.516666666666666,32.5,24.633333333333333,28.56,19.76833333333333,0.14666666666666667,0.14666666666666667,0.0,0.8333333333333334,9.656666666666666,23.10666666666667,104.53333333333333,4.1690000000000005,10.286398164717799
55,4,6,67710.05,28,1,0.99,0.53,0,17.566666666666666,30.466666666666665,23.623333333333335,26.623333333333335,33.553333333333335,25.996666666666666,29.15,19.854333333333333,0.5366666666666667,0.5366666666666667,0.0,1.8666666666666667,17.546666666666667,38.43666666666666,34.166666666666664,4.806333333333333,10.682656212858053
9,14,8,84841.84,21,1,0.96,0.26,1,5.6,29.27,21.509999999999998,25.14333333333333,31.953333333333333,23.316666666666666,27.303333333333335,23.029999999999998,0.010000000000000002,0.010000000000000002,0.0,0.1,15.493333333333334,33.36,38.833333333333336,5.002666666666667,6.860070529649985
3,1,7,33108.61,29,0,0.36,0.22,3,58.166666666666664,27.976666666666667,22.543333333333333,24.973333333333336,30.52,25.103333333333335,27.55666666666667,11.023666666666665,26.796666666666667,26.796666666666667,0.0,9.733333333333333,16.936666666666664,38.629999999999995,42.4,2.8523333333333336,58.04309678309587
31,14,2,67971.89,0,0,0.9,0.8,4,9.933333333333334,28.84,22.483333333333334,25.506666666666668,32.15,24.89333333333333,28.2,19.875,0.05,0.05,0.0,0.26666666666666666,15.586666666666666,33.75,44.266666666666666,4.4093333333333335,8.474596493519147
40,16,3,59829.94,16,1,0.76,0.45,0,52.03333333333333,28.456666666666667,23.496666666666666,25.516666666666666,31.80666666666667,26.57,28.706666666666667,16.343333333333334,2.46,2.46,0.0,4.533333333333333,17.233333333333334,38.15,29.433333333333334,3.5396666666666667,14.373009963309352
36,14,1,60711.86,24,1,0.56,0.43,3,9.066666666666666,29.613333333333333,22.453333333333333,25.956666666666667,33.31666666666667,25.69333333333333,29.25,20.462333333333333,0.05,0.05,0.0,0.36666666666666664,11.733333333333333,27.533333333333335,38.833333333333336,4.350666666666667,8.169991781508958
24,3,9,68570.71,9,1,0.63,0.13,1,44.233333333333334,29.076666666666664,22.41,25.60666666666667,34.63666666666666,26.59,30.316666666666666,19.968999999999998,1.12,1.12,0.0,2.466666666666667,8.346666666666668,21.183333333333334,82.76666666666667,3.96,7.343117234402227
6,3,7,57960.56,21,2,0.88,0.5,3,5.6,29.27,21.509999999999998,25.14333333333333,31.953333333333333,23.316666666666666,27.303333333333335,23.029999999999998,0.010000000000000002,0.010000000000000002,0.0,0.1,15.493333333333334,33.36,38.833333333333336,5.002666666666667,14.937677793910947
66,9,1,43477.17,15,1,0.58,0.54,0,52.266666666666666,29.14,23.133333333333333,25.6,33.346666666666664,25.706666666666667,29.06,18.88133333333333,2.17,2.17,0.0,5.066666666666666,15.993333333333334,36.37,36.6,3.9153333333333338,14.606648602029855
84,6,3,28316.35,15,2,0.5,0.55,3,52.266666666666666,29.14,23.133333333333333,25.6,33.346666666666664,25.706666666666667,29.06,18.88133333333333,2.17,2.17,0.0,5.066666666666666,15.993333333333334,36.37,36.6,3.9153333333333338,18.009654822234225
75,13,4,77089.55,25,1,0.59,0.67,4,4.433333333333334,30.363333333333333,22.87,26.34,34.72666666666667,26.243333333333332,29.9,22.631666666666668,0.060000000000000005,0.060000000000000005,0.0,0.4,10.770000000000001,25.31,61.43333333333333,4.747333333333333,9.620215788530121
4,2,4,23400.97,7,1,0.66,0.24,2,51.733333333333334,27.433333333333334,22.92,24.993333333333332,31.34,25.946666666666665,28.846666666666668,12.513,5.489999999999999,5.489999999999999,0.0,6.7,13.476666666666667,25.9,78.1,2.6566666666666667,18.47938034904083
79,8,5,69543.08,28,1,0.35,0.3,0,17.566666666666666,30.466666666666665,23.623333333333335,26.623333333333335,33.553333333333335,25.996666666666666,29.15,19.854333333333333,0.5366666666666667,0.5366666666666667,0.0,1.8666666666666667,17.546666666666667,38.43666666666666,34.166666666666664,4.806333333333333,9.141559605044945
6,2,3,24099.95,6,1,0.92,0.75,0,23.533333333333335,28.206666666666667,21.740000000000002,25.15666666666667,31.94333333333333,24.066666666666666,27.883333333333333,18.336000000000002,1.1700000000000002,1.1700000000000002,0.0,1.3333333333333333,14.1,27.986666666666668,92.8,4.055000000000001,18.08488208495819
51,4,3,62907.69,27,0,0.74,0.86,0,31.433333333333334,30.266666666666666,23.636666666666667,26.673333333333336,33.86,26.21333333333333,29.623333333333335,20.294,0.25666666666666665,0.25666666666666665,0.0,1.5666666666666667,17.416666666666668,36.85,46.166666666666664,4.651333333333333,10.371665980903833
62,15,1,74960.75,5,1,0.71,0.21,0,10.066666666666666,27.833333333333332,21.18,24.46333333333333,30.046666666666667,23.053333333333335,26.186666666666667,20.332,0.07,0.07,0.0,0.43333333333333335,16.89666666666667,32.77,63.833333333333336,4.553333333333333,6.4887254914959085
57,4,7,22652.68,15,1,0.28,0.5,3,52.266666666666666,29.14,23.133333333333333,25.6,33.346666666666664,25.706666666666667,29.06,18.88133333333333,2.17,2.17,0.0,5.066666666666666,15.993333333333334,36.37,36.6,3.9153333333333338,14.214075525566132
66,13,1,6934.39,19,1,0.68,0.27,4,5.866666666666666,29.353333333333335,22.573333333333334,25.69,33.15,24.793333333333333,28.433333333333334,21.775333333333332,0.010000000000000002,0.010000000000000002,0.0,0.1,13.416666666666666,29.13,59.266666666666666,4.743333333333334,9.12617991964521
79,12,2,13966.4,15,1,0.3,0.15,1,52.266666666666666,29.14,23.133333333333333,25.6,33.346666666666664,25.706666666666667,29.06,18.88133333333333,2.17,2.17,0.0,5.066666666666666,15.993333333333334,36.37,36.6,3.9153333333333338,9.497056701419572
75,13,4,60993.7,6,1,0.26,0.36,4,23.533333333333335,28.206666666666667,21.740000000000002,25.15666666666667,31.94333333333333,24.066666666666666,27.883333333333333,18.336000000000002,1.1700000000000002,1.1700000000000002,0.0,1.3333333333333333,14.1,27.986666666666668,92.8,4.055000000000001,10.57853228865551
8,14,4,85095.19,8,1,0.62,0.21,0,56.06666666666667,28.55666666666667,22.85666666666667,25.453333333333333,34.406666666666666,26.990000000000002,30.283333333333335,17.662333333333333,3.2766666666666664,3.2766666666666664,0.0,6.733333333333333,11.053333333333335,28.49,146.4,3.4739999999999998,13.485178097908141
26,18,5,5454.69,13,2,0.52,0.67,3,53.06666666666667,29.246666666666666,22.82,25.64,34.93333333333333,26.636666666666667,30.086666666666666,19.803,2.06,2.06,0.0,2.966666666666667,12.696666666666665,30.290000000000003,71.5,3.99,19.43991368473454
51,6,2,73680.97,10,2,0.67,0.53,3,39.7,28.83,22.253333333333334,25.67,34.913333333333334,26.383333333333333,30.616666666666667,20.032666666666668,0.5633333333333332,0.5633333333333332,0.0,3.1,7.319999999999999,18.490000000000002,163.93333333333334,3.975333333333333,13.817016244840875
45,11,4,34790.55,25,1,0.27,0.22,0,4.433333333333334,30.363333333333333,22.87,26.34,34.72666666666667,26.243333333333332,29.9,22.631666666666668,0.060000000000000005,0.060000000000000005,0.0,0.4,10.770000000000001,25.31,61.43333333333333,4.747333333333333,6.551134989347461
44,2,1,48374.31,25,1,0.54,0.11,3,4.433333333333334,30.363333333333333,22.87,26.34,34.72666666666667,26.243333333333332,29.9,22.631666666666668,0.060000000000000005,0.060000000000000005,0.0,0.4,10.770000000000001,25.31,61.43333333333333,4.747333333333333,6.550447624789658
5,19,2,92957.1,13,0,0.34,0.75,0,53.06666666666667,29.246666666666666,22.82,25.64,34.93333333333333,26.636666666666667,30.086666666666666,19.803,2.06,2.06,0.0,2.966666666666667,12.696666666666665,30.290000000000003,71.5,3.99,11.58022705088341
70,19,1,33865.18,6,1,0.99,0.24,4,23.533333333333335,28.206666666666667,21.740000000000002,25.15666666666667,31.94333333333333,24.066666666666666,27.883333333333333,18.336000000000002,1.1700000000000002,1.1700000000000002,0.0,1.3333333333333333,14.1,27.986666666666668,92.8,4.055000000000001,8.919454511220312
26,5,4,47068.36,0,1,0.65,0.58,2,9.933333333333334,28.84,22.483333333333334,25.506666666666668,32.15,24.89333333333333,28.2,19.875,0.05,0.05,0.0,0.26666666666666666,15.586666666666666,33.75,44.266666666666666,4.4093333333333335,9.509818777591239
68,19,4,2354.56,25,1,0.75,0.37,3,4.433333333333334,30.363333333333333,22.87,26.34,34.72666666666667,26.243333333333332,29.9,22.631666666666668,0.060000000000000005,0.060000000000000005,0.0,0.4,10.770000000000001,25.31,61.43333333333333,4.747333333333333,9.852569943387262
19,2,7,9078.27,24,1,0.46,0.57,0,9.066666666666666,29.613333333333333,22.453333333333333,25.956666666666667,33.31666666666667,25.69333333333333,29.25,20.462333333333333,0.05,0.05,0.0,0.36666666666666664,11.733333333333333,27.533333333333335,38.833333333333336,4.350666666666667,8.155219642824338
84,10,9,26600.57,12,2,0.28,0.35,0,56.333333333333336,28.956666666666667,23.14,25.56,35.406666666666666,27.62,30.503333333333334,18.640666666666668,2.9433333333333334,2.9433333333333334,0.0,7.466666666666667,8.383333333333333,23.90666666666667,115.3,3.710666666666667,16.248283895759283
20,2,9,3757.37,19,1,0.98,0.17,3,5.866666666666666,29.353333333333335,22.573333333333334,25.69,33.15,24.793333333333333,28.433333333333334,21.775333333333332,0.010000000000000002,0.010000000000000002,0.0,0.1,13.416666666666666,29.13,59.266666666666666,4.743333333333334,6.1258178125967815
12,11,5,63506.16,2,2,0.43,0.28,1,51.13333333333333,28.14,22.793333333333333,25.113333333333333,32.153333333333336,25.793333333333333,28.5,16.794333333333334,0.9433333333333334,0.9433333333333334,0.0,4.433333333333334,14.323333333333332,30.470000000000002,44.43333333333333,3.5106666666666664,14.594952710518177
47,18,1,43213.44,19,1,0.54,0.25,0,5.866666666666666,29.353333333333335,22.573333333333334,25.69,33.15,24.793333333333333,28.433333333333334,21.775333333333332,0.010000000000000002,0.010000000000000002,0.0,0.1,13.416666666666666,29.13,59.266666666666666,4.743333333333334,6.421374608390518
1,15,1,55266.38,3,1,0.72,0.44,3,16.133333333333333,27.81,21.666666666666668,24.716666666666665,30.85,23.65666666666667,27.313333333333333,16.785666666666668,0.45666666666666667,0.45666666666666667,0.0,1.2666666666666666,14.893333333333334,32.52333333333333,167.1,3.701333333333333,8.860534043293535
14,9,6,18290.07,28,2,0.22,0.63,0,17.566666666666666,30.466666666666665,23.623333333333335,26.623333333333335,33.553333333333335,25.996666666666666,29.15,19.854333333333333,0.5366666666666667,0.5366666666666667,0.0,1.8666666666666667,17.546666666666667,38.43666666666666,34.166666666666664,4.806333333333333,18.455068937494218
64,19,2,30297.27,25,1,0.85,0.31,1,4.433333333333334,30.363333333333333,22.87,26.34,34.72666666666667,26.243333333333332,29.9,22.631666666666668,0.060000000000000005,0.060000000000000005,0.0,0.4,10.770000000000001,25.31,61.43333333333333,4.747333333333333,5.167979149375634
38,9,8,66718.62,10,2,0.63,0.11,2,39.7,28.83,22.253333333333334,25.67,34.913333333333334,26.383333333333333,30.616666666666667,20.032666666666668,0.5633333333333332,0.5633333333333332,0.0,3.1,7.319999999999999,18.490000000000002,163.93333333333334,3.975333333333333,6.148457731736544
37,3,9,96564.97,1,1,0.42,0.52,1,28.0,28.723333333333336,23.116666666666667,25.486666666666668,32.17,25.87,28.69,17.647333333333332,0.36333333333333334,0.36333333333333334,0.0,1.9333333333333333,15.229999999999999,31.986666666666668,63.63333333333333,3.8056666666666668,11.126688341746664
11,9,4,5991.26,13,2,0.25,0.58,4,53.06666666666667,29.246666666666666,22.82,25.64,34.93333333333333,26.636666666666667,30.086666666666666,19.803,2.06,2.06,0.0,2.966666666666667,12.696666666666665,30.290000000000003,71.5,3.99,17.32691866347108
77,14,5,89148.05,11,1,0.33,0.87,3,59.93333333333333,28.80666666666667,22.923333333333336,25.496666666666666,35.016666666666666,27.523333333333333,30.466666666666665,19.56833333333333,5.35,5.35,0.0,7.166666666666667,9.033333333333333,22.42666666666667,32.53333333333333,3.852333333333333,23.10815077430393
3,19,8,58111.24,29,0,0.92,0.57,1,58.166666666666664,27.976666666666667,22.543333333333333,24.973333333333336,30.52,25.103333333333335,27.55666666666667,11.023666666666665,26.796666666666667,26.796666666666667,0.0,9.733333333333333,16.936666666666664,38.629999999999995,42.4,2.8523333333333336,61.495868004282364
33,7,3,56828.04,16,1,0.75,0.48,2,52.03333333333333,28.456666666666667,23.496666666666666,25.516666666666666,31.80666666666667,26.57,28.706666666666667,16.343333333333334,2.46,2.46,0.0,4.533333333333333,17.233333333333334,38.15,29.433333333333334,3.5396666666666667,14.545701070656797
6,16,5,50527.57,11,0,0.4,0.56,0,59.93333333333333,28.80666666666667,22.923333333333336,25.496666666666666,35.016666666666666,27.523333333333333,30.466666666666665,19.56833333333333,5.35,5.35,0.0,7.166666666666667,9.033333333333333,22.42666666666667,32.53333333333333,3.852333333333333,16.57388205389491
50,16,3,7870.01,25,1,0.25,0.84,3,4.433333333333334,30.363333333333333,22.87,26.34,34.72666666666667,26.243333333333332,29.9,22.631666666666668,0.060000000000000005,0.060000000000000005,0.0,0.4,10.770000000000001,25.31,61.43333333333333,4.747333333333333,11.779543401993658
10,1,3,9897.81,11,2,0.75,0.76,1,59.93333333333333,28.80666666666667,22.923333333333336,25.496666666666666,35.016666666666666,27.523333333333333,30.466666666666665,19.56833333333333,5.35,5.35,0.0,7.166666666666667,9.033333333333333,22.42666666666667,32.53333333333333,3.852333333333333,28.128685992420216
5,4,3,60490.29,0,1,0.66,0.36,2,9.933333333333334,28.84,22.483333333333334,25.506666666666668,32.15,24.89333333333333,28.2,19.875,0.05,0.05,0.0,0.26666666666666666,15.586666666666666,33.75,44.266666666666666,4.4093333333333335,8.895301766937992
23,4,7,34754.9,12,0,0.52,0.29,1,56.333333333333336,28.956666666666667,23.14,25.56,35.406666666666666,27.62,30.503333333333334,18.640666666666668,2.9433333333333334,2.9433333333333334,0.0,7.466666666666667,8.383333333333333,23.90666666666667,115.3,3.710666666666667,9.217902870997593
10,7,7,91809.54,13,1,0.49,0.31,4,53.06666666666667,29.246666666666666,22.82,25.64,34.93333333333333,26.636666666666667,30.086666666666666,19.803,2.06,2.06,0.0,2.966666666666667,12.696666666666665,30.290000000000003,71.5,3.99,14.1099554940715
44,8,7,41252.46,23,1,0.37,0.5,3,14.066666666666666,28.873333333333335,21.959999999999997,25.516666666666666,32.5,24.633333333333333,28.56,19.76833333333333,0.14666666666666667,0.14666666666666667,0.0,0.8333333333333334,9.656666666666666,23.10666666666667,104.53333333333333,4.1690000000000005,8.188206183844104
2,17,8,15184.86,29,1,0.74,0.7,0,58.166666666666664,27.976666666666667,22.543333333333333,24.973333333333336,30.52,25.103333333333335,27.55666666666667,11.023666666666665,26.796666666666667,26.796666666666667,0.0,9.733333333333333,16.936666666666664,38.629999999999995,42.4,2.8523333333333336,63.20504557694623
13,5,5,71757.16,1,1,0.98,0.5,2,28.0,28.723333333333336,23.116666666666667,25.486666666666668,32.17,25.87,28.69,17.647333333333332,0.36333333333333334,0.36333333333333334,0.0,1.9333333333333333,15.229999999999999,31.986666666666668,63.63333333333333,3.8056666666666668,9.1888045618448
40,7,5,30041.99,11,1,0.34,0.15,1,59.93333333333333,28.80666666666667,22.923333333333336,25.496666666666666,35.016666666666666,27.523333333333333,30.466666666666665,19.56833333333333,5.35,5.35,0.0,7.166666666666667,9.033333333333333,22.42666666666667,32.53333333333333,3.852333333333333,15.931620975466753
2,4,4,53021.56,25,0,0.68,0.68,3,4.433333333333334,30.363333333333333,22.87,26.34,34.72666666666667,26.243333333333332,29.9,22.631666666666668,0.060000000000000005,0.060000000000000005,0.0,0.4,10.770000000000001,25.31,61.43333333333333,4.747333333333333,8.645009173984038
84,6,7,70085.45,20,0,0.54,0.74,1,5.566666666666666,29.123333333333335,21.916666666666668,25.313333333333333,32.1,24.029999999999998,27.490000000000002,21.885666666666665,0.15,0.15,0.0,0.7,16.486666666666668,34.14666666666667,42.666666666666664,4.899,8.818145913215504
65,7,4,90126.15,27,1,0.56,0.33,3,31.433333333333334,30.266666666666666,23.636666666666667,26.673333333333336,33.86,26.21333333333333,29.623333333333335,20.294,0.25666666666666665,0.25666666666666665,0.0,1.5666666666666667,17.416666666666668,36.85,46.166666666666664,4.651333333333333,8.501416428104779
63,18,2,79426.93,15,0,0.4,0.63,4,52.266666666666666,29.14,23.133333333333333,25.6,33.346666666666664,25.706666666666667,29.06,18.88133333333333,2.17,2.17,0.0,5.066666666666666,15.993333333333334,36.37,36.6,3.9153333333333338,10.022690863714335
73,5,4,67959.75,3,2,0.86,0.44,1,16.133333333333333,27.81,21.666666666666668,24.716666666666665,30.85,23.65666666666667,27.313333333333333,16.785666666666668,0.45666666666666667,0.45666666666666667,0.0,1.2666666666666666,14.893333333333334,32.52333333333333,167.1,3.701333333333333,15.358980239443223
17,3,8,68283.69,7,1,0.59,0.81,4,51.733333333333334,27.433333333333334,22.92,24.993333333333332,31.34,25.946666666666665,28.846666666666668,12.513,5.489999999999999,5.489999999999999,0.0,6.7,13.476666666666667,25.9,78.1,2.6566666666666667,24.076773232411146
9,7,9,94646.54,1,2,0.63,0.78,2,28.0,28.723333333333336,23.116666666666667,25.486666666666668,32.17,25.87,28.69,17.647333333333332,0.36333333333333334,0.36333333333333334,0.0,1.9333333333333333,15.229999999999999,31.986666666666668,63.63333333333333,3.8056666666666668,18.762610414048858
75,14,3,30286.59,9,2,0.44,0.52,4,44.233333333333334,29.076666666666664,22.41,25.60666666666667,34.63666666666666,26.59,30.316666666666666,19.968999999999998,1.12,1.12,0.0,2.466666666666667,8.346666666666668,21.183333333333334,82.76666666666667,3.96,15.994088019566556
15,7,7,1110.1,8,0,0.35,0.65,3,56.06666666666667,28.55666666666667,22.85666666666667,25.453333333333333,34.406666666666666,26.990000000000002,30.283333333333335,17.662333333333333,3.2766666666666664,3.2766666666666664,0.0,6.733333333333333,11.053333333333335,28.49,146.4,3.4739999999999998,15.038463162064009
24,5,9,27923.5,22,1,0.27,0.81,2,3.1,28.92,21.466666666666665,24.973333333333336,31.66,23.02,27.233333333333334,22.385333333333335,0.006666666666666667,0.006666666666666667,0.0,0.06666666666666667,14.120000000000001,31.016666666666666,38.13333333333333,4.736999999999999,14.08798425368164
38,5,4,22571.25,14,2,0.77,0.5,1,6.0,29.163333333333334,22.779999999999998,25.636666666666667,32.87,25.456666666666667,28.433333333333334,21.76066666666667,0.05,0.05,0.0,0.23333333333333334,14.883333333333333,31.34333333333333,45.7,4.713666666666667,13.771562840025972
35,2,3,66521.62,12,1,0.36,0.35,1,56.333333333333336,28.956666666666667,23.14,25.56,35.406666666666666,27.62,30.503333333333334,18.640666666666668,2.9433333333333334,2.9433333333333334,0.0,7.466666666666667,8.383333333333333,23.90666666666667,115.3,3.710666666666667,14.550750806467981
49,6,5,63737.45,22,1,0.75,0.7,3,3.1,28.92,21.466666666666665,24.973333333333336,31.66,23.02,27.233333333333334,22.385333333333335,0.006666666666666667,0.006666666666666667,0.0,0.06666666666666667,14.120000000000001,31.016666666666666,38.13333333333333,4.736999999999999,13.90706212853198
69,15,1,59752.68,16,1,0.51,0.28,0,52.03333333333333,28.456666666666667,23.496666666666666,25.516666666666666,31.80666666666667,26.57,28.706666666666667,16.343333333333334,2.46,2.46,0.0,4.533333333333333,17.233333333333334,38.15,29.433333333333334,3.5396666666666667,12.074781754552207
62,10,3,2608.1,29,0,0.53,0.41,0,58.166666666666664,27.976666666666667,22.543333333333333,24.973333333333336,30.52,25.103333333333335,27.55666666666667,11.023666666666665,26.796666666666667,26.796666666666667,0.0,9.733333333333333,16.936666666666664,38.629999999999995,42.4,2.8523333333333336,59.57683896971611
60,7,8,73149.03,15,0,0.58,0.79,1,52.266666666666666,29.14,23.133333333333333,25.6,33.346666666666664,25.706666666666667,29.06,18.88133333333333,2.17,2.17,0.0,5.066666666666666,15.993333333333334,36.37,36.6,3.9153333333333338,13.68539645856916
50,5,8,33029.51,27,2,0.49,0.68,3,31.433333333333334,30.266666666666666,23.636666666666667,26.673333333333336,33.86,26.21333333333333,29.623333333333335,20.294,0.25666666666666665,0.25666666666666665,0.0,1.5666666666666667,17.416666666666668,36.85,46.166666666666664,4.651333333333333,17.833509156507542
78,1,4,66840.54,1,2,0.28,0.42,0,28.0,28.723333333333336,23.116666666666667,25.486666666666668,32.17,25.87,28.69,17.647333333333332,0.36333333333333334,0.36333333333333334,0.0,1.9333333333333333,15.229999999999999,31.986666666666668,63.63333333333333,3.8056666666666668,11.75207821357776
75,13,2,56101.26,19,1,0.45,0.27,4,5.866666666666666,29.353333333333335,22.573333333333334,25.69,33.15,24.793333333333333,28.433333333333334,21.775333333333332,0.010000000000000002,0.010000000000000002,0.0,0.1,13.416666666666666,29.13,59.266666666666666,4.743333333333334,9.461410649366224
9,18,8,34930.36,19,1,0.73,0.38,1,5.866666666666666,29.353333333333335,22.573333333333334,25.69,33.15,24.793333333333333,28.433333333333334,21.775333333333332,0.010000000000000002,0.010000000000000002,0.0,0.1,13.416666666666666,29.13,59.266666666666666,4.743333333333334,8.019763074033484
34,13,8,14323.05,26,1,0.73,0.33,4,39.1,30.076666666666664,23.236666666666668,26.336666666666666,34.57333333333334,26.676666666666666,30.05666666666667,19.670666666666666,0.9966666666666666,0.9966666666666666,0.0,3.7666666666666666,13.75,31.466666666666665,43.3,4.147,7.307170680156261
76,18,4,10347.47,13,1,0.43,0.24,3,53.06666666666667,29.246666666666666,22.82,25.64,34.93333333333333,26.636666666666667,30.086666666666666,19.803,2.06,2.06,0.0,2.966666666666667,12.696666666666665,30.290000000000003,71.5,3.99,10.692156622366184
35,5,3,83320.31,2,2,0.57,0.69,4,51.13333333333333,28.14,22.793333333333333,25.113333333333333,32.153333333333336,25.793333333333333,28.5,16.794333333333334,0.9433333333333334,0.9433333333333334,0.0,4.433333333333334,14.323333333333332,30.470000000000002,44.43333333333333,3.5106666666666664,16.14508918045434
1,13,2,91921.36,22,2,0.35,0.3,0,3.1,28.92,21.466666666666665,24.973333333333336,31.66,23.02,27.233333333333334,22.385333333333335,0.006666666666666667,0.006666666666666667,0.0,0.06666666666666667,14.120000000000001,31.016666666666666,38.13333333333333,4.736999999999999,11.87429865681642
40,4,9,65329.02,11,1,0.37,0.46,0,59.93333333333333,28.80666666666667,22.923333333333336,25.496666666666666,35.016666666666666,27.523333333333333,30.466666666666665,19.56833333333333,5.35,5.35,0.0,7.166666666666667,9.033333333333333,22.42666666666667,32.53333333333333,3.852333333333333,18.741064031046413
64,17,1,11239.98,7,1,0.22,0.41,2,51.733333333333334,27.433333333333334,22.92,24.993333333333332,31.34,25.946666666666665,28.846666666666668,12.513,5.489999999999999,5.489999999999999,0.0,6.7,13.476666666666667,25.9,78.1,2.6566666666666667,18.73072485017783
22,3,7,40800.69,1,1,0.92,0.89,1,28.0,28.723333333333336,23.116666666666667,25.486666666666668,32.17,25.87,28.69,17.647333333333332,0.36333333333333334,0.36333333333333334,0.0,1.9333333333333333,15.229999999999999,31.986666666666668,63.63333333333333,3.8056666666666668,12.07235557024837
60,17,5,73164.98,3,1,0.37,0.41,3,16.133333333333333,27.81,21.666666666666668,24.716666666666665,30.85,23.65666666666667,27.313333333333333,16.785666666666668,0.45666666666666667,0.45666666666666667,0.0,1.2666666666666666,14.893333333333334,32.52333333333333,167.1,3.701333333333333,8.654873854459717
64,11,8,78202.27,13,0,0.38,0.16,1,53.06666666666667,29.246666666666666,22.82,25.64,34.93333333333333,26.636666666666667,30.086666666666666,19.803,2.06,2.06,0.0,2.966666666666667,12.696666666666665,30.290000000000003,71.5,3.99,2.404181010056565
72,4,4,12703.64,15,2,0.42,0.17,4,52.266666666666666,29.14,23.133333333333333,25.6,33.346666666666664,25.706666666666667,29.06,18.88133333333333,2.17,2.17,0.0,5.066666666666666,15.993333333333334,36.37,36.6,3.9153333333333338,11.004145764771414
11,2,7,1003.04,18,0,0.3,0.57,3,47.2,29.173333333333332,22.970000000000002,25.62,33.92666666666666,25.826666666666664,29.123333333333335,19.062333333333335,2.3333333333333335,2.3333333333333335,0.0,2.8333333333333335,13.379999999999999,31.2,43.46666666666667,4.036,12.647288650883114
14,16,5,71501.57,1,1,0.71,0.58,3,28.0,28.723333333333336,23.116666666666667,25.486666666666668,32.17,25.87,28.69,17.647333333333332,0.36333333333333334,0.36333333333333334,0.0,1.9333333333333333,15.229999999999999,31.986666666666668,63.63333333333333,3.8056666666666668,12.365366904642913
60,18,5,36303.02,11,1,0.26,0.44,0,59.93333333333333,28.80666666666667,22.923333333333336,25.496666666666666,35.016666666666666,27.523333333333333,30.466666666666665,19.56833333333333,5.35,5.35,0.0,7.166666666666667,9.033333333333333,22.42666666666667,32.53333333333333,3.852333333333333,20.118186342677447
30,8,9,26193.65,28,1,0.31,0.45,4,17.566666666666666,30.466666666666665,23.623333333333335,26.623333333333335,33.553333333333335,25.996666666666666,29.15,19.854333333333333,0.5366666666666667,0.5366666666666667,0.0,1.8666666666666667,17.546666666666667,38.43666666666666,34.166666666666664,4.806333333333333,8.522869118639512
35,3,9,2276.85,13,0,0.72,0.14,0,53.06666666666667,29.246666666666666,22.82,25.64,34.93333333333333,26.636666666666667,30.086666666666666,19.803,2.06,2.06,0.0,2.966666666666667,12.696666666666665,30.290000000000003,71.5,3.99,5.7284329657870305
85,9,9,54489.64,5,2,0.47,0.51,0,10.066666666666666,27.833333333333332,21.18,24.46333333333333,30.046666666666667,23.053333333333335,26.186666666666667,20.332,0.07,0.07,0.0,0.43333333333333335,16.89666666666667,32.77,63.833333333333336,4.553333333333333,13.254596191364147
37,6,6,85263.92,12,1,0.77,0.5,2,56.333333333333336,28.956666666666667,23.14,25.56,35.406666666666666,27.62,30.503333333333334,18.640666666666668,2.9433333333333334,2.9433333333333334,0.0,7.466666666666667,8.383333333333333,23.90666666666667,115.3,3.710666666666667,13.649119632877852
5,10,6,95805.53,3,2,0.65,0.22,0,16.133333333333333,27.81,21.666666666666668,24.716666666666665,30.85,23.65666666666667,27.313333333333333,16.785666666666668,0.45666666666666667,0.45666666666666667,0.0,1.2666666666666666,14.893333333333334,32.52333333333333,167.1,3.701333333333333,12.808430785984058
83,10,5,57008.75,21,1,0.4,0.18,1,5.6,29.27,21.509999999999998,25.14333333333333,31.953333333333333,23.316666666666666,27.303333333333335,23.029999999999998,0.010000000000000002,0.010000000000000002,0.0,0.1,15.493333333333334,33.36,38.833333333333336,5.002666666666667,6.996043435863507
78,13,9,51931.67,17,2,0.72,0.2,3,53.9,27.946666666666665,23.273333333333333,25.183333333333334,32.056666666666665,26.423333333333336,28.69,15.520999999999999,3.066666666666667,3.066666666666667,0.0,5.566666666666666,12.430000000000001,30.836666666666666,36.06666666666667,3.293,15.201887072588837
26,17,8,9420.58,11,0,0.29,0.18,0,59.93333333333333,28.80666666666667,22.923333333333336,25.496666666666666,35.016666666666666,27.523333333333333,30.466666666666665,19.56833333333333,5.35,5.35,0.0,7.166666666666667,9.033333333333333,22.42666666666667,32.53333333333333,3.852333333333333,12.900328758491796
62,9,7,55338.41,19,2,0.63,0.59,1,5.866666666666666,29.353333333333335,22.573333333333334,25.69,33.15,24.793333333333333,28.433333333333334,21.775333333333332,0.010000000000000002,0.010000000000000002,0.0,0.1,13.416666666666666,29.13,59.266666666666666,4.743333333333334,14.412574211921328
4,17,7,38617.93,26,2,0.55,0.26,4,39.1,30.076666666666664,23.236666666666668,26.336666666666666,34.57333333333334,26.676666666666666,30.05666666666667,19.670666666666666,0.9966666666666666,0.9966666666666666,0.0,3.7666666666666666,13.75,31.466666666666665,43.3,4.147,9.050731030696898
89,9,6,61106.39,21,1,0.41,0.3,3,5.6,29.27,21.509999999999998,25.14333333333333,31.953333333333333,23.316666666666666,27.303333333333335,23.029999999999998,0.010000000000000002,0.010000000000000002,0.0,0.1,15.493333333333334,33.36,38.833333333333336,5.002666666666667,6.7492339262191035
42,9,5,39483.91,29,1,0.68,0.24,4,58.166666666666664,27.976666666666667,22.543333333333333,24.973333333333336,30.52,25.103333333333335,27.55666666666667,11.023666666666665,26.796666666666667,26.796666666666667,0.0,9.733333333333333,16.936666666666664,38.629999999999995,42.4,2.8523333333333336,58.95035696133664
89,1,4,24789.61,20,1,0.9,0.87,1,5.566666666666666,29.123333333333335,21.916666666666668,25.313333333333333,32.1,24.029999999999998,27.490000000000002,21.885666666666665,0.15,0.15,0.0,0.7,16.486666666666668,34.14666666666667,42.666666666666664,4.899,12.737569985157625
18,2,3,10401.56,18,1,1.0,0.78,4,47.2,29.173333333333332,22.970000000000002,25.62,33.92666666666666,25.826666666666664,29.123333333333335,19.062333333333335,2.3333333333333335,2.3333333333333335,0.0,2.8333333333333335,13.379999999999999,31.2,43.46666666666667,4.036,17.105016227337735
40,16,3,32176.93,7,2,0.69,0.28,4,51.733333333333334,27.433333333333334,22.92,24.993333333333332,31.34,25.946666666666665,28.846666666666668,12.513,5.489999999999999,5.489999999999999,0.0,6.7,13.476666666666667,25.9,78.1,2.6566666666666667,24.03652979027428
72,1,6,10567.84,6,2,0.52,0.36,4,23.533333333333335,28.206666666666667,21.740000000000002,25.15666666666667,31.94333333333333,24.066666666666666,27.883333333333333,18.336000000000002,1.1700000000000002,1.1700000000000002,0.0,1.3333333333333333,14.1,27.986666666666668,92.8,4.055000000000001,14.621264291900514
39,10,4,18512.8,15,1,0.38,0.27,0,52.266666666666666,29.14,23.133333333333333,25.6,33.346666666666664,25.706666666666667,29.06,18.88133333333333,2.17,2.17,0.0,5.066666666666666,15.993333333333334,36.37,36.6,3.9153333333333338,10.223231515325805
14,18,6,98746.28,18,0,0.41,0.49,0,47.2,29.173333333333332,22.970000000000002,25.62,33.92666666666666,25.826666666666664,29.123333333333335,19.062333333333335,2.3333333333333335,2.3333333333333335,0.0,2.8333333333333335,13.379999999999999,31.2,43.46666666666667,4.036,11.405540838700905
32,8,3,44966.25,5,1,0.58,0.12,0,10.066666666666666,27.833333333333332,21.18,24.46333333333333,30.046666666666667,23.053333333333335,26.186666666666667,20.332,0.07,0.07,0.0,0.43333333333333335,16.89666666666667,32.77,63.833333333333336,4.553333333333333,7.179033154879003
51,11,4,53655.3,19,1,0.49,0.64,3,5.866666666666666,29.353333333333335,22.573333333333334,25.69,33.15,24.793333333333333,28.433333333333334,21.775333333333332,0.010000000000000002,0.010000000000000002,0.0,0.1,13.416666666666666,29.13,59.266666666666666,4.743333333333334,12.586950524369152
38,2,9,87488.23,26,1,0.93,0.52,1,39.1,30.076666666666664,23.236666666666668,26.336666666666666,34.57333333333334,26.676666666666666,30.05666666666667,19.670666666666666,0.9966666666666666,0.9966666666666666,0.0,3.7666666666666666,13.75,31.466666666666665,43.3,4.147,11.822778888213595
23,8,5,99561.32,20,1,0.49,0.82,0,5.566666666666666,29.123333333333335,21.916666666666668,25.313333333333333,32.1,24.029999999999998,27.490000000000002,21.885666666666665,0.15,0.15,0.0,0.7,16.486666666666668,34.14666666666667,42.666666666666664,4.899,12.66959483344164
63,8,7,58688.73,10,1,0.5,0.23,4,39.7,28.83,22.253333333333334,25.67,34.913333333333334,26.383333333333333,30.616666666666667,20.032666666666668,0.5633333333333332,0.5633333333333332,0.0,3.1,7.319999999999999,18.490000000000002,163.93333333333334,3.975333333333333,8.434001637087052
15,17,2,81434.91,4,1,0.51,0.74,4,6.366666666666666,27.506666666666668,21.0,24.19,30.02,22.923333333333336,26.07,22.589666666666666,0.07666666666666666,0.07666666666666666,0.0,0.4666666666666667,15.903333333333332,32.46666666666667,145.63333333333333,4.755333333333334,13.123561411465955
25,15,5,33367.16,15,1,0.87,0.73,4,52.266666666666666,29.14,23.133333333333333,25.6,33.346666666666664,25.706666666666667,29.06,18.88133333333333,2.17,2.17,0.0,5.066666666666666,15.993333333333334,36.37,36.6,3.9153333333333338,17.9427898300416
17,17,9,31268.65,6,0,0.72,0.2,4,23.533333333333335,28.206666666666667,21.740000000000002,25.15666666666667,31.94333333333333,24.066666666666666,27.883333333333333,18.336000000000002,1.1700000000000002,1.1700000000000002,0.0,1.3333333333333333,14.1,27.986666666666668,92.8,4.055000000000001,5.692757702522955
66,13,3,40867.67,26,1,0.69,0.42,2,39.1,30.076666666666664,23.236666666666668,26.336666666666666,34.57333333333334,26.676666666666666,30.05666666666667,19.670666666666666,0.9966666666666666,0.9966666666666666,0.0,3.7666666666666666,13.75,31.466666666666665,43.3,4.147,12.107662406312336
78,19,9,67578.22,4,1,0.47,0.24,3,6.366666666666666,27.506666666666668,21.0,24.19,30.02,22.923333333333336,26.07,22.589666666666666,0.07666666666666666,0.07666666666666666,0.0,0.4666666666666667,15.903333333333332,32.46666666666667,145.63333333333333,4.755333333333334,5.730480515992481
53,5,6,68536.98,10,1,0.85,0.3,1,39.7,28.83,22.253333333333334,25.67,34.913333333333334,26.383333333333333,30.616666666666667,20.032666666666668,0.5633333333333332,0.5633333333333332,0.0,3.1,7.319999999999999,18.490000000000002,163.93333333333334,3.975333333333333,10.202757765118156
51,12,4,32208.7,14,2,0.23,0.31,1,6.0,29.163333333333334,22.779999999999998,25.636666666666667,32.87,25.456666666666667,28.433333333333334,21.76066666666667,0.05,0.05,0.0,0.23333333333333334,14.883333333333333,31.34333333333333,45.7,4.713666666666667,11.1163994070386
39,1,7,14187.78,2,1,0.9,0.54,0,51.13333333333333,28.14,22.793333333333333,25.113333333333333,32.153333333333336,25.793333333333333,28.5,16.794333333333334,0.9433333333333334,0.9433333333333334,0.0,4.433333333333334,14.323333333333332,30.470000000000002,44.43333333333333,3.5106666666666664,14.979557975604566
51,5,8,63607.23,25,0,0.61,0.43,2,4.433333333333334,30.363333333333333,22.87,26.34,34.72666666666667,26.243333333333332,29.9,22.631666666666668,0.060000000000000005,0.060000000000000005,0.0,0.4,10.770000000000001,25.31,61.43333333333333,4.747333333333333,4.246218272865649
70,8,6,13704.26,4,2,0.52,0.86,1,6.366666666666666,27.506666666666668,21.0,24.19,30.02,22.923333333333336,26.07,22.589666666666666,0.07666666666666666,0.07666666666666666,0.0,0.4666666666666667,15.903333333333332,32.46666666666667,145.63333333333333,4.755333333333334,20.07727903808121
6,13,5,58270.76,22,2,0.6,0.2,3,3.1,28.92,21.466666666666665,24.973333333333336,31.66,23.02,27.233333333333334,22.385333333333335,0.006666666666666667,0.006666666666666667,0.0,0.06666666666666667,14.120000000000001,31.016666666666666,38.13333333333333,4.736999999999999,9.710199508527305
67,8,6,69648.79,20,2,0.73,0.88,4,5.566666666666666,29.123333333333335,21.916666666666668,25.313333333333333,32.1,24.029999999999998,27.490000000000002,21.885666666666665,0.15,0.15,0.0,0.7,16.486666666666668,34.14666666666667,42.666666666666664,4.899,16.882872994578328
7,11,5,70360.54,4,1,0.21,0.28,0,6.366666666666666,27.506666666666668,21.0,24.19,30.02,22.923333333333336,26.07,22.589666666666666,0.07666666666666666,0.07666666666666666,0.0,0.4666666666666667,15.903333333333332,32.46666666666667,145.63333333333333,4.755333333333334,6.287504582251851
51,1,8,75593.74,8,1,0.9,0.72,3,56.06666666666667,28.55666666666667,22.85666666666667,25.453333333333333,34.406666666666666,26.990000000000002,30.283333333333335,17.662333333333333,3.2766666666666664,3.2766666666666664,0.0,6.733333333333333,11.053333333333335,28.49,146.4,3.4739999999999998,18.212812371041856
72,13,1,87413.08,14,1,0.56,0.37,1,6.0,29.163333333333334,22.779999999999998,25.636666666666667,32.87,25.456666666666667,28.433333333333334,21.76066666666667,0.05,0.05,0.0,0.23333333333333334,14.883333333333333,31.34333333333333,45.7,4.713666666666667,8.676248919602873
42,19,7,50495.94,2,2,0.47,0.21,2,51.13333333333333,28.14,22.793333333333333,25.113333333333333,32.153333333333336,25.793333333333333,28.5,16.794333333333334,0.9433333333333334,0.9433333333333334,0.0,4.433333333333334,14.323333333333332,30.470000000000002,44.43333333333333,3.5106666666666664,12.190919898719915
64,3,2,73294.67,28,1,0.31,0.79,0,17.566666666666666,30.466666666666665,23.623333333333335,26.623333333333335,33.553333333333335,25.996666666666666,29.15,19.854333333333333,0.5366666666666667,0.5366666666666667,0.0,1.8666666666666667,17.546666666666667,38.43666666666666,34.166666666666664,4.806333333333333,13.192783327425467
15,17,9,62298.1,5,1,0.55,0.35,1,10.066666666666666,27.833333333333332,21.18,24.46333333333333,30.046666666666667,23.053333333333335,26.186666666666667,20.332,0.07,0.07,0.0,0.43333333333333335,16.89666666666667,32.77,63.833333333333336,4.553333333333333,7.803468111608526
29,5,1,19477.35,16,0,0.6,0.63,0,52.03333333333333,28.456666666666667,23.496666666666666,25.516666666666666,31.80666666666667,26.57,28.706666666666667,16.343333333333334,2.46,2.46,0.0,4.533333333333333,17.233333333333334,38.15,29.433333333333334,3.5396666666666667,15.693405537917796
33,8,6,3543.27,25,1,0.52,0.55,1,4.433333333333334,30.363333333333333,22.87,26.34,34.72666666666667,26.243333333333332,29.9,22.631666666666668,0.060000000000000005,0.060000000000000005,0.0,0.4,10.770000000000001,25.31,61.43333333333333,4.747333333333333,12.811314755151068
27,14,9,29169.6,20,0,0.74,0.48,4,5.566666666666666,29.123333333333335,21.916666666666668,25.313333333333333,32.1,24.029999999999998,27.490000000000002,21.885666666666665,0.15,0.15,0.0,0.7,16.486666666666668,34.14666666666667,42.666666666666664,4.899,6.714485504511048
36,4,1,44860.34,7,2,0.54,0.5,2,51.733333333333334,27.433333333333334,22.92,24.993333333333332,31.34,25.946666666666665,28.846666666666668,12.513,5.489999999999999,5.489999999999999,0.0,6.7,13.476666666666667,25.9,78.1,2.6566666666666667,24.037005217252297
29,11,4,62093.49,20,1,0.97,0.69,4,5.566666666666666,29.123333333333335,21.916666666666668,25.313333333333333,32.1,24.029999999999998,27.490000000000002,21.885666666666665,0.15,0.15,0.0,0.7,16.486666666666668,34.14666666666667,42.666666666666664,4.899,12.26004699007739
38,15,4,85145.97,24,1,0.68,0.17,1,9.066666666666666,29.613333333333333,22.453333333333333,25.956666666666667,33.31666666666667,25.69333333333333,29.25,20.462333333333333,0.05,0.05,0.0,0.36666666666666664,11.733333333333333,27.533333333333335,38.833333333333336,4.350666666666667,6.560276959095626
57,19,9,20428.33,10,1,0.85,0.63,3,39.7,28.83,22.253333333333334,25.67,34.913333333333334,26.383333333333333,30.616666666666667,20.032666666666668,0.5633333333333332,0.5633333333333332,0.0,3.1,7.319999999999999,18.490000000000002,163.93333333333334,3.975333333333333,10.652477818869059
27,7,5,13429.43,5,2,0.29,0.82,4,10.066666666666666,27.833333333333332,21.18,24.46333333333333,30.046666666666667,23.053333333333335,26.186666666666667,20.332,0.07,0.07,0.0,0.43333333333333335,16.89666666666667,32.77,63.833333333333336,4.553333333333333,16.593935193864983
55,19,5,96384.51,7,2,0.52,0.15,3,51.733333333333334,27.433333333333334,22.92,24.993333333333332,31.34,25.946666666666665,28.846666666666668,12.513,5.489999999999999,5.489999999999999,0.0,6.7,13.476666666666667,25.9,78.1,2.6566666666666667,17.277123889183613
33,19,6,11696.41,9,2,0.47,0.21,1,44.233333333333334,29.076666666666664,22.41,25.60666666666667,34.63666666666666,26.59,30.316666666666666,19.968999999999998,1.12,1.12,0.0,2.466666666666667,8.346666666666668,21.183333333333334,82.76666666666667,3.96,12.358834683907919
68,11,1,48370.62,23,0,0.66,0.67,2,14.066666666666666,28.873333333333335,21.959999999999997,25.516666666666666,32.5,24.633333333333333,28.56,19.76833333333333,0.14666666666666667,0.14666666666666667,0.0,0.8333333333333334,9.656666666666666,23.10666666666667,104.53333333333333,4.1690000000000005,9.304127242887446
86,5,1,58970.81,28,2,0.89,0.45,3,17.566666666666666,30.466666666666665,23.623333333333335,26.623333333333335,33.553333333333335,25.996666666666666,29.15,19.854333333333333,0.5366666666666667,0.5366666666666667,0.0,1.8666666666666667,17.546666666666667,38.43666666666666,34.166666666666664,4.806333333333333,12.748553639884273
66,5,9,54596.07,2,1,0.26,0.42,1,51.13333333333333,28.14,22.793333333333333,25.113333333333333,32.153333333333336,25.793333333333333,28.5,16.794333333333334,0.9433333333333334,0.9433333333333334,0.0,4.433333333333334,14.323333333333332,30.470000000000002,44.43333333333333,3.5106666666666664,12.787646811601714
10,8,3,9517.18,22,1,0.26,0.21,3,3.1,28.92,21.466666666666665,24.973333333333336,31.66,23.02,27.233333333333334,22.385333333333335,0.006666666666666667,0.006666666666666667,0.0,0.06666666666666667,14.120000000000001,31.016666666666666,38.13333333333333,4.736999999999999,4.194684838829821
5,10,4,6645.66,13,0,0.88,0.51,4,53.06666666666667,29.246666666666666,22.82,25.64,34.93333333333333,26.636666666666667,30.086666666666666,19.803,2.06,2.06,0.0,2.966666666666667,12.696666666666665,30.290000000000003,71.5,3.99,8.043437679685269
74,6,1,11442.86,22,1,0.37,0.2,1,3.1,28.92,21.466666666666665,24.973333333333336,31.66,23.02,27.233333333333334,22.385333333333335,0.006666666666666667,0.006666666666666667,0.0,0.06666666666666667,14.120000000000001,31.016666666666666,38.13333333333333,4.736999999999999,6.250011061173292
38,15,9,58973.18,13,1,0.74,0.48,4,53.06666666666667,29.246666666666666,22.82,25.64,34.93333333333333,26.636666666666667,30.086666666666666,19.803,2.06,2.06,0.0,2.966666666666667,12.696666666666665,30.290000000000003,71.5,3.99,14.950647453918231
13,16,8,54890.14,9,2,0.63,0.71,0,44.233333333333334,29.076666666666664,22.41,25.60666666666667,34.63666666666666,26.59,30.316666666666666,19.968999999999998,1.12,1.12,0.0,2.466666666666667,8.346666666666668,21.183333333333334,82.76666666666667,3.96,20.2858915371868
31,17,2,24140.34,11,1,0.87,0.31,1,59.93333333333333,28.80666666666667,22.923333333333336,25.496666666666666,35.016666666666666,27.523333333333333,30.466666666666665,19.56833333333333,5.35,5.35,0.0,7.166666666666667,9.033333333333333,22.42666666666667,32.53333333333333,3.852333333333333,17.23167360569659
47,8,8,64139.64,5,0,0.3,0.48,3,10.066666666666666,27.833333333333332,21.18,24.46333333333333,30.046666666666667,23.053333333333335,26.186666666666667,20.332,0.07,0.07,0.0,0.43333333333333335,16.89666666666667,32.77,63.833333333333336,4.553333333333333,7.518021250146942
88,8,7,82186.68,11,2,0.3,0.89,0,59.93333333333333,28.80666666666667,22.923333333333336,25.496666666666666,35.016666666666666,27.523333333333333,30.466666666666665,19.56833333333333,5.35,5.35,0.0,7.166666666666667,9.033333333333333,22.42666666666667,32.53333333333333,3.852333333333333,28.322237295748938
52,9,6,5116.32,22,1,0.65,0.65,4,3.1,28.92,21.466666666666665,24.973333333333336,31.66,23.02,27.233333333333334,22.385333333333335,0.006666666666666667,0.006666666666666667,0.0,0.06666666666666667,14.120000000000001,31.016666666666666,38.13333333333333,4.736999999999999,11.054392383422105
56,2,1,50314.86,13,0,0.96,0.77,4,53.06666666666667,29.246666666666666,22.82,25.64,34.93333333333333,26.636666666666667,30.086666666666666,19.803,2.06,2.06,0.0,2.966666666666667,12.696666666666665,30.290000000000003,71.5,3.99,14.685489906230007
15,15,7,69241.73,1,1,0.53,0.43,3,28.0,28.723333333333336,23.116666666666667,25.486666666666668,32.17,25.87,28.69,17.647333333333332,0.36333333333333334,0.36333333333333334,0.0,1.9333333333333333,15.229999999999999,31.986666666666668,63.63333333333333,3.8056666666666668,10.365150984286796
29,18,7,25978.88,8,1,0.46,0.71,0,56.06666666666667,28.55666666666667,22.85666666666667,25.453333333333333,34.406666666666666,26.990000000000002,30.283333333333335,17.662333333333333,3.2766666666666664,3.2766666666666664,0.0,6.733333333333333,11.053333333333335,28.49,146.4,3.4739999999999998,16.208745097856955
8,3,9,31469.32,9,1,0.69,0.13,2,44.233333333333334,29.076666666666664,22.41,25.60666666666667,34.63666666666666,26.59,30.316666666666666,19.968999999999998,1.12,1.12,0.0,2.466666666666667,8.346666666666668,21.183333333333334,82.76666666666667,3.96,9.514810524588844
5,17,1,61750.15,25,1,0.94,0.2,3,4.433333333333334,30.363333333333333,22.87,26.34,34.72666666666667,26.243333333333332,29.9,22.631666666666668,0.060000000000000005,0.060000000000000005,0.0,0.4,10.770000000000001,25.31,61.43333333333333,4.747333333333333,8.090137031221179
29,4,2,89895.59,16,1,0.87,0.26,4,52.03333333333333,28.456666666666667,23.496666666666666,25.516666666666666,31.80666666666667,26.57,28.706666666666667,16.343333333333334,2.46,2.46,0.0,4.533333333333333,17.233333333333334,38.15,29.433333333333334,3.5396666666666667,10.601655947735704
47,4,9,81182.52,16,1,1.0,0.42,1,52.03333333333333,28.456666666666667,23.496666666666666,25.516666666666666,31.80666666666667,26.57,28.706666666666667,16.343333333333334,2.46,2.46,0.0,4.533333333333333,17.233333333333334,38.15,29.433333333333334,3.5396666666666667,14.053705300156114
68,14,9,58729.89,2,1,0.22,0.78,0,51.13333333333333,28.14,22.793333333333333,25.113333333333333,32.153333333333336,25.793333333333333,28.5,16.794333333333334,0.9433333333333334,0.9433333333333334,0.0,4.433333333333334,14.323333333333332,30.470000000000002,44.43333333333333,3.5106666666666664,15.487711946090775
76,9,6,73291.95,29,1,0.29,0.38,2,58.166666666666664,27.976666666666667,22.543333333333333,24.973333333333336,30.52,25.103333333333335,27.55666666666667,11.023666666666665,26.796666666666667,26.796666666666667,0.0,9.733333333333333,16.936666666666664,38.629999999999995,42.4,2.8523333333333336,62.04434398206919
45,9,6,37117.42,18,2,0.69,0.62,1,47.2,29.173333333333332,22.970000000000002,25.62,33.92666666666666,25.826666666666664,29.123333333333335,19.062333333333335,2.3333333333333335,2.3333333333333335,0.0,2.8333333333333335,13.379999999999999,31.2,43.46666666666667,4.036,18.28120893589854
2,18,4,64455.59,0,0,0.86,0.67,0,9.933333333333334,28.84,22.483333333333334,25.506666666666668,32.15,24.89333333333333,28.2,19.875,0.05,0.05,0.0,0.26666666666666666,15.586666666666666,33.75,44.266666666666666,4.4093333333333335,7.132564948092924
27,10,4,47151.98,11,1,0.43,0.57,3,59.93333333333333,28.80666666666667,22.923333333333336,25.496666666666666,35.016666666666666,27.523333333333333,30.466666666666665,19.56833333333333,5.35,5.35,0.0,7.166666666666667,9.033333333333333,22.42666666666667,32.53333333333333,3.852333333333333,21.001668893512832
36,4,5,19803.68,6,1,0.39,0.39,3,23.533333333333335,28.206666666666667,21.740000000000002,25.15666666666667,31.94333333333333,24.066666666666666,27.883333333333333,18.336000000000002,1.1700000000000002,1.1700000000000002,0.0,1.3333333333333333,14.1,27.986666666666668,92.8,4.055000000000001,12.279093528889046
36,12,3,70472.09,3,1,0.83,0.56,0,16.133333333333333,27.81,21.666666666666668,24.716666666666665,30.85,23.65666666666667,27.313333333333333,16.785666666666668,0.45666666666666667,0.45666666666666667,0.0,1.2666666666666666,14.893333333333334,32.52333333333333,167.1,3.701333333333333,11.94873356522498
26,8,1,56090.0,9,1,0.25,0.37,2,44.233333333333334,29.076666666666664,22.41,25.60666666666667,34.63666666666666,26.59,30.316666666666666,19.968999999999998,1.12,1.12,0.0,2.466666666666667,8.346666666666668,21.183333333333334,82.76666666666667,3.96,9.62407850187084
43,2,1,36503.54,12,2,0.5,0.17,0,56.333333333333336,28.956666666666667,23.14,25.56,35.406666666666666,27.62,30.503333333333334,18.640666666666668,2.9433333333333334,2.9433333333333334,0.0,7.466666666666667,8.383333333333333,23.90666666666667,115.3,3.710666666666667,16.084214732639182
27,13,7,91222.58,1,2,0.6,0.89,1,28.0,28.723333333333336,23.116666666666667,25.486666666666668,32.17,25.87,28.69,17.647333333333332,0.36333333333333334,0.36333333333333334,0.0,1.9333333333333333,15.229999999999999,31.986666666666668,63.63333333333333,3.8056666666666668,14.133852735721554
69,16,1,3072.48,9,1,0.65,0.2,1,44.233333333333334,29.076666666666664,22.41,25.60666666666667,34.63666666666666,26.59,30.316666666666666,19.968999999999998,1.12,1.12,0.0,2.466666666666667,8.346666666666668,21.183333333333334,82.76666666666667,3.96,9.863148550558156
20,2,1,32261.54,20,1,0.78,0.16,3,5.566666666666666,29.123333333333335,21.916666666666668,25.313333333333333,32.1,24.029999999999998,27.490000000000002,21.885666666666665,0.15,0.15,0.0,0.7,16.486666666666668,34.14666666666667,42.666666666666664,4.899,3.1104293318328504
11,11,3,6631.26,21,1,0.48,0.8,0,5.6,29.27,21.509999999999998,25.14333333333333,31.953333333333333,23.316666666666666,27.303333333333335,23.029999999999998,0.010000000000000002,0.010000000000000002,0.0,0.1,15.493333333333334,33.36,38.833333333333336,5.002666666666667,12.576338587895302
74,10,4,76886.2,24,2,0.69,0.34,3,9.066666666666666,29.613333333333333,22.453333333333333,25.956666666666667,33.31666666666667,25.69333333333333,29.25,20.462333333333333,0.05,0.05,0.0,0.36666666666666664,11.733333333333333,27.533333333333335,38.833333333333336,4.350666666666667,9.500495158060783
38,15,4,70508.64,3,1,0.67,0.62,2,16.133333333333333,27.81,21.666666666666668,24.716666666666665,30.85,23.65666666666667,27.313333333333333,16.785666666666668,0.45666666666666667,0.45666666666666667,0.0,1.2666666666666666,14.893333333333334,32.52333333333333,167.1,3.701333333333333,9.911311119751973
6,17,2,33803.87,17,0,0.64,0.36,1,53.9,27.946666666666665,23.273333333333333,25.183333333333334,32.056666666666665,26.423333333333336,28.69,15.520999999999999,3.066666666666667,3.066666666666667,0.0,5.566666666666666,12.430000000000001,30.836666666666666,36.06666666666667,3.293,12.194573514401112
72,8,1,67890.63,4,2,0.71,0.41,4,6.366666666666666,27.506666666666668,21.0,24.19,30.02,22.923333333333336,26.07,22.589666666666666,0.07666666666666666,0.07666666666666666,0.0,0.4666666666666667,15.903333333333332,32.46666666666667,145.63333333333333,4.755333333333334,11.371781531365498
23,18,3,40197.79,18,1,0.41,0.31,4,47.2,29.173333333333332,22.970000000000002,25.62,33.92666666666666,25.826666666666664,29.123333333333335,19.062333333333335,2.3333333333333335,2.3333333333333335,0.0,2.8333333333333335,13.379999999999999,31.2,43.46666666666667,4.036,12.40642248926274
47,9,4,75869.13,1,2,0.27,0.37,0,28.0,28.723333333333336,23.116666666666667,25.486666666666668,32.17,25.87,28.69,17.647333333333332,0.36333333333333334,0.36333333333333334,0.0,1.9333333333333333,15.229999999999999,31.986666666666668,63.63333333333333,3.8056666666666668,12.096285798347889
46,8,3,45964.18,11,0,0.3,0.43,0,59.93333333333333,28.80666666666667,22.923333333333336,25.496666666666666,35.016666666666666,27.523333333333333,30.466666666666665,19.56833333333333,5.35,5.35,0.0,7.166666666666667,9.033333333333333,22.42666666666667,32.53333333333333,3.852333333333333,16.57556124083468
12,14,8,41815.69,16,2,0.38,0.68,4,52.03333333333333,28.456666666666667,23.496666666666666,25.516666666666666,31.80666666666667,26.57,28.706666666666667,16.343333333333334,2.46,2.46,0.0,4.533333333333333,17.233333333333334,38.15,29.433333333333334,3.5396666666666667,20.19523283659038
13,18,1,93538.26,9,1,0.6,0.51,0,44.233333333333334,29.076666666666664,22.41,25.60666666666667,34.63666666666666,26.59,30.316666666666666,19.968999999999998,1.12,1.12,0.0,2.466666666666667,8.346666666666668,21.183333333333334,82.76666666666667,3.96,9.935511663717145
62,12,2,25837.03,1,1,0.87,0.85,1,28.0,28.723333333333336,23.116666666666667,25.486666666666668,32.17,25.87,28.69,17.647333333333332,0.36333333333333334,0.36333333333333334,0.0,1.9333333333333333,15.229999999999999,31.986666666666668,63.63333333333333,3.8056666666666668,15.921066895837376
82,19,7,12924.29,5,0,0.76,0.13,2,10.066666666666666,27.833333333333332,21.18,24.46333333333333,30.046666666666667,23.053333333333335,26.186666666666667,20.332,0.07,0.07,0.0,0.43333333333333335,16.89666666666667,32.77,63.833333333333336,4.553333333333333,0.9593651252580314
89,14,4,58869.77,7,2,0.83,0.5,2,51.733333333333334,27.433333333333334,22.92,24.993333333333332,31.34,25.946666666666665,28.846666666666668,12.513,5.489999999999999,5.489999999999999,0.0,6.7,13.476666666666667,25.9,78.1,2.6566666666666667,21.64512715201037
60,17,8,96962.86,28,2,0.48,0.57,3,17.566666666666666,30.466666666666665,23.623333333333335,26.623333333333335,33.553333333333335,25.996666666666666,29.15,19.854333333333333,0.5366666666666667,0.5366666666666667,0.0,1.8666666666666667,17.546666666666667,38.43666666666666,34.166666666666664,4.806333333333333,14.271160591884465
43,3,3,38406.08,18,0,0.52,0.84,1,47.2,29.173333333333332,22.970000000000002,25.62,33.92666666666666,25.826666666666664,29.123333333333335,19.062333333333335,2.3333333333333335,2.3333333333333335,0.0,2.8333333333333335,13.379999999999999,31.2,43.46666666666667,4.036,16.997806352618134
76,7,6,7141.64,10,0,0.51,0.14,0,39.7,28.83,22.253333333333334,25.67,34.913333333333334,26.383333333333333,30.616666666666667,20.032666666666668,0.5633333333333332,0.5633333333333332,0.0,3.1,7.319999999999999,18.490000000000002,163.93333333333334,3.975333333333333,4.081999279836906
68,17,9,34591.22,24,0,0.35,0.56,0,9.066666666666666,29.613333333333333,22.453333333333333,25.956666666666667,33.31666666666667,25.69333333333333,29.25,20.462333333333333,0.05,0.05,0.0,0.36666666666666664,11.733333333333333,27.533333333333335,38.833333333333336,4.350666666666667,6.2970217983882115
5,12,1,51087.23,11,1,0.25,0.78,3,59.93333333333333,28.80666666666667,22.923333333333336,25.496666666666666,35.016666666666666,27.523333333333333,30.466666666666665,19.56833333333333,5.35,5.35,0.0,7.166666666666667,9.033333333333333,22.42666666666667,32.53333333333333,3.852333333333333,23.036113443522357
37,9,1,17030.38,8,2,0.67,0.29,3,56.06666666666667,28.55666666666667,22.85666666666667,25.453333333333333,34.406666666666666,26.990000000000002,30.283333333333335,17.662333333333333,3.2766666666666664,3.2766666666666664,0.0,6.733333333333333,11.053333333333335,28.49,146.4,3.4739999999999998,16.550880756507258
72,15,8,66152.12,1,2,0.99,0.8,0,28.0,28.723333333333336,23.116666666666667,25.486666666666668,32.17,25.87,28.69,17.647333333333332,0.36333333333333334,0.36333333333333334,0.0,1.9333333333333333,15.229999999999999,31.986666666666668,63.63333333333333,3.8056666666666668,20.44178864200793
31,18,3,99777.19,7,2,0.33,0.12,0,51.733333333333334,27.433333333333334,22.92,24.993333333333332,31.34,25.946666666666665,28.846666666666668,12.513,5.489999999999999,5.489999999999999,0.0,6.7,13.476666666666667,25.9,78.1,2.6566666666666667,19.992903178347326
9,13,5,45722.21,25,2,0.24,0.69,1,4.433333333333334,30.363333333333333,22.87,26.34,34.72666666666667,26.243333333333332,29.9,22.631666666666668,0.060000000000000005,0.060000000000000005,0.0,0.4,10.770000000000001,25.31,61.43333333333333,4.747333333333333,16.045062470786604
51,8,1,36118.13,10,1,0.82,0.85,3,39.7,28.83,22.253333333333334,25.67,34.913333333333334,26.383333333333333,30.616666666666667,20.032666666666668,0.5633333333333332,0.5633333333333332,0.0,3.1,7.319999999999999,18.490000000000002,163.93333333333334,3.975333333333333,16.37209184771443
29,14,5,40669.71,27,2,0.4,0.63,1,31.433333333333334,30.266666666666666,23.636666666666667,26.673333333333336,33.86,26.21333333333333,29.623333333333335,20.294,0.25666666666666665,0.25666666666666665,0.0,1.5666666666666667,17.416666666666668,36.85,46.166666666666664,4.651333333333333,15.431517071873104
78,8,6,12399.47,20,2,0.86,0.45,0,5.566666666666666,29.123333333333335,21.916666666666668,25.313333333333333,32.1,24.029999999999998,27.490000000000002,21.885666666666665,0.15,0.15,0.0,0.7,16.486666666666668,34.14666666666667,42.666666666666664,4.899,12.311436781268945
40,14,8,88444.09,3,1,0.76,0.14,4,16.133333333333333,27.81,21.666666666666668,24.716666666666665,30.85,23.65666666666667,27.313333333333333,16.785666666666668,0.45666666666666667,0.45666666666666667,0.0,1.2666666666666666,14.893333333333334,32.52333333333333,167.1,3.701333333333333,5.798808559705867
41,7,3,42067.74,9,1,0.96,0.84,4,44.233333333333334,29.076666666666664,22.41,25.60666666666667,34.63666666666666,26.59,30.316666666666666,19.968999999999998,1.12,1.12,0.0,2.466666666666667,8.346666666666668,21.183333333333334,82.76666666666667,3.96,15.712598110878904
86,12,3,39340.17,20,1,0.53,0.48,0,5.566666666666666,29.123333333333335,21.916666666666668,25.313333333333333,32.1,24.029999999999998,27.490000000000002,21.885666666666665,0.15,0.15,0.0,0.7,16.486666666666668,34.14666666666667,42.666666666666664,4.899,9.504166645235236
11,11,9,66309.34,19,1,0.73,0.12,3,5.866666666666666,29.353333333333335,22.573333333333334,25.69,33.15,24.793333333333333,28.433333333333334,21.775333333333332,0.010000000000000002,0.010000000000000002,0.0,0.1,13.416666666666666,29.13,59.266666666666666,4.743333333333334,6.05144431545547
23,11,4,44761.31,15,1,0.57,0.65,4,52.266666666666666,29.14,23.133333333333333,25.6,33.346666666666664,25.706666666666667,29.06,18.88133333333333,2.17,2.17,0.0,5.066666666666666,15.993333333333334,36.37,36.6,3.9153333333333338,15.71791882871095
1,13,4,65175.11,7,1,0.7,0.49,3,51.733333333333334,27.433333333333334,22.92,24.993333333333332,31.34,25.946666666666665,28.846666666666668,12.513,5.489999999999999,5.489999999999999,0.0,6.7,13.476666666666667,25.9,78.1,2.6566666666666667,21.45896011582337
46,18,7,7083.18,3,2,0.56,0.2,4,16.133333333333333,27.81,21.666666666666668,24.716666666666665,30.85,23.65666666666667,27.313333333333333,16.785666666666668,0.45666666666666667,0.45666666666666667,0.0,1.2666666666666666,14.893333333333334,32.52333333333333,167.1,3.701333333333333,10.19225846317046
21,2,2,81558.61,28,2,0.35,0.27,3,17.566666666666666,30.466666666666665,23.623333333333335,26.623333333333335,33.553333333333335,25.996666666666666,29.15,19.854333333333333,0.5366666666666667,0.5366666666666667,0.0,1.8666666666666667,17.546666666666667,38.43666666666666,34.166666666666664,4.806333333333333,11.43128611880747
36,15,8,94109.89,9,2,0.61,0.15,4,44.233333333333334,29.076666666666664,22.41,25.60666666666667,34.63666666666666,26.59,30.316666666666666,19.968999999999998,1.12,1.12,0.0,2.466666666666667,8.346666666666668,21.183333333333334,82.76666666666667,3.96,8.042698973201837
54,18,6,65227.77,11,0,0.62,0.56,3,59.93333333333333,28.80666666666667,22.923333333333336,25.496666666666666,35.016666666666666,27.523333333333333,30.466666666666665,19.56833333333333,5.35,5.35,0.0,7.166666666666667,9.033333333333333,22.42666666666667,32.53333333333333,3.852333333333333,18.794491512053725
87,15,3,95502.03,28,1,0.85,0.6,1,17.566666666666666,30.466666666666665,23.623333333333335,26.623333333333335,33.553333333333335,25.996666666666666,29.15,19.854333333333333,0.5366666666666667,0.5366666666666667,0.0,1.8666666666666667,17.546666666666667,38.43666666666666,34.166666666666664,4.806333333333333,12.293066047180323
57,19,9,15991.8,13,1,0.79,0.5,3,53.06666666666667,29.246666666666666,22.82,25.64,34.93333333333333,26.636666666666667,30.086666666666666,19.803,2.06,2.06,0.0,2.966666666666667,12.696666666666665,30.290000000000003,71.5,3.99,15.117015164789478
1,12,5,48264.2,15,0,0.73,0.75,1,52.266666666666666,29.14,23.133333333333333,25.6,33.346666666666664,25.706666666666667,29.06,18.88133333333333,2.17,2.17,0.0,5.066666666666666,15.993333333333334,36.37,36.6,3.9153333333333338,8.995616932709467
63,13,8,60578.87,21,1,0.29,0.79,1,5.6,29.27,21.509999999999998,25.14333333333333,31.953333333333333,23.316666666666666,27.303333333333335,23.029999999999998,0.010000000000000002,0.010000000000000002,0.0,0.1,15.493333333333334,33.36,38.833333333333336,5.002666666666667,16.132562057171093
54,11,7,58591.93,17,0,0.78,0.59,0,53.9,27.946666666666665,23.273333333333333,25.183333333333334,32.056666666666665,26.423333333333336,28.69,15.520999999999999,3.066666666666667,3.066666666666667,0.0,5.566666666666666,12.430000000000001,30.836666666666666,36.06666666666667,3.293,13.003948891100574
55,5,8,40744.72,20,0,0.6,0.11,1,5.566666666666666,29.123333333333335,21.916666666666668,25.313333333333333,32.1,24.029999999999998,27.490000000000002,21.885666666666665,0.15,0.15,0.0,0.7,16.486666666666668,34.14666666666667,42.666666666666664,4.899,3.282274225106275
40,1,7,34470.36,21,2,0.92,0.66,2,5.6,29.27,21.509999999999998,25.14333333333333,31.953333333333333,23.316666666666666,27.303333333333335,23.029999999999998,0.010000000000000002,0.010000000000000002,0.0,0.1,15.493333333333334,33.36,38.833333333333336,5.002666666666667,13.380141109311703
15,3,3,13555.58,20,0,0.94,0.43,1,5.566666666666666,29.123333333333335,21.916666666666668,25.313333333333333,32.1,24.029999999999998,27.490000000000002,21.885666666666665,0.15,0.15,0.0,0.7,16.486666666666668,34.14666666666667,42.666666666666664,4.899,6.379160857593854
21,19,2,39782.5,11,1,0.24,0.55,3,59.93333333333333,28.80666666666667,22.923333333333336,25.496666666666666,35.016666666666666,27.523333333333333,30.466666666666665,19.56833333333333,5.35,5.35,0.0,7.166666666666667,9.033333333333333,22.42666666666667,32.53333333333333,3.852333333333333,19.219876655239517
47,7,7,17103.42,17,1,0.86,0.62,1,53.9,27.946666666666665,23.273333333333333,25.183333333333334,32.056666666666665,26.423333333333336,28.69,15.520999999999999,3.066666666666667,3.066666666666667,0.0,5.566666666666666,12.430000000000001,30.836666666666666,36.06666666666667,3.293,16.137679892289622
73,12,3,73702.2,29,2,0.23,0.38,3,58.166666666666664,27.976666666666667,22.543333333333333,24.973333333333336,30.52,25.103333333333335,27.55666666666667,11.023666666666665,26.796666666666667,26.796666666666667,0.0,9.733333333333333,16.936666666666664,38.629999999999995,42.4,2.8523333333333336,68.02438036413352
53,15,3,21674.26,6,1,0.49,0.83,3,23.533333333333335,28.206666666666667,21.740000000000002,25.15666666666667,31.94333333333333,24.066666666666666,27.883333333333333,18.336000000000002,1.1700000000000002,1.1700000000000002,0.0,1.3333333333333333,14.1,27.986666666666668,92.8,4.055000000000001,15.513976398854979
9,5,2,6797.97,19,0,0.63,0.21,2,5.866666666666666,29.353333333333335,22.573333333333334,25.69,33.15,24.793333333333333,28.433333333333334,21.775333333333332,0.010000000000000002,0.010000000000000002,0.0,0.1,13.416666666666666,29.13,59.266666666666666,4.743333333333334,2.8661493097695843
74,15,4,55684.25,23,1,0.32,0.64,1,14.066666666666666,28.873333333333335,21.959999999999997,25.516666666666666,32.5,24.633333333333333,28.56,19.76833333333333,0.14666666666666667,0.14666666666666667,0.0,0.8333333333333334,9.656666666666666,23.10666666666667,104.53333333333333,4.1690000000000005,12.778434929366464
52,8,8,59927.74,22,2,0.8,0.1,1,3.1,28.92,21.466666666666665,24.973333333333336,31.66,23.02,27.233333333333334,22.385333333333335,0.006666666666666667,0.006666666666666667,0.0,0.06666666666666667,14.120000000000001,31.016666666666666,38.13333333333333,4.736999999999999,8.956856165292242
57,10,1,87319.39,6,2,0.21,0.84,4,23.533333333333335,28.206666666666667,21.740000000000002,25.15666666666667,31.94333333333333,24.066666666666666,27.883333333333333,18.336000000000002,1.1700000000000002,1.1700000000000002,0.0,1.3333333333333333,14.1,27.986666666666668,92.8,4.055000000000001,19.645628357715367
26,16,1,58121.18,8,2,0.33,0.19,4,56.06666666666667,28.55666666666667,22.85666666666667,25.453333333333333,34.406666666666666,26.990000000000002,30.283333333333335,17.662333333333333,3.2766666666666664,3.2766666666666664,0.0,6.733333333333333,11.053333333333335,28.49,146.4,3.4739999999999998,16.38077483703267
41,8,5,35202.6,0,1,0.66,0.18,0,9.933333333333334,28.84,22.483333333333334,25.506666666666668,32.15,24.89333333333333,28.2,19.875,0.05,0.05,0.0,0.26666666666666666,15.586666666666666,33.75,44.266666666666666,4.4093333333333335,9.365123377857412
35,1,5,80498.18,25,1,0.77,0.37,3,4.433333333333334,30.363333333333333,22.87,26.34,34.72666666666667,26.243333333333332,29.9,22.631666666666668,0.060000000000000005,0.060000000000000005,0.0,0.4,10.770000000000001,25.31,61.43333333333333,4.747333333333333,7.97357180444962
63,12,1,54487.61,5,0,0.93,0.4,2,10.066666666666666,27.833333333333332,21.18,24.46333333333333,30.046666666666667,23.053333333333335,26.186666666666667,20.332,0.07,0.07,0.0,0.43333333333333335,16.89666666666667,32.77,63.833333333333336,4.553333333333333,5.241648570072452
25,5,6,8848.75,5,1,0.76,0.27,4,10.066666666666666,27.833333333333332,21.18,24.46333333333333,30.046666666666667,23.053333333333335,26.186666666666667,20.332,0.07,0.07,0.0,0.43333333333333335,16.89666666666667,32.77,63.833333333333336,4.553333333333333,8.45598159401142
75,3,1,57019.21,21,0,0.74,0.57,1,5.6,29.27,21.509999999999998,25.14333333333333,31.953333333333333,23.316666666666666,27.303333333333335,23.029999999999998,0.010000000000000002,0.010000000000000002,0.0,0.1,15.493333333333334,33.36,38.833333333333336,5.002666666666667,8.518288899436975
38,1,5,90893.84,28,2,0.52,0.45,0,17.566666666666666,30.466666666666665,23.623333333333335,26.623333333333335,33.553333333333335,25.996666666666666,29.15,19.854333333333333,0.5366666666666667,0.5366666666666667,0.0,1.8666666666666667,17.546666666666667,38.43666666666666,34.166666666666664,4.806333333333333,15.253878791673905
2,4,9,40234.95,11,2,0.2,0.13,2,59.93333333333333,28.80666666666667,22.923333333333336,25.496666666666666,35.016666666666666,27.523333333333333,30.466666666666665,19.56833333333333,5.35,5.35,0.0,7.166666666666667,9.033333333333333,22.42666666666667,32.53333333333333,3.852333333333333,20.218095333043774
7,8,5,30336.25,21,2,0.3,0.36,1,5.6,29.27,21.509999999999998,25.14333333333333,31.953333333333333,23.316666666666666,27.303333333333335,23.029999999999998,0.010000000000000002,0.010000000000000002,0.0,0.1,15.493333333333334,33.36,38.833333333333336,5.002666666666667,9.625492630904274
82,3,6,15203.48,11,1,0.63,0.75,1,59.93333333333333,28.80666666666667,22.923333333333336,25.496666666666666,35.016666666666666,27.523333333333333,30.466666666666665,19.56833333333333,5.35,5.35,0.0,7.166666666666667,9.033333333333333,22.42666666666667,32.53333333333333,3.852333333333333,25.650147298451643
34,10,8,15993.11,9,2,0.74,0.65,3,44.233333333333334,29.076666666666664,22.41,25.60666666666667,34.63666666666666,26.59,30.316666666666666,19.968999999999998,1.12,1.12,0.0,2.466666666666667,8.346666666666668,21.183333333333334,82.76666666666667,3.96,15.320481910471967
17,2,1,43844.38,22,0,0.53,0.68,3,3.1,28.92,21.466666666666665,24.973333333333336,31.66,23.02,27.233333333333334,22.385333333333335,0.006666666666666667,0.006666666666666667,0.0,0.06666666666666667,14.120000000000001,31.016666666666666,38.13333333333333,4.736999999999999,8.627286531191883
43,11,2,59972.3,29,1,0.78,0.66,4,58.166666666666664,27.976666666666667,22.543333333333333,24.973333333333336,30.52,25.103333333333335,27.55666666666667,11.023666666666665,26.796666666666667,26.796666666666667,0.0,9.733333333333333,16.936666666666664,38.629999999999995,42.4,2.8523333333333336,63.8819195583043
59,10,9,8980.93,25,0,0.62,0.35,4,4.433333333333334,30.363333333333333,22.87,26.34,34.72666666666667,26.243333333333332,29.9,22.631666666666668,0.060000000000000005,0.060000000000000005,0.0,0.4,10.770000000000001,25.31,61.43333333333333,4.747333333333333,4.223792480110511
51,14,3,94017.29,5,1,0.26,0.18,1,10.066666666666666,27.833333333333332,21.18,24.46333333333333,30.046666666666667,23.053333333333335,26.186666666666667,20.332,0.07,0.07,0.0,0.43333333333333335,16.89666666666667,32.77,63.833333333333336,4.553333333333333,6.293143615455222
54,7,6,75758.23,16,1,0.35,0.32,1,52.03333333333333,28.456666666666667,23.496666666666666,25.516666666666666,31.80666666666667,26.57,28.706666666666667,16.343333333333334,2.46,2.46,0.0,4.533333333333333,17.233333333333334,38.15,29.433333333333334,3.5396666666666667,12.74203582317541
24,2,5,59075.77,18,1,0.87,0.77,4,47.2,29.173333333333332,22.970000000000002,25.62,33.92666666666666,25.826666666666664,29.123333333333335,19.062333333333335,2.3333333333333335,2.3333333333333335,0.0,2.8333333333333335,13.379999999999999,31.2,43.46666666666667,4.036,18.039547798019594
25,9,2,83015.43,17,0,0.78,0.88,4,53.9,27.946666666666665,23.273333333333333,25.183333333333334,32.056666666666665,26.423333333333336,28.69,15.520999999999999,3.066666666666667,3.066666666666667,0.0,5.566666666666666,12.430000000000001,30.836666666666666,36.06666666666667,3.293,19.113900236921307
71,16,7,8938.49,5,1,0.92,0.5,1,10.066666666666666,27.833333333333332,21.18,24.46333333333333,30.046666666666667,23.053333333333335,26.186666666666667,20.332,0.07,0.07,0.0,0.43333333333333335,16.89666666666667,32.77,63.833333333333336,4.553333333333333,10.32030145227097
52,13,4,48207.05,23,0,0.29,0.11,2,14.066666666666666,28.873333333333335,21.959999999999997,25.516666666666666,32.5,24.633333333333333,28.56,19.76833333333333,0.14666666666666667,0.14666666666666667,0.0,0.8333333333333334,9.656666666666666,23.10666666666667,104.53333333333333,4.1690000000000005,1.2470983803973603
70,9,1,63379.22,18,0,0.99,0.21,1,47.2,29.173333333333332,22.970000000000002,25.62,33.92666666666666,25.826666666666664,29.123333333333335,19.062333333333335,2.3333333333333335,2.3333333333333335,0.0,2.8333333333333335,13.379999999999999,31.2,43.46666666666667,4.036,8.632797419099203
88,4,4,83036.64,9,1,0.37,0.36,2,44.233333333333334,29.076666666666664,22.41,25.60666666666667,34.63666666666666,26.59,30.316666666666666,19.968999999999998,1.12,1.12,0.0,2.466666666666667,8.346666666666668,21.183333333333334,82.76666666666667,3.96,11.84420573338696
33,10,6,78563.49,23,1,0.21,0.56,2,14.066666666666666,28.873333333333335,21.959999999999997,25.516666666666666,32.5,24.633333333333333,28.56,19.76833333333333,0.14666666666666667,0.14666666666666667,0.0,0.8333333333333334,9.656666666666666,23.10666666666667,104.53333333333333,4.1690000000000005,8.671921610627845
49,12,7,28429.86,7,2,1.0,0.16,1,51.733333333333334,27.433333333333334,22.92,24.993333333333332,31.34,25.946666666666665,28.846666666666668,12.513,5.489999999999999,5.489999999999999,0.0,6.7,13.476666666666667,25.9,78.1,2.6566666666666667,20.796100104774787
29,17,7,94147.14,20,1,0.42,0.85,0,5.566666666666666,29.123333333333335,21.916666666666668,25.313333333333333,32.1,24.029999999999998,27.490000000000002,21.885666666666665,0.15,0.15,0.0,0.7,16.486666666666668,34.14666666666667,42.666666666666664,4.899,15.051759113466348
63,14,7,13310.24,23,2,0.73,0.39,4,14.066666666666666,28.873333333333335,21.959999999999997,25.516666666666666,32.5,24.633333333333333,28.56,19.76833333333333,0.14666666666666667,0.14666666666666667,0.0,0.8333333333333334,9.656666666666666,23.10666666666667,104.53333333333333,4.1690000000000005,11.526988078293344
22,14,3,87638.23,5,1,0.34,0.83,3,10.066666666666666,27.833333333333332,21.18,24.46333333333333,30.046666666666667,23.053333333333335,26.186666666666667,20.332,0.07,0.07,0.0,0.43333333333333335,16.89666666666667,32.77,63.833333333333336,4.553333333333333,15.66356021996743
26,2,6,97123.08,20,1,0.66,0.72,1,5.566666666666666,29.123333333333335,21.916666666666668,25.313333333333333,32.1,24.029999999999998,27.490000000000002,21.885666666666665,0.15,0.15,0.0,0.7,16.486666666666668,34.14666666666667,42.666666666666664,4.899,12.21491661945121
28,11,8,18538.2,24,2,0.92,0.7,2,9.066666666666666,29.613333333333333,22.453333333333333,25.956666666666667,33.31666666666667,25.69333333333333,29.25,20.462333333333333,0.05,0.05,0.0,0.36666666666666664,11.733333333333333,27.533333333333335,38.833333333333336,4.350666666666667,15.688364680207311
85,16,4,72484.54,29,1,0.46,0.59,1,58.166666666666664,27.976666666666667,22.543333333333333,24.973333333333336,30.52,25.103333333333335,27.55666666666667,11.023666666666665,26.796666666666667,26.796666666666667,0.0,9.733333333333333,16.936666666666664,38.629999999999995,42.4,2.8523333333333336,63.913725596907526
49,19,8,4988.27,6,1,0.74,0.6,4,23.533333333333335,28.206666666666667,21.740000000000002,25.15666666666667,31.94333333333333,24.066666666666666,27.883333333333333,18.336000000000002,1.1700000000000002,1.1700000000000002,0.0,1.3333333333333333,14.1,27.986666666666668,92.8,4.055000000000001,13.0633685713722
71,6,2,41136.86,23,1,0.35,0.61,2,14.066666666666666,28.873333333333335,21.959999999999997,25.516666666666666,32.5,24.633333333333333,28.56,19.76833333333333,0.14666666666666667,0.14666666666666667,0.0,0.8333333333333334,9.656666666666666,23.10666666666667,104.53333333333333,4.1690000000000005,9.46892070299053
81,19,9,52112.05,0,1,0.7,0.6,3,9.933333333333334,28.84,22.483333333333334,25.506666666666668,32.15,24.89333333333333,28.2,19.875,0.05,0.05,0.0,0.26666666666666666,15.586666666666666,33.75,44.266666666666666,4.4093333333333335,8.639923676108557
84,5,9,58483.88,26,2,0.47,0.54,3,39.1,30.076666666666664,23.236666666666668,26.336666666666666,34.57333333333334,26.676666666666666,30.05666666666667,19.670666666666666,0.9966666666666666,0.9966666666666666,0.0,3.7666666666666666,13.75,31.466666666666665,43.3,4.147,17.86509092817079
49,4,8,93657.79,17,0,0.37,0.89,3,53.9,27.946666666666665,23.273333333333333,25.183333333333334,32.056666666666665,26.423333333333336,28.69,15.520999999999999,3.066666666666667,3.066666666666667,0.0,5.566666666666666,12.430000000000001,30.836666666666666,36.06666666666667,3.293,15.542891310855842
20,15,1,67552.82,23,1,0.45,0.69,0,14.066666666666666,28.873333333333335,21.959999999999997,25.516666666666666,32.5,24.633333333333333,28.56,19.76833333333333,0.14666666666666667,0.14666666666666667,0.0,0.8333333333333334,9.656666666666666,23.10666666666667,104.53333333333333,4.1690000000000005,10.586244809148871
86,4,2,48646.52,27,2,0.34,0.72,2,31.433333333333334,30.266666666666666,23.636666666666667,26.673333333333336,33.86,26.21333333333333,29.623333333333335,20.294,0.25666666666666665,0.25666666666666665,0.0,1.5666666666666667,17.416666666666668,36.85,46.166666666666664,4.651333333333333,12.923248162927763
63,10,6,81157.83,24,2,0.92,0.8,2,9.066666666666666,29.613333333333333,22.453333333333333,25.956666666666667,33.31666666666667,25.69333333333333,29.25,20.462333333333333,0.05,0.05,0.0,0.36666666666666664,11.733333333333333,27.533333333333335,38.833333333333336,4.350666666666667,15.74155737846575
61,3,5,95102.75,19,1,0.52,0.27,0,5.866666666666666,29.353333333333335,22.573333333333334,25.69,33.15,24.793333333333333,28.433333333333334,21.775333333333332,0.010000000000000002,0.010000000000000002,0.0,0.1,13.416666666666666,29.13,59.266666666666666,4.743333333333334,4.775365309888752
49,5,9,3184.55,11,1,0.4,0.17,2,59.93333333333333,28.80666666666667,22.923333333333336,25.496666666666666,35.016666666666666,27.523333333333333,30.466666666666665,19.56833333333333,5.35,5.35,0.0,7.166666666666667,9.033333333333333,22.42666666666667,32.53333333333333,3.852333333333333,18.703022740204553
71,6,5,98269.61,15,0,0.56,0.49,0,52.266666666666666,29.14,23.133333333333333,25.6,33.346666666666664,25.706666666666667,29.06,18.88133333333333,2.17,2.17,0.0,5.066666666666666,15.993333333333334,36.37,36.6,3.9153333333333338,11.73472563401395
1,8,2,9527.08,9,2,0.46,0.51,1,44.233333333333334,29.076666666666664,22.41,25.60666666666667,34.63666666666666,26.59,30.316666666666666,19.968999999999998,1.12,1.12,0.0,2.466666666666667,8.346666666666668,21.183333333333334,82.76666666666667,3.96,14.327774482233414
13,7,4,81624.29,26,2,0.8,0.76,4,39.1,30.076666666666664,23.236666666666668,26.336666666666666,34.57333333333334,26.676666666666666,30.05666666666667,19.670666666666666,0.9966666666666666,0.9966666666666666,0.0,3.7666666666666666,13.75,31.466666666666665,43.3,4.147,21.491987041349795
87,10,9,28753.14,9,2,0.98,0.46,3,44.233333333333334,29.076666666666664,22.41,25.60666666666667,34.63666666666666,26.59,30.316666666666666,19.968999999999998,1.12,1.12,0.0,2.466666666666667,8.346666666666668,21.183333333333334,82.76666666666667,3.96,16.232648230487392
51,6,1,14085.79,13,1,0.55,0.56,0,53.06666666666667,29.246666666666666,22.82,25.64,34.93333333333333,26.636666666666667,30.086666666666666,19.803,2.06,2.06,0.0,2.966666666666667,12.696666666666665,30.290000000000003,71.5,3.99,13.852752924737066
56,14,1,44545.71,24,2,0.89,0.52,0,9.066666666666666,29.613333333333333,22.453333333333333,25.956666666666667,33.31666666666667,25.69333333333333,29.25,20.462333333333333,0.05,0.05,0.0,0.36666666666666664,11.733333333333333,27.533333333333335,38.833333333333336,4.350666666666667,9.590891427689641
83,4,7,64751.7,19,2,0.65,0.13,0,5.866666666666666,29.353333333333335,22.573333333333334,25.69,33.15,24.793333333333333,28.433333333333334,21.775333333333332,0.010000000000000002,0.010000000000000002,0.0,0.1,13.416666666666666,29.13,59.266666666666666,4.743333333333334,12.016413858886112
62,13,3,38714.23,9,2,0.33,0.59,1,44.233333333333334,29.076666666666664,22.41,25.60666666666667,34.63666666666666,26.59,30.316666666666666,19.968999999999998,1.12,1.12,0.0,2.466666666666667,8.346666666666668,21.183333333333334,82.76666666666667,3.96,14.235641299854606
32,17,2,6401.98,9,1,0.75,0.76,0,44.233333333333334,29.076666666666664,22.41,25.60666666666667,34.63666666666666,26.59,30.316666666666666,19.968999999999998,1.12,1.12,0.0,2.466666666666667,8.346666666666668,21.183333333333334,82.76666666666667,3.96,12.391901879564664
30,7,9,60346.65,25,1,0.61,0.23,4,4.433333333333334,30.363333333333333,22.87,26.34,34.72666666666667,26.243333333333332,29.9,22.631666666666668,0.060000000000000005,0.060000000000000005,0.0,0.4,10.770000000000001,25.31,61.43333333333333,4.747333333333333,7.9138556480144615
29,4,3,90337.92,24,1,0.72,0.58,4,9.066666666666666,29.613333333333333,22.453333333333333,25.956666666666667,33.31666666666667,25.69333333333333,29.25,20.462333333333333,0.05,0.05,0.0,0.36666666666666664,11.733333333333333,27.533333333333335,38.833333333333336,4.350666666666667,14.219628609508908
49,14,2,38938.32,10,0,0.91,0.57,3,39.7,28.83,22.253333333333334,25.67,34.913333333333334,26.383333333333333,30.616666666666667,20.032666666666668,0.5633333333333332,0.5633333333333332,0.0,3.1,7.319999999999999,18.490000000000002,163.93333333333334,3.975333333333333,10.043075894432445
45,3,8,22416.94,22,1,0.55,0.23,1,3.1,28.92,21.466666666666665,24.973333333333336,31.66,23.02,27.233333333333334,22.385333333333335,0.006666666666666667,0.006666666666666667,0.0,0.06666666666666667,14.120000000000001,31.016666666666666,38.13333333333333,4.736999999999999,7.119197013411873
30,5,6,44815.16,1,1,0.92,0.2,4,28.0,28.723333333333336,23.116666666666667,25.486666666666668,32.17,25.87,28.69,17.647333333333332,0.36333333333333334,0.36333333333333334,0.0,1.9333333333333333,15.229999999999999,31.986666666666668,63.63333333333333,3.8056666666666668,7.518798179164596
16,16,6,5787.91,24,1,0.8,0.88,2,9.066666666666666,29.613333333333333,22.453333333333333,25.956666666666667,33.31666666666667,25.69333333333333,29.25,20.462333333333333,0.05,0.05,0.0,0.36666666666666664,11.733333333333333,27.533333333333335,38.833333333333336,4.350666666666667,15.440123338170462
40,4,7,82228.27,19,1,0.59,0.41,2,5.866666666666666,29.353333333333335,22.573333333333334,25.69,33.15,24.793333333333333,28.433333333333334,21.775333333333332,0.010000000000000002,0.010000000000000002,0.0,0.1,13.416666666666666,29.13,59.266666666666666,4.743333333333334,9.578392884680147
19,2,7,82807.74,7,2,0.68,0.28,2,51.733333333333334,27.433333333333334,22.92,24.993333333333332,31.34,25.946666666666665,28.846666666666668,12.513,5.489999999999999,5.489999999999999,0.0,6.7,13.476666666666667,25.9,78.1,2.6566666666666667,21.76178713595406
18,18,6,59212.05,29,2,0.46,0.24,0,58.166666666666664,27.976666666666667,22.543333333333333,24.973333333333336,30.52,25.103333333333335,27.55666666666667,11.023666666666665,26.796666666666667,26.796666666666667,0.0,9.733333333333333,16.936666666666664,38.629999999999995,42.4,2.8523333333333336,63.62963498926115
1,19,4,35957.19,22,2,0.99,0.63,0,3.1,28.92,21.466666666666665,24.973333333333336,31.66,23.02,27.233333333333334,22.385333333333335,0.006666666666666667,0.006666666666666667,0.0,0.06666666666666667,14.120000000000001,31.016666666666666,38.13333333333333,4.736999999999999,14.47944364148405
78,19,9,80178.55,28,1,0.73,0.59,2,17.566666666666666,30.466666666666665,23.623333333333335,26.623333333333335,33.553333333333335,25.996666666666666,29.15,19.854333333333333,0.5366666666666667,0.5366666666666667,0.0,1.8666666666666667,17.546666666666667,38.43666666666666,34.166666666666664,4.806333333333333,10.522386450033318
47,17,6,55914.02,6,2,0.24,0.61,3,23.533333333333335,28.206666666666667,21.740000000000002,25.15666666666667,31.94333333333333,24.066666666666666,27.883333333333333,18.336000000000002,1.1700000000000002,1.1700000000000002,0.0,1.3333333333333333,14.1,27.986666666666668,92.8,4.055000000000001,16.23898738469984
66,14,4,82767.3,7,1,0.46,0.17,3,51.733333333333334,27.433333333333334,22.92,24.993333333333332,31.34,25.946666666666665,28.846666666666668,12.513,5.489999999999999,5.489999999999999,0.0,6.7,13.476666666666667,25.9,78.1,2.6566666666666667,13.98056477870692
38,19,3,63514.42,0,1,0.7,0.81,0,9.933333333333334,28.84,22.483333333333334,25.506666666666668,32.15,24.89333333333333,28.2,19.875,0.05,0.05,0.0,0.26666666666666666,15.586666666666666,33.75,44.266666666666666,4.4093333333333335,13.172490559807876
51,13,4,78656.14,20,1,0.25,0.41,2,5.566666666666666,29.123333333333335,21.916666666666668,25.313333333333333,32.1,24.029999999999998,27.490000000000002,21.885666666666665,0.15,0.15,0.0,0.7,16.486666666666668,34.14666666666667,42.666666666666664,4.899,7.237113339273622
63,12,3,60257.74,1,1,0.22,0.35,3,28.0,28.723333333333336,23.116666666666667,25.486666666666668,32.17,25.87,28.69,17.647333333333332,0.36333333333333334,0.36333333333333334,0.0,1.9333333333333333,15.229999999999999,31.986666666666668,63.63333333333333,3.8056666666666668,6.77128269084301
4,6,2,41999.97,17,1,0.56,0.47,0,53.9,27.946666666666665,23.273333333333333,25.183333333333334,32.056666666666665,26.423333333333336,28.69,15.520999999999999,3.066666666666667,3.066666666666667,0.0,5.566666666666666,12.430000000000001,30.836666666666666,36.06666666666667,3.293,15.543174560063552
1,4,5,95836.64,14,2,0.47,0.41,2,6.0,29.163333333333334,22.779999999999998,25.636666666666667,32.87,25.456666666666667,28.433333333333334,21.76066666666667,0.05,0.05,0.0,0.23333333333333334,14.883333333333333,31.34333333333333,45.7,4.713666666666667,14.108003429516899
8,19,2,54570.27,0,2,0.55,0.79,1,9.933333333333334,28.84,22.483333333333334,25.506666666666668,32.15,24.89333333333333,28.2,19.875,0.05,0.05,0.0,0.26666666666666666,15.586666666666666,33.75,44.266666666666666,4.4093333333333335,17.95747490900347
29,16,6,60903.86,4,0,0.41,0.84,2,6.366666666666666,27.506666666666668,21.0,24.19,30.02,22.923333333333336,26.07,22.589666666666666,0.07666666666666666,0.07666666666666666,0.0,0.4666666666666667,15.903333333333332,32.46666666666667,145.63333333333333,4.755333333333334,7.877582427898568
55,13,3,22828.28,1,1,0.33,0.34,2,28.0,28.723333333333336,23.116666666666667,25.486666666666668,32.17,25.87,28.69,17.647333333333332,0.36333333333333334,0.36333333333333334,0.0,1.9333333333333333,15.229999999999999,31.986666666666668,63.63333333333333,3.8056666666666668,6.82222446181116
3,4,6,62939.43,19,1,0.75,0.79,4,5.866666666666666,29.353333333333335,22.573333333333334,25.69,33.15,24.793333333333333,28.433333333333334,21.775333333333332,0.010000000000000002,0.010000000000000002,0.0,0.1,13.416666666666666,29.13,59.266666666666666,4.743333333333334,14.411156781982324
32,17,9,57589.16,2,1,0.61,0.73,4,51.13333333333333,28.14,22.793333333333333,25.113333333333333,32.153333333333336,25.793333333333333,28.5,16.794333333333334,0.9433333333333334,0.9433333333333334,0.0,4.433333333333334,14.323333333333332,30.470000000000002,44.43333333333333,3.5106666666666664,12.672935576359201
10,1,1,19299.0,18,0,0.36,0.84,1,47.2,29.173333333333332,22.970000000000002,25.62,33.92666666666666,25.826666666666664,29.123333333333335,19.062333333333335,2.3333333333333335,2.3333333333333335,0.0,2.8333333333333335,13.379999999999999,31.2,43.46666666666667,4.036,14.40971694167113
74,18,6,6899.12,17,2,0.46,0.3,1,53.9,27.946666666666665,23.273333333333333,25.183333333333334,32.056666666666665,26.423333333333336,28.69,15.520999999999999,3.066666666666667,3.066666666666667,0.0,5.566666666666666,12.430000000000001,30.836666666666666,36.06666666666667,3.293,17.558411481870163
83,17,9,60831.57,28,2,0.67,0.56,2,17.566666666666666,30.466666666666665,23.623333333333335,26.623333333333335,33.553333333333335,25.996666666666666,29.15,19.854333333333333,0.5366666666666667,0.5366666666666667,0.0,1.8666666666666667,17.546666666666667,38.43666666666666,34.166666666666664,4.806333333333333,13.340816651037882
34,15,4,76605.53,21,1,0.26,0.32,3,5.6,29.27,21.509999999999998,25.14333333333333,31.953333333333333,23.316666666666666,27.303333333333335,23.029999999999998,0.010000000000000002,0.010000000000000002,0.0,0.1,15.493333333333334,33.36,38.833333333333336,5.002666666666667,7.518063259218939
87,11,2,52816.74,17,2,0.32,0.76,1,53.9,27.946666666666665,23.273333333333333,25.183333333333334,32.056666666666665,26.423333333333336,28.69,15.520999999999999,3.066666666666667,3.066666666666667,0.0,5.566666666666666,12.430000000000001,30.836666666666666,36.06666666666667,3.293,20.25229509095603
55,13,4,23450.49,13,1,0.26,0.1,2,53.06666666666667,29.246666666666666,22.82,25.64,34.93333333333333,26.636666666666667,30.086666666666666,19.803,2.06,2.06,0.0,2.966666666666667,12.696666666666665,30.290000000000003,71.5,3.99,7.9179485340731794
32,1,1,66985.68,29,2,0.85,0.55,0,58.166666666666664,27.976666666666667,22.543333333333333,24.973333333333336,30.52,25.103333333333335,27.55666666666667,11.023666666666665,26.796666666666667,26.796666666666667,0.0,9.733333333333333,16.936666666666664,38.629999999999995,42.4,2.8523333333333336,67.67300623454713
50,17,3,8930.47,23,0,0.8,0.37,4,14.066666666666666,28.873333333333335,21.959999999999997,25.516666666666666,32.5,24.633333333333333,28.56,19.76833333333333,0.14666666666666667,0.14666666666666667,0.0,0.8333333333333334,9.656666666666666,23.10666666666667,104.53333333333333,4.1690000000000005,2.3438427330358285
7,6,9,44741.54,7,0,0.8,0.36,3,51.733333333333334,27.433333333333334,22.92,24.993333333333332,31.34,25.946666666666665,28.846666666666668,12.513,5.489999999999999,5.489999999999999,0.0,6.7,13.476666666666667,25.9,78.1,2.6566666666666667,15.960712106940598
8,4,5,17173.31,28,2,0.77,0.62,2,17.566666666666666,30.466666666666665,23.623333333333335,26.623333333333335,33.553333333333335,25.996666666666666,29.15,19.854333333333333,0.5366666666666667,0.5366666666666667,0.0,1.8666666666666667,17.546666666666667,38.43666666666666,34.166666666666664,4.806333333333333,15.483876634943313
65,16,6,19261.45,29,1,0.74,0.78,0,58.166666666666664,27.976666666666667,22.543333333333333,24.973333333333336,30.52,25.103333333333335,27.55666666666667,11.023666666666665,26.796666666666667,26.796666666666667,0.0,9.733333333333333,16.936666666666664,38.629999999999995,42.4,2.8523333333333336,67.28206826495905
57,15,3,21027.1,11,0,0.58,0.59,4,59.93333333333333,28.80666666666667,22.923333333333336,25.496666666666666,35.016666666666666,27.523333333333333,30.466666666666665,19.56833333333333,5.35,5.35,0.0,7.166666666666667,9.033333333333333,22.42666666666667,32.53333333333333,3.852333333333333,18.115871201096994
67,15,5,39284.0,20,2,0.71,0.78,0,5.566666666666666,29.123333333333335,21.916666666666668,25.313333333333333,32.1,24.029999999999998,27.490000000000002,21.885666666666665,0.15,0.15,0.0,0.7,16.486666666666668,34.14666666666667,42.666666666666664,4.899,18.706210644960766
88,6,8,6063.87,9,1,0.23,0.31,2,44.233333333333334,29.076666666666664,22.41,25.60666666666667,34.63666666666666,26.59,30.316666666666666,19.968999999999998,1.12,1.12,0.0,2.466666666666667,8.346666666666668,21.183333333333334,82.76666666666667,3.96,9.647836753971863
87,15,6,40381.55,22,1,0.7,0.52,1,3.1,28.92,21.466666666666665,24.973333333333336,31.66,23.02,27.233333333333334,22.385333333333335,0.006666666666666667,0.006666666666666667,0.0,0.06666666666666667,14.120000000000001,31.016666666666666,38.13333333333333,4.736999999999999,9.109225021645454
59,14,4,51659.04,19,1,0.82,0.46,4,5.866666666666666,29.353333333333335,22.573333333333334,25.69,33.15,24.793333333333333,28.433333333333334,21.775333333333332,0.010000000000000002,0.010000000000000002,0.0,0.1,13.416666666666666,29.13,59.266666666666666,4.743333333333334,9.223446254548426
72,11,2,48846.13,16,1,0.6,0.11,0,52.03333333333333,28.456666666666667,23.496666666666666,25.516666666666666,31.80666666666667,26.57,28.706666666666667,16.343333333333334,2.46,2.46,0.0,4.533333333333333,17.233333333333334,38.15,29.433333333333334,3.5396666666666667,10.554947043554582
54,7,9,38895.63,10,1,0.49,0.55,1,39.7,28.83,22.253333333333334,25.67,34.913333333333334,26.383333333333333,30.616666666666667,20.032666666666668,0.5633333333333332,0.5633333333333332,0.0,3.1,7.319999999999999,18.490000000000002,163.93333333333334,3.975333333333333,11.299956772155223
67,9,1,84075.51,1,2,0.42,0.63,3,28.0,28.723333333333336,23.116666666666667,25.486666666666668,32.17,25.87,28.69,17.647333333333332,0.36333333333333334,0.36333333333333334,0.0,1.9333333333333333,15.229999999999999,31.986666666666668,63.63333333333333,3.8056666666666668,15.347554203472491
51,16,1,15387.34,25,1,0.71,0.57,2,4.433333333333334,30.363333333333333,22.87,26.34,34.72666666666667,26.243333333333332,29.9,22.631666666666668,0.060000000000000005,0.060000000000000005,0.0,0.4,10.770000000000001,25.31,61.43333333333333,4.747333333333333,9.407012468289867
8,5,4,51063.98,25,1,0.75,0.69,2,4.433333333333334,30.363333333333333,22.87,26.34,34.72666666666667,26.243333333333332,29.9,22.631666666666668,0.060000000000000005,0.060000000000000005,0.0,0.4,10.770000000000001,25.31,61.43333333333333,4.747333333333333,10.905648623673576
34,10,7,7142.1,3,2,0.9,0.56,4,16.133333333333333,27.81,21.666666666666668,24.716666666666665,30.85,23.65666666666667,27.313333333333333,16.785666666666668,0.45666666666666667,0.45666666666666667,0.0,1.2666666666666666,14.893333333333334,32.52333333333333,167.1,3.701333333333333,12.529425425633793
35,18,1,8044.41,0,0,0.47,0.15,0,9.933333333333334,28.84,22.483333333333334,25.506666666666668,32.15,24.89333333333333,28.2,19.875,0.05,0.05,0.0,0.26666666666666666,15.586666666666666,33.75,44.266666666666666,4.4093333333333335,4.524365114780409
88,3,9,57812.72,14,2,0.82,0.19,3,6.0,29.163333333333334,22.779999999999998,25.636666666666667,32.87,25.456666666666667,28.433333333333334,21.76066666666667,0.05,0.05,0.0,0.23333333333333334,14.883333333333333,31.34333333333333,45.7,4.713666666666667,7.5142051469130715
78,13,4,57035.82,12,1,0.65,0.58,4,56.333333333333336,28.956666666666667,23.14,25.56,35.406666666666666,27.62,30.503333333333334,18.640666666666668,2.9433333333333334,2.9433333333333334,0.0,7.466666666666667,8.383333333333333,23.90666666666667,115.3,3.710666666666667,15.307308869972804
32,11,3,87925.32,7,0,0.91,0.32,4,51.733333333333334,27.433333333333334,22.92,24.993333333333332,31.34,25.946666666666665,28.846666666666668,12.513,5.489999999999999,5.489999999999999,0.0,6.7,13.476666666666667,25.9,78.1,2.6566666666666667,13.742389101646202
46,17,1,56229.49,24,0,0.62,0.16,0,9.066666666666666,29.613333333333333,22.453333333333333,25.956666666666667,33.31666666666667,25.69333333333333,29.25,20.462333333333333,0.05,0.05,0.0,0.36666666666666664,11.733333333333333,27.533333333333335,38.833333333333336,4.350666666666667,3.362386565416662
16,13,4,96019.31,3,1,0.61,0.44,3,16.133333333333333,27.81,21.666666666666668,24.716666666666665,30.85,23.65666666666667,27.313333333333333,16.785666666666668,0.45666666666666667,0.45666666666666667,0.0,1.2666666666666666,14.893333333333334,32.52333333333333,167.1,3.701333333333333,9.250908815895292
68,6,9,5820.79,9,1,0.66,0.54,0,44.233333333333334,29.076666666666664,22.41,25.60666666666667,34.63666666666666,26.59,30.316666666666666,19.968999999999998,1.12,1.12,0.0,2.466666666666667,8.346666666666668,21.183333333333334,82.76666666666667,3.96,14.091613109010602
37,17,6,10702.76,18,2,0.8,0.36,2,47.2,29.173333333333332,22.970000000000002,25.62,33.92666666666666,25.826666666666664,29.123333333333335,19.062333333333335,2.3333333333333335,2.3333333333333335,0.0,2.8333333333333335,13.379999999999999,31.2,43.46666666666667,4.036,14.976430730300866
54,13,6,5362.52,17,0,0.97,0.68,1,53.9,27.946666666666665,23.273333333333333,25.183333333333334,32.056666666666665,26.423333333333336,28.69,15.520999999999999,3.066666666666667,3.066666666666667,0.0,5.566666666666666,12.430000000000001,30.836666666666666,36.06666666666667,3.293,14.711824576669036
85,19,1,19342.41,4,0,0.26,0.62,2,6.366666666666666,27.506666666666668,21.0,24.19,30.02,22.923333333333336,26.07,22.589666666666666,0.07666666666666666,0.07666666666666666,0.0,0.4666666666666667,15.903333333333332,32.46666666666667,145.63333333333333,4.755333333333334,6.340312753443697
14,19,2,54585.74,29,0,0.24,0.37,2,58.166666666666664,27.976666666666667,22.543333333333333,24.973333333333336,30.52,25.103333333333335,27.55666666666667,11.023666666666665,26.796666666666667,26.796666666666667,0.0,9.733333333333333,16.936666666666664,38.629999999999995,42.4,2.8523333333333336,61.251057024993415
55,10,6,64911.65,18,2,0.95,0.7,4,47.2,29.173333333333332,22.970000000000002,25.62,33.92666666666666,25.826666666666664,29.123333333333335,19.062333333333335,2.3333333333333335,2.3333333333333335,0.0,2.8333333333333335,13.379999999999999,31.2,43.46666666666667,4.036,18.285269038122397
48,3,2,5512.93,25,2,0.62,0.62,2,4.433333333333334,30.363333333333333,22.87,26.34,34.72666666666667,26.243333333333332,29.9,22.631666666666668,0.060000000000000005,0.060000000000000005,0.0,0.4,10.770000000000001,25.31,61.43333333333333,4.747333333333333,15.02473106534054
82,14,3,94651.12,22,1,0.69,0.61,3,3.1,28.92,21.466666666666665,24.973333333333336,31.66,23.02,27.233333333333334,22.385333333333335,0.006666666666666667,0.006666666666666667,0.0,0.06666666666666667,14.120000000000001,31.016666666666666,38.13333333333333,4.736999999999999,11.783998654731482
7,19,4,84374.37,26,1,0.59,0.54,2,39.1,30.076666666666664,23.236666666666668,26.336666666666666,34.57333333333334,26.676666666666666,30.05666666666667,19.670666666666666,0.9966666666666666,0.9966666666666666,0.0,3.7666666666666666,13.75,31.466666666666665,43.3,4.147,12.59403197951058
74,5,5,30364.64,21,1,0.27,0.11,3,5.6,29.27,21.509999999999998,25.14333333333333,31.953333333333333,23.316666666666666,27.303333333333335,23.029999999999998,0.010000000000000002,0.010000000000000002,0.0,0.1,15.493333333333334,33.36,38.833333333333336,5.002666666666667,4.562068511683437
7,5,9,8641.57,15,2,0.81,0.66,0,52.266666666666666,29.14,23.133333333333333,25.6,33.346666666666664,25.706666666666667,29.06,18.88133333333333,2.17,2.17,0.0,5.066666666666666,15.993333333333334,36.37,36.6,3.9153333333333338,19.065268950399858
33,17,4,17818.82,0,2,0.8,0.4,4,9.933333333333334,28.84,22.483333333333334,25.506666666666668,32.15,24.89333333333333,28.2,19.875,0.05,0.05,0.0,0.26666666666666666,15.586666666666666,33.75,44.266666666666666,4.4093333333333335,11.965717207968664
23,10,9,13567.5,11,2,0.45,0.85,3,59.93333333333333,28.80666666666667,22.923333333333336,25.496666666666666,35.016666666666666,27.523333333333333,30.466666666666665,19.56833333333333,5.35,5.35,0.0,7.166666666666667,9.033333333333333,22.42666666666667,32.53333333333333,3.852333333333333,27.679496997557266
85,5,3,13205.09,23,1,0.44,0.75,2,14.066666666666666,28.873333333333335,21.959999999999997,25.516666666666666,32.5,24.633333333333333,28.56,19.76833333333333,0.14666666666666667,0.14666666666666667,0.0,0.8333333333333334,9.656666666666666,23.10666666666667,104.53333333333333,4.1690000000000005,14.239152008525698
19,4,8,52337.61,1,2,0.87,0.57,4,28.0,28.723333333333336,23.116666666666667,25.486666666666668,32.17,25.87,28.69,17.647333333333332,0.36333333333333334,0.36333333333333334,0.0,1.9333333333333333,15.229999999999999,31.986666666666668,63.63333333333333,3.8056666666666668,17.882451169053695
19,6,1,25338.9,20,1,0.26,0.3,4,5.566666666666666,29.123333333333335,21.916666666666668,25.313333333333333,32.1,24.029999999999998,27.490000000000002,21.885666666666665,0.15,0.15,0.0,0.7,16.486666666666668,34.14666666666667,42.666666666666664,4.899,6.563762322488249
36,4,9,36455.83,24,1,0.9,0.26,3,9.066666666666666,29.613333333333333,22.453333333333333,25.956666666666667,33.31666666666667,25.69333333333333,29.25,20.462333333333333,0.05,0.05,0.0,0.36666666666666664,11.733333333333333,27.533333333333335,38.833333333333336,4.350666666666667,4.665295530631384
29,7,9,98961.03,7,2,0.41,0.37,3,51.733333333333334,27.433333333333334,22.92,24.993333333333332,31.34,25.946666666666665,28.846666666666668,12.513,5.489999999999999,5.489999999999999,0.0,6.7,13.476666666666667,25.9,78.1,2.6566666666666667,22.28757692747311
60,7,2,68747.11,17,2,0.67,0.48,1,53.9,27.946666666666665,23.273333333333333,25.183333333333334,32.056666666666665,26.423333333333336,28.69,15.520999999999999,3.066666666666667,3.066666666666667,0.0,5.566666666666666,12.430000000000001,30.836666666666666,36.06666666666667,3.293,22.76289733981481
82,18,4,94949.09,24,0,0.95,0.34,1,9.066666666666666,29.613333333333333,22.453333333333333,25.956666666666667,33.31666666666667,25.69333333333333,29.25,20.462333333333333,0.05,0.05,0.0,0.36666666666666664,11.733333333333333,27.533333333333335,38.833333333333336,4.350666666666667,2.9744881480454035
2,3,8,15113.1,15,1,0.74,0.51,4,52.266666666666666,29.14,23.133333333333333,25.6,33.346666666666664,25.706666666666667,29.06,18.88133333333333,2.17,2.17,0.0,5.066666666666666,15.993333333333334,36.37,36.6,3.9153333333333338,16.418675208166103
1,1,7,38831.81,4,1,0.53,0.23,1,6.366666666666666,27.506666666666668,21.0,24.19,30.02,22.923333333333336,26.07,22.589666666666666,0.07666666666666666,0.07666666666666666,0.0,0.4666666666666667,15.903333333333332,32.46666666666667,145.63333333333333,4.755333333333334,8.929884554447995
47,4,1,55918.45,25,1,0.75,0.88,2,4.433333333333334,30.363333333333333,22.87,26.34,34.72666666666667,26.243333333333332,29.9,22.631666666666668,0.060000000000000005,0.060000000000000005,0.0,0.4,10.770000000000001,25.31,61.43333333333333,4.747333333333333,13.349617637438008
69,6,5,8599.05,29,1,0.48,0.19,0,58.166666666666664,27.976666666666667,22.543333333333333,24.973333333333336,30.52,25.103333333333335,27.55666666666667,11.023666666666665,26.796666666666667,26.796666666666667,0.0,9.733333333333333,16.936666666666664,38.629999999999995,42.4,2.8523333333333336,60.22680795211125
20,9,7,1414.56,21,0,0.42,0.85,4,5.6,29.27,21.509999999999998,25.14333333333333,31.953333333333333,23.316666666666666,27.303333333333335,23.029999999999998,0.010000000000000002,0.010000000000000002,0.0,0.1,15.493333333333334,33.36,38.833333333333336,5.002666666666667,12.662594934692805
11,14,4,67373.0,12,2,1.0,0.83,0,56.333333333333336,28.956666666666667,23.14,25.56,35.406666666666666,27.62,30.503333333333334,18.640666666666668,2.9433333333333334,2.9433333333333334,0.0,7.466666666666667,8.383333333333333,23.90666666666667,115.3,3.710666666666667,22.277975055185433
2,12,1,64540.13,18,0,0.8,0.52,1,47.2,29.173333333333332,22.970000000000002,25.62,33.92666666666666,25.826666666666664,29.123333333333335,19.062333333333335,2.3333333333333335,2.3333333333333335,0.0,2.8333333333333335,13.379999999999999,31.2,43.46666666666667,4.036,10.601296126513123
67,4,9,41668.09,28,1,0.72,0.68,3,17.566666666666666,30.466666666666665,23.623333333333335,26.623333333333335,33.553333333333335,25.996666666666666,29.15,19.854333333333333,0.5366666666666667,0.5366666666666667,0.0,1.8666666666666667,17.546666666666667,38.43666666666666,34.166666666666664,4.806333333333333,11.860811962410368
87,12,5,49474.76,2,0,0.48,0.45,4,51.13333333333333,28.14,22.793333333333333,25.113333333333333,32.153333333333336,25.793333333333333,28.5,16.794333333333334,0.9433333333333334,0.9433333333333334,0.0,4.433333333333334,14.323333333333332,30.470000000000002,44.43333333333333,3.5106666666666664,5.7645315706273665
12,10,2,42128.86,25,1,0.24,0.6,1,4.433333333333334,30.363333333333333,22.87,26.34,34.72666666666667,26.243333333333332,29.9,22.631666666666668,0.060000000000000005,0.060000000000000005,0.0,0.4,10.770000000000001,25.31,61.43333333333333,4.747333333333333,9.84608368240099
20,7,8,3376.5,7,0,0.22,0.37,2,51.733333333333334,27.433333333333334,22.92,24.993333333333332,31.34,25.946666666666665,28.846666666666668,12.513,5.489999999999999,5.489999999999999,0.0,6.7,13.476666666666667,25.9,78.1,2.6566666666666667,13.584089599856613
5,3,2,34201.79,26,1,0.64,0.34,4,39.1,30.076666666666664,23.236666666666668,26.336666666666666,34.57333333333334,26.676666666666666,30.05666666666667,19.670666666666666,0.9966666666666666,0.9966666666666666,0.0,3.7666666666666666,13.75,31.466666666666665,43.3,4.147,9.624458535722173
37,14,3,18531.14,25,1,0.81,0.56,4,4.433333333333334,30.363333333333333,22.87,26.34,34.72666666666667,26.243333333333332,29.9,22.631666666666668,0.060000000000000005,0.060000000000000005,0.0,0.4,10.770000000000001,25.31,61.43333333333333,4.747333333333333,9.185040153412038
38,10,1,10743.99,25,2,0.63,0.5,3,4.433333333333334,30.363333333333333,22.87,26.34,34.72666666666667,26.243333333333332,29.9,22.631666666666668,0.060000000000000005,0.060000000000000005,0.0,0.4,10.770000000000001,25.31,61.43333333333333,4.747333333333333,13.470678867686123
9,16,2,95715.32,11,0,0.87,0.56,4,59.93333333333333,28.80666666666667,22.923333333333336,25.496666666666666,35.016666666666666,27.523333333333333,30.466666666666665,19.56833333333333,5.35,5.35,0.0,7.166666666666667,9.033333333333333,22.42666666666667,32.53333333333333,3.852333333333333,15.086156530694561
53,16,7,60336.61,1,1,0.23,0.33,3,28.0,28.723333333333336,23.116666666666667,25.486666666666668,32.17,25.87,28.69,17.647333333333332,0.36333333333333334,0.36333333333333334,0.0,1.9333333333333333,15.229999999999999,31.986666666666668,63.63333333333333,3.8056666666666668,8.682987014988353
44,10,2,73136.97,10,1,0.49,0.39,1,39.7,28.83,22.253333333333334,25.67,34.913333333333334,26.383333333333333,30.616666666666667,20.032666666666668,0.5633333333333332,0.5633333333333332,0.0,3.1,7.319999999999999,18.490000000000002,163.93333333333334,3.975333333333333,10.556960109080054
86,13,6,32221.01,11,0,0.39,0.17,2,59.93333333333333,28.80666666666667,22.923333333333336,25.496666666666666,35.016666666666666,27.523333333333333,30.466666666666665,19.56833333333333,5.35,5.35,0.0,7.166666666666667,9.033333333333333,22.42666666666667,32.53333333333333,3.852333333333333,9.749396536142815
24,6,3,39921.57,27,1,0.56,0.14,2,31.433333333333334,30.266666666666666,23.636666666666667,26.673333333333336,33.86,26.21333333333333,29.623333333333335,20.294,0.25666666666666665,0.25666666666666665,0.0,1.5666666666666667,17.416666666666668,36.85,46.166666666666664,4.651333333333333,6.254418188104691
81,12,4,24455.48,17,1,0.26,0.3,4,53.9,27.946666666666665,23.273333333333333,25.183333333333334,32.056666666666665,26.423333333333336,28.69,15.520999999999999,3.066666666666667,3.066666666666667,0.0,5.566666666666666,12.430000000000001,30.836666666666666,36.06666666666667,3.293,15.07483682204327
74,9,8,10599.6,12,1,0.96,0.16,4,56.333333333333336,28.956666666666667,23.14,25.56,35.406666666666666,27.62,30.503333333333334,18.640666666666668,2.9433333333333334,2.9433333333333334,0.0,7.466666666666667,8.383333333333333,23.90666666666667,115.3,3.710666666666667,9.492205138629858
30,13,3,18724.13,4,1,0.38,0.18,1,6.366666666666666,27.506666666666668,21.0,24.19,30.02,22.923333333333336,26.07,22.589666666666666,0.07666666666666666,0.07666666666666666,0.0,0.4666666666666667,15.903333333333332,32.46666666666667,145.63333333333333,4.755333333333334,8.322191913589888
59,4,6,79953.89,21,0,0.94,0.75,3,5.6,29.27,21.509999999999998,25.14333333333333,31.953333333333333,23.316666666666666,27.303333333333335,23.029999999999998,0.010000000000000002,0.010000000000000002,0.0,0.1,15.493333333333334,33.36,38.833333333333336,5.002666666666667,9.648528514049067
87,11,1,68077.03,11,2,0.54,0.13,2,59.93333333333333,28.80666666666667,22.923333333333336,25.496666666666666,35.016666666666666,27.523333333333333,30.466666666666665,19.56833333333333,5.35,5.35,0.0,7.166666666666667,9.033333333333333,22.42666666666667,32.53333333333333,3.852333333333333,18.202482216362384
81,18,7,55145.96,1,2,0.99,0.63,3,28.0,28.723333333333336,23.116666666666667,25.486666666666668,32.17,25.87,28.69,17.647333333333332,0.36333333333333334,0.36333333333333334,0.0,1.9333333333333333,15.229999999999999,31.986666666666668,63.63333333333333,3.8056666666666668,15.203013050180108
81,11,8,48033.9,4,0,0.64,0.32,1,6.366666666666666,27.506666666666668,21.0,24.19,30.02,22.923333333333336,26.07,22.589666666666666,0.07666666666666666,0.07666666666666666,0.0,0.4666666666666667,15.903333333333332,32.46666666666667,145.63333333333333,4.755333333333334,4.830823702115917
14,4,8,92320.99,6,1,0.94,0.8,2,23.533333333333335,28.206666666666667,21.740000000000002,25.15666666666667,31.94333333333333,24.066666666666666,27.883333333333333,18.336000000000002,1.1700000000000002,1.1700000000000002,0.0,1.3333333333333333,14.1,27.986666666666668,92.8,4.055000000000001,15.554008087118618
9,18,3,8200.76,25,1,0.2,0.49,2,4.433333333333334,30.363333333333333,22.87,26.34,34.72666666666667,26.243333333333332,29.9,22.631666666666668,0.060000000000000005,0.060000000000000005,0.0,0.4,10.770000000000001,25.31,61.43333333333333,4.747333333333333,10.308133988669553
40,1,1,28779.48,25,1,0.8,0.34,0,4.433333333333334,30.363333333333333,22.87,26.34,34.72666666666667,26.243333333333332,29.9,22.631666666666668,0.060000000000000005,0.060000000000000005,0.0,0.4,10.770000000000001,25.31,61.43333333333333,4.747333333333333,6.318989610380951
66,7,9,35643.85,23,1,0.92,0.51,1,14.066666666666666,28.873333333333335,21.959999999999997,25.516666666666666,32.5,24.633333333333333,28.56,19.76833333333333,0.14666666666666667,0.14666666666666667,0.0,0.8333333333333334,9.656666666666666,23.10666666666667,104.53333333333333,4.1690000000000005,10.167374569387452
25,6,6,78460.16,11,1,0.31,0.41,1,59.93333333333333,28.80666666666667,22.923333333333336,25.496666666666666,35.016666666666666,27.523333333333333,30.466666666666665,19.56833333333333,5.35,5.35,0.0,7.166666666666667,9.033333333333333,22.42666666666667,32.53333333333333,3.852333333333333,16.999428254642527
73,15,9,99258.95,15,0,0.28,0.55,0,52.266666666666666,29.14,23.133333333333333,25.6,33.346666666666664,25.706666666666667,29.06,18.88133333333333,2.17,2.17,0.0,5.066666666666666,15.993333333333334,36.37,36.6,3.9153333333333338,10.773160907976951
22,18,7,24826.38,22,2,0.54,0.19,3,3.1,28.92,21.466666666666665,24.973333333333336,31.66,23.02,27.233333333333334,22.385333333333335,0.006666666666666667,0.006666666666666667,0.0,0.06666666666666667,14.120000000000001,31.016666666666666,38.13333333333333,4.736999999999999,7.9374718711361485
4,11,1,87556.43,7,1,0.95,0.9,0,51.733333333333334,27.433333333333334,22.92,24.993333333333332,31.34,25.946666666666665,28.846666666666668,12.513,5.489999999999999,5.489999999999999,0.0,6.7,13.476666666666667,25.9,78.1,2.6566666666666667,24.17670508611535
26,15,1,83231.65,29,2,0.63,0.44,1,58.166666666666664,27.976666666666667,22.543333333333333,24.973333333333336,30.52,25.103333333333335,27.55666666666667,11.023666666666665,26.796666666666667,26.796666666666667,0.0,9.733333333333333,16.936666666666664,38.629999999999995,42.4,2.8523333333333336,67.727473096149
58,16,6,23241.08,27,2,0.62,0.38,3,31.433333333333334,30.266666666666666,23.636666666666667,26.673333333333336,33.86,26.21333333333333,29.623333333333335,20.294,0.25666666666666665,0.25666666666666665,0.0,1.5666666666666667,17.416666666666668,36.85,46.166666666666664,4.651333333333333,13.710298514224737
29,7,5,40533.93,8,0,0.31,0.67,2,56.06666666666667,28.55666666666667,22.85666666666667,25.453333333333333,34.406666666666666,26.990000000000002,30.283333333333335,17.662333333333333,3.2766666666666664,3.2766666666666664,0.0,6.733333333333333,11.053333333333335,28.49,146.4,3.4739999999999998,15.507040514694099
87,10,9,41557.61,14,0,0.2,0.39,0,6.0,29.163333333333334,22.779999999999998,25.636666666666667,32.87,25.456666666666667,28.433333333333334,21.76066666666667,0.05,0.05,0.0,0.23333333333333334,14.883333333333333,31.34333333333333,45.7,4.713666666666667,3.141530852991131
37,12,2,97843.85,4,2,0.85,0.77,3,6.366666666666666,27.506666666666668,21.0,24.19,30.02,22.923333333333336,26.07,22.589666666666666,0.07666666666666666,0.07666666666666666,0.0,0.4666666666666667,15.903333333333332,32.46666666666667,145.63333333333333,4.755333333333334,15.918720658791132
75,14,8,18908.3,12,2,0.27,0.46,3,56.333333333333336,28.956666666666667,23.14,25.56,35.406666666666666,27.62,30.503333333333334,18.640666666666668,2.9433333333333334,2.9433333333333334,0.0,7.466666666666667,8.383333333333333,23.90666666666667,115.3,3.710666666666667,20.22631321663544
70,5,5,80116.64,4,2,0.71,0.68,3,6.366666666666666,27.506666666666668,21.0,24.19,30.02,22.923333333333336,26.07,22.589666666666666,0.07666666666666666,0.07666666666666666,0.0,0.4666666666666667,15.903333333333332,32.46666666666667,145.63333333333333,4.755333333333334,15.52590870379319
18,18,2,34085.08,10,2,0.93,0.19,0,39.7,28.83,22.253333333333334,25.67,34.913333333333334,26.383333333333333,30.616666666666667,20.032666666666668,0.5633333333333332,0.5633333333333332,0.0,3.1,7.319999999999999,18.490000000000002,163.93333333333334,3.975333333333333,13.885660976639208
85,5,6,73356.16,9,1,0.37,0.78,2,44.233333333333334,29.076666666666664,22.41,25.60666666666667,34.63666666666666,26.59,30.316666666666666,19.968999999999998,1.12,1.12,0.0,2.466666666666667,8.346666666666668,21.183333333333334,82.76666666666667,3.96,15.689976759091557
42,3,8,42581.09,19,1,0.73,0.69,3,5.866666666666666,29.353333333333335,22.573333333333334,25.69,33.15,24.793333333333333,28.433333333333334,21.775333333333332,0.010000000000000002,0.010000000000000002,0.0,0.1,13.416666666666666,29.13,59.266666666666666,4.743333333333334,12.088073674735046
41,5,4,58257.62,12,2,0.26,0.27,0,56.333333333333336,28.956666666666667,23.14,25.56,35.406666666666666,27.62,30.503333333333334,18.640666666666668,2.9433333333333334,2.9433333333333334,0.0,7.466666666666667,8.383333333333333,23.90666666666667,115.3,3.710666666666667,15.662991970362913
38,17,2,83428.57,8,1,0.68,0.22,1,56.06666666666667,28.55666666666667,22.85666666666667,25.453333333333333,34.406666666666666,26.990000000000002,30.283333333333335,17.662333333333333,3.2766666666666664,3.2766666666666664,0.0,6.733333333333333,11.053333333333335,28.49,146.4,3.4739999999999998,12.893644690506758
34,19,5,80612.39,20,1,0.33,0.35,0,5.566666666666666,29.123333333333335,21.916666666666668,25.313333333333333,32.1,24.029999999999998,27.490000000000002,21.885666666666665,0.15,0.15,0.0,0.7,16.486666666666668,34.14666666666667,42.666666666666664,4.899,7.771295245429183
17,19,2,86775.9,13,2,0.79,0.88,0,53.06666666666667,29.246666666666666,22.82,25.64,34.93333333333333,26.636666666666667,30.086666666666666,19.803,2.06,2.06,0.0,2.966666666666667,12.696666666666665,30.290000000000003,71.5,3.99,22.742163015032887
37,12,2,6902.12,17,1,0.44,0.31,0,53.9,27.946666666666665,23.273333333333333,25.183333333333334,32.056666666666665,26.423333333333336,28.69,15.520999999999999,3.066666666666667,3.066666666666667,0.0,5.566666666666666,12.430000000000001,30.836666666666666,36.06666666666667,3.293,14.788386808525207
25,9,6,69513.0,14,2,0.57,0.46,3,6.0,29.163333333333334,22.779999999999998,25.636666666666667,32.87,25.456666666666667,28.433333333333334,21.76066666666667,0.05,0.05,0.0,0.23333333333333334,14.883333333333333,31.34333333333333,45.7,4.713666666666667,11.441015809238078
76,1,9,14858.75,9,2,0.68,0.12,0,44.233333333333334,29.076666666666664,22.41,25.60666666666667,34.63666666666666,26.59,30.316666666666666,19.968999999999998,1.12,1.12,0.0,2.466666666666667,8.346666666666668,21.183333333333334,82.76666666666667,3.96,8.683150569663333
87,18,4,42166.04,23,0,0.34,0.42,1,14.066666666666666,28.873333333333335,21.959999999999997,25.516666666666666,32.5,24.633333333333333,28.56,19.76833333333333,0.14666666666666667,0.14666666666666667,0.0,0.8333333333333334,9.656666666666666,23.10666666666667,104.53333333333333,4.1690000000000005,2.579025273678388
86,4,6,55310.25,6,1,0.79,0.56,3,23.533333333333335,28.206666666666667,21.740000000000002,25.15666666666667,31.94333333333333,24.066666666666666,27.883333333333333,18.336000000000002,1.1700000000000002,1.1700000000000002,0.0,1.3333333333333333,14.1,27.986666666666668,92.8,4.055000000000001,13.321986990368815
85,10,7,40871.21,7,1,0.44,0.86,1,51.733333333333334,27.433333333333334,22.92,24.993333333333332,31.34,25.946666666666665,28.846666666666668,12.513,5.489999999999999,5.489999999999999,0.0,6.7,13.476666666666667,25.9,78.1,2.6566666666666667,23.144950090739187
27,7,6,52441.56,27,2,0.73,0.51,4,31.433333333333334,30.266666666666666,23.636666666666667,26.673333333333336,33.86,26.21333333333333,29.623333333333335,20.294,0.25666666666666665,0.25666666666666665,0.0,1.5666666666666667,17.416666666666668,36.85,46.166666666666664,4.651333333333333,10.403997443904608
57,1,8,99656.1,2,0,0.33,0.76,0,51.13333333333333,28.14,22.793333333333333,25.113333333333333,32.153333333333336,25.793333333333333,28.5,16.794333333333334,0.9433333333333334,0.9433333333333334,0.0,4.433333333333334,14.323333333333332,30.470000000000002,44.43333333333333,3.5106666666666664,11.589534573463114
31,17,4,14386.51,14,0,0.75,0.54,3,6.0,29.163333333333334,22.779999999999998,25.636666666666667,32.87,25.456666666666667,28.433333333333334,21.76066666666667,0.05,0.05,0.0,0.23333333333333334,14.883333333333333,31.34333333333333,45.7,4.713666666666667,10.319499276149186
6,2,1,67870.15,15,1,0.3,0.13,3,52.266666666666666,29.14,23.133333333333333,25.6,33.346666666666664,25.706666666666667,29.06,18.88133333333333,2.17,2.17,0.0,5.066666666666666,15.993333333333334,36.37,36.6,3.9153333333333338,9.39089363269016
40,11,7,40204.1,3,1,0.54,0.35,0,16.133333333333333,27.81,21.666666666666668,24.716666666666665,30.85,23.65666666666667,27.313333333333333,16.785666666666668,0.45666666666666667,0.45666666666666667,0.0,1.2666666666666666,14.893333333333334,32.52333333333333,167.1,3.701333333333333,9.871069495010797
12,9,3,14167.97,20,0,0.4,0.56,2,5.566666666666666,29.123333333333335,21.916666666666668,25.313333333333333,32.1,24.029999999999998,27.490000000000002,21.885666666666665,0.15,0.15,0.0,0.7,16.486666666666668,34.14666666666667,42.666666666666664,4.899,7.142744037821348
53,7,6,16714.94,5,1,0.8,0.86,2,10.066666666666666,27.833333333333332,21.18,24.46333333333333,30.046666666666667,23.053333333333335,26.186666666666667,20.332,0.07,0.07,0.0,0.43333333333333335,16.89666666666667,32.77,63.833333333333336,4.553333333333333,13.811665520213287
71,17,2,94978.04,0,2,0.41,0.79,1,9.933333333333334,28.84,22.483333333333334,25.506666666666668,32.15,24.89333333333333,28.2,19.875,0.05,0.05,0.0,0.26666666666666666,15.586666666666666,33.75,44.266666666666666,4.4093333333333335,17.958614724481652
10,17,9,88080.55,3,1,0.91,0.28,0,16.133333333333333,27.81,21.666666666666668,24.716666666666665,30.85,23.65666666666667,27.313333333333333,16.785666666666668,0.45666666666666667,0.45666666666666667,0.0,1.2666666666666666,14.893333333333334,32.52333333333333,167.1,3.701333333333333,7.337921517050356
45,2,1,90797.15,10,1,0.91,0.28,0,39.7,28.83,22.253333333333334,25.67,34.913333333333334,26.383333333333333,30.616666666666667,20.032666666666668,0.5633333333333332,0.5633333333333332,0.0,3.1,7.319999999999999,18.490000000000002,163.93333333333334,3.975333333333333,8.387755137774521
17,6,6,99161.74,11,1,0.36,0.26,4,59.93333333333333,28.80666666666667,22.923333333333336,25.496666666666666,35.016666666666666,27.523333333333333,30.466666666666665,19.56833333333333,5.35,5.35,0.0,7.166666666666667,9.033333333333333,22.42666666666667,32.53333333333333,3.852333333333333,17.80254670929402
